recording_started_at_utc,sample_timestamp_utc,device_name,channel,channel_sample_index,value_uv
2026-08-04T19:00:29.591Z,2026-08-04T19:00:29.938Z,Muse-2E72,TP10,1,-0.488281
2026-08-04T19:00:29.591Z,2026-08-04T19:00:29.938Z,Muse-2E72,TP10,2,-0.488281
2026-08-04T19:00:29.591Z,2026-08-04T19:00:29.938Z,Muse-2E72,TP10,3,35.156250
2026-08-04T19:00:29.591Z,2026-08-04T19:00:29.938Z,Muse-2E72,TP10,4,-93.261719
2026-08-04T19:00:29.591Z,2026-08-04T19:00:29.938Z,Muse-2E72,TP10,5,387.695312
2026-08-04T19:00:29.591Z,2026-08-04T19:00:29.938Z,Muse-2E72,TP10,6,920.410156
2026-08-04T19:00:29.591Z,2026-08-04T19:00:29.938Z,Muse-2E72,TP10,7,-121.582031
2026-08-04T19:00:29.591Z,2026-08-04T19:00:29.938Z,Muse-2E72,TP10,8,-1000.000000
2026-08-04T19:00:29.591Z,2026-08-04T19:00:29.938Z,Muse-2E72,TP10,9,-303.710938
2026-08-04T19:00:29.591Z,2026-08-04T19:00:29.938Z,Muse-2E72,TP10,10,999.511719
2026-08-04T19:00:29.591Z,2026-08-04T19:00:29.938Z,Muse-2E72,TP10,11,297.851562
2026-08-04T19:00:29.591Z,2026-08-04T19:00:29.938Z,Muse-2E72,TP10,12,-962.890625
2026-08-04T19:00:29.591Z,2026-08-04T19:00:29.939Z,Muse-2E72,AF8,1,-0.488281
2026-08-04T19:00:29.591Z,2026-08-04T19:00:29.939Z,Muse-2E72,AF8,2,-3.906250
2026-08-04T19:00:29.591Z,2026-08-04T19:00:29.939Z,Muse-2E72,AF8,3,32.714844
2026-08-04T19:00:29.591Z,2026-08-04T19:00:29.939Z,Muse-2E72,AF8,4,-107.910156
2026-08-04T19:00:29.591Z,2026-08-04T19:00:29.939Z,Muse-2E72,AF8,5,377.929688
2026-08-04T19:00:29.591Z,2026-08-04T19:00:29.939Z,Muse-2E72,AF8,6,439.453125
2026-08-04T19:00:29.591Z,2026-08-04T19:00:29.939Z,Muse-2E72,AF8,7,-455.566406
2026-08-04T19:00:29.591Z,2026-08-04T19:00:29.939Z,Muse-2E72,AF8,8,-424.804688
2026-08-04T19:00:29.591Z,2026-08-04T19:00:29.939Z,Muse-2E72,AF8,9,369.628906
2026-08-04T19:00:29.591Z,2026-08-04T19:00:29.939Z,Muse-2E72,AF8,10,636.718750
2026-08-04T19:00:29.591Z,2026-08-04T19:00:29.939Z,Muse-2E72,AF8,11,-247.070312
2026-08-04T19:00:29.591Z,2026-08-04T19:00:29.939Z,Muse-2E72,AF8,12,-395.019531
2026-08-04T19:00:29.591Z,2026-08-04T19:00:29.939Z,Muse-2E72,TP9,1,0.000000
2026-08-04T19:00:29.591Z,2026-08-04T19:00:29.939Z,Muse-2E72,TP9,2,-2.929688
2026-08-04T19:00:29.591Z,2026-08-04T19:00:29.939Z,Muse-2E72,TP9,3,-12.207031
2026-08-04T19:00:29.591Z,2026-08-04T19:00:29.939Z,Muse-2E72,TP9,4,85.937500
2026-08-04T19:00:29.591Z,2026-08-04T19:00:29.939Z,Muse-2E72,TP9,5,-416.992188
2026-08-04T19:00:29.591Z,2026-08-04T19:00:29.939Z,Muse-2E72,TP9,6,147.949219
2026-08-04T19:00:29.591Z,2026-08-04T19:00:29.939Z,Muse-2E72,TP9,7,517.089844
2026-08-04T19:00:29.591Z,2026-08-04T19:00:29.939Z,Muse-2E72,TP9,8,-695.312500
2026-08-04T19:00:29.591Z,2026-08-04T19:00:29.939Z,Muse-2E72,TP9,9,-791.503906
2026-08-04T19:00:29.591Z,2026-08-04T19:00:29.939Z,Muse-2E72,TP9,10,385.253906
2026-08-04T19:00:29.591Z,2026-08-04T19:00:29.939Z,Muse-2E72,TP9,11,720.703125
2026-08-04T19:00:29.591Z,2026-08-04T19:00:29.939Z,Muse-2E72,TP9,12,-273.925781
2026-08-04T19:00:29.591Z,2026-08-04T19:00:29.939Z,Muse-2E72,AF7,1,-0.488281
2026-08-04T19:00:29.591Z,2026-08-04T19:00:29.939Z,Muse-2E72,AF7,2,-0.488281
2026-08-04T19:00:29.591Z,2026-08-04T19:00:29.939Z,Muse-2E72,AF7,3,40.039062
2026-08-04T19:00:29.591Z,2026-08-04T19:00:29.939Z,Muse-2E72,AF7,4,-139.160156
2026-08-04T19:00:29.591Z,2026-08-04T19:00:29.939Z,Muse-2E72,AF7,5,513.671875
2026-08-04T19:00:29.591Z,2026-08-04T19:00:29.939Z,Muse-2E72,AF7,6,430.664062
2026-08-04T19:00:29.591Z,2026-08-04T19:00:29.939Z,Muse-2E72,AF7,7,-916.503906
2026-08-04T19:00:29.591Z,2026-08-04T19:00:29.939Z,Muse-2E72,AF7,8,-1000.000000
2026-08-04T19:00:29.591Z,2026-08-04T19:00:29.939Z,Muse-2E72,AF7,9,-110.351562
2026-08-04T19:00:29.591Z,2026-08-04T19:00:29.939Z,Muse-2E72,AF7,10,890.625000
2026-08-04T19:00:29.591Z,2026-08-04T19:00:29.939Z,Muse-2E72,AF7,11,-437.500000
2026-08-04T19:00:29.591Z,2026-08-04T19:00:29.939Z,Muse-2E72,AF7,12,-1000.000000
2026-08-04T19:00:29.591Z,2026-08-04T19:00:29.939Z,Muse-2E72,TP10,13,-543.945312
2026-08-04T19:00:29.591Z,2026-08-04T19:00:29.939Z,Muse-2E72,TP10,14,781.738281
2026-08-04T19:00:29.591Z,2026-08-04T19:00:29.939Z,Muse-2E72,TP10,15,552.246094
2026-08-04T19:00:29.591Z,2026-08-04T19:00:29.939Z,Muse-2E72,TP10,16,-787.597656
2026-08-04T19:00:29.591Z,2026-08-04T19:00:29.939Z,Muse-2E72,TP10,17,-938.476562
2026-08-04T19:00:29.591Z,2026-08-04T19:00:29.939Z,Muse-2E72,TP10,18,271.972656
2026-08-04T19:00:29.591Z,2026-08-04T19:00:29.939Z,Muse-2E72,TP10,19,813.964844
2026-08-04T19:00:29.591Z,2026-08-04T19:00:29.939Z,Muse-2E72,TP10,20,-195.312500
2026-08-04T19:00:29.591Z,2026-08-04T19:00:29.939Z,Muse-2E72,TP10,21,-797.851562
2026-08-04T19:00:29.591Z,2026-08-04T19:00:29.939Z,Muse-2E72,TP10,22,-142.089844
2026-08-04T19:00:29.591Z,2026-08-04T19:00:29.939Z,Muse-2E72,TP10,23,999.511719
2026-08-04T19:00:29.591Z,2026-08-04T19:00:29.939Z,Muse-2E72,TP10,24,-7.812500
2026-08-04T19:00:29.591Z,2026-08-04T19:00:29.939Z,Muse-2E72,AF8,13,297.363281
2026-08-04T19:00:29.591Z,2026-08-04T19:00:29.939Z,Muse-2E72,AF8,14,730.468750
2026-08-04T19:00:29.591Z,2026-08-04T19:00:29.939Z,Muse-2E72,AF8,15,31.738281
2026-08-04T19:00:29.591Z,2026-08-04T19:00:29.939Z,Muse-2E72,AF8,16,-672.851562
2026-08-04T19:00:29.591Z,2026-08-04T19:00:29.939Z,Muse-2E72,AF8,17,-252.929688
2026-08-04T19:00:29.591Z,2026-08-04T19:00:29.939Z,Muse-2E72,AF8,18,610.839844
2026-08-04T19:00:29.591Z,2026-08-04T19:00:29.939Z,Muse-2E72,AF8,19,164.062500
2026-08-04T19:00:29.591Z,2026-08-04T19:00:29.939Z,Muse-2E72,AF8,20,-666.992188
2026-08-04T19:00:29.591Z,2026-08-04T19:00:29.939Z,Muse-2E72,AF8,21,-557.617188
2026-08-04T19:00:29.591Z,2026-08-04T19:00:29.939Z,Muse-2E72,AF8,22,385.253906
2026-08-04T19:00:29.591Z,2026-08-04T19:00:29.939Z,Muse-2E72,AF8,23,370.605469
2026-08-04T19:00:29.591Z,2026-08-04T19:00:29.939Z,Muse-2E72,AF8,24,-628.417969
2026-08-04T19:00:29.591Z,2026-08-04T19:00:29.939Z,Muse-2E72,TP9,13,-820.312500
2026-08-04T19:00:29.591Z,2026-08-04T19:00:29.939Z,Muse-2E72,TP9,14,-36.132812
2026-08-04T19:00:29.591Z,2026-08-04T19:00:29.939Z,Muse-2E72,TP9,15,946.777344
2026-08-04T19:00:29.591Z,2026-08-04T19:00:29.939Z,Muse-2E72,TP9,16,-127.929688
2026-08-04T19:00:29.591Z,2026-08-04T19:00:29.939Z,Muse-2E72,TP9,17,-1000.000000
2026-08-04T19:00:29.591Z,2026-08-04T19:00:29.939Z,Muse-2E72,TP9,18,-149.414062
2026-08-04T19:00:29.591Z,2026-08-04T19:00:29.939Z,Muse-2E72,TP9,19,863.769531
2026-08-04T19:00:29.591Z,2026-08-04T19:00:29.939Z,Muse-2E72,TP9,20,534.179688
2026-08-04T19:00:29.591Z,2026-08-04T19:00:29.939Z,Muse-2E72,TP9,21,-296.386719
2026-08-04T19:00:29.591Z,2026-08-04T19:00:29.939Z,Muse-2E72,TP9,22,-625.000000
2026-08-04T19:00:29.591Z,2026-08-04T19:00:29.939Z,Muse-2E72,TP9,23,724.609375
2026-08-04T19:00:29.591Z,2026-08-04T19:00:29.939Z,Muse-2E72,TP9,24,545.410156
2026-08-04T19:00:29.591Z,2026-08-04T19:00:29.939Z,Muse-2E72,AF7,13,-274.902344
2026-08-04T19:00:29.591Z,2026-08-04T19:00:29.939Z,Muse-2E72,AF7,14,999.511719
2026-08-04T19:00:29.591Z,2026-08-04T19:00:29.939Z,Muse-2E72,AF7,15,162.597656
2026-08-04T19:00:29.591Z,2026-08-04T19:00:29.939Z,Muse-2E72,AF7,16,-1000.000000
2026-08-04T19:00:29.591Z,2026-08-04T19:00:29.939Z,Muse-2E72,AF7,17,-881.347656
2026-08-04T19:00:29.591Z,2026-08-04T19:00:29.939Z,Muse-2E72,AF7,18,645.996094
2026-08-04T19:00:29.591Z,2026-08-04T19:00:29.939Z,Muse-2E72,AF7,19,293.457031
2026-08-04T19:00:29.591Z,2026-08-04T19:00:29.939Z,Muse-2E72,AF7,20,-1000.000000
2026-08-04T19:00:29.591Z,2026-08-04T19:00:29.939Z,Muse-2E72,AF7,21,-1000.000000
2026-08-04T19:00:29.591Z,2026-08-04T19:00:29.939Z,Muse-2E72,AF7,22,175.292969
2026-08-04T19:00:29.591Z,2026-08-04T19:00:29.939Z,Muse-2E72,AF7,23,697.753906
2026-08-04T19:00:29.591Z,2026-08-04T19:00:29.939Z,Muse-2E72,AF7,24,-802.246094
2026-08-04T19:00:29.591Z,2026-08-04T19:00:29.939Z,Muse-2E72,TP10,25,-1000.000000
2026-08-04T19:00:29.591Z,2026-08-04T19:00:29.939Z,Muse-2E72,TP10,26,-386.718750
2026-08-04T19:00:29.591Z,2026-08-04T19:00:29.939Z,Muse-2E72,TP10,27,999.511719
2026-08-04T19:00:29.591Z,2026-08-04T19:00:29.939Z,Muse-2E72,TP10,28,286.621094
2026-08-04T19:00:29.591Z,2026-08-04T19:00:29.939Z,Muse-2E72,TP10,29,-937.988281
2026-08-04T19:00:29.591Z,2026-08-04T19:00:29.939Z,Muse-2E72,TP10,30,-622.070312
2026-08-04T19:00:29.591Z,2026-08-04T19:00:29.939Z,Muse-2E72,TP10,31,602.050781
2026-08-04T19:00:29.591Z,2026-08-04T19:00:29.939Z,Muse-2E72,TP10,32,736.816406
2026-08-04T19:00:29.591Z,2026-08-04T19:00:29.939Z,Muse-2E72,TP10,33,-554.687500
2026-08-04T19:00:29.591Z,2026-08-04T19:00:29.939Z,Muse-2E72,TP10,34,-1000.000000
2026-08-04T19:00:29.591Z,2026-08-04T19:00:29.939Z,Muse-2E72,TP10,35,-83.007812
2026-08-04T19:00:29.591Z,2026-08-04T19:00:29.939Z,Muse-2E72,TP10,36,670.898438
2026-08-04T19:00:29.591Z,2026-08-04T19:00:29.939Z,Muse-2E72,AF8,25,-680.175781
2026-08-04T19:00:29.591Z,2026-08-04T19:00:29.939Z,Muse-2E72,AF8,26,136.230469
2026-08-04T19:00:29.591Z,2026-08-04T19:00:29.939Z,Muse-2E72,AF8,27,528.808594
2026-08-04T19:00:29.591Z,2026-08-04T19:00:29.939Z,Muse-2E72,AF8,28,-375.976562
2026-08-04T19:00:29.591Z,2026-08-04T19:00:29.939Z,Muse-2E72,AF8,29,-746.582031
2026-08-04T19:00:29.591Z,2026-08-04T19:00:29.939Z,Muse-2E72,AF8,30,-127.441406
2026-08-04T19:00:29.591Z,2026-08-04T19:00:29.939Z,Muse-2E72,AF8,31,651.855469
2026-08-04T19:00:29.591Z,2026-08-04T19:00:29.939Z,Muse-2E72,AF8,32,-21.972656
2026-08-04T19:00:29.591Z,2026-08-04T19:00:29.939Z,Muse-2E72,AF8,33,-743.652344
2026-08-04T19:00:29.591Z,2026-08-04T19:00:29.939Z,Muse-2E72,AF8,34,-433.105469
2026-08-04T19:00:29.591Z,2026-08-04T19:00:29.939Z,Muse-2E72,AF8,35,644.042969
2026-08-04T19:00:29.591Z,2026-08-04T19:00:29.939Z,Muse-2E72,AF8,36,385.253906
2026-08-04T19:00:29.591Z,2026-08-04T19:00:29.939Z,Muse-2E72,TP9,25,-682.128906
2026-08-04T19:00:29.591Z,2026-08-04T19:00:29.939Z,Muse-2E72,TP9,26,-863.769531
2026-08-04T19:00:29.591Z,2026-08-04T19:00:29.939Z,Muse-2E72,TP9,27,193.847656
2026-08-04T19:00:29.591Z,2026-08-04T19:00:29.939Z,Muse-2E72,TP9,28,712.890625
2026-08-04T19:00:29.591Z,2026-08-04T19:00:29.939Z,Muse-2E72,TP9,29,-287.597656
2026-08-04T19:00:29.591Z,2026-08-04T19:00:29.939Z,Muse-2E72,TP9,30,-901.367188
2026-08-04T19:00:29.591Z,2026-08-04T19:00:29.939Z,Muse-2E72,TP9,31,-70.312500
2026-08-04T19:00:29.591Z,2026-08-04T19:00:29.939Z,Muse-2E72,TP9,32,903.320312
2026-08-04T19:00:29.591Z,2026-08-04T19:00:29.939Z,Muse-2E72,TP9,33,-155.273438
2026-08-04T19:00:29.591Z,2026-08-04T19:00:29.939Z,Muse-2E72,TP9,34,-995.117188
2026-08-04T19:00:29.591Z,2026-08-04T19:00:29.939Z,Muse-2E72,TP9,35,-336.425781
2026-08-04T19:00:29.591Z,2026-08-04T19:00:29.939Z,Muse-2E72,TP9,36,804.199219
2026-08-04T19:00:29.591Z,2026-08-04T19:00:29.939Z,Muse-2E72,AF7,25,-1000.000000
2026-08-04T19:00:29.591Z,2026-08-04T19:00:29.939Z,Muse-2E72,AF7,26,-114.257812
2026-08-04T19:00:29.591Z,2026-08-04T19:00:29.939Z,Muse-2E72,AF7,27,882.812500
2026-08-04T19:00:29.591Z,2026-08-04T19:00:29.939Z,Muse-2E72,AF7,28,-424.316406
2026-08-04T19:00:29.591Z,2026-08-04T19:00:29.939Z,Muse-2E72,AF7,29,-1000.000000
2026-08-04T19:00:29.591Z,2026-08-04T19:00:29.939Z,Muse-2E72,AF7,30,-476.074219
2026-08-04T19:00:29.591Z,2026-08-04T19:00:29.939Z,Muse-2E72,AF7,31,999.511719
2026-08-04T19:00:29.591Z,2026-08-04T19:00:29.939Z,Muse-2E72,AF7,32,218.261719
2026-08-04T19:00:29.591Z,2026-08-04T19:00:29.939Z,Muse-2E72,AF7,33,-1000.000000
2026-08-04T19:00:29.591Z,2026-08-04T19:00:29.939Z,Muse-2E72,AF7,34,-919.433594
2026-08-04T19:00:29.591Z,2026-08-04T19:00:29.939Z,Muse-2E72,AF7,35,605.468750
2026-08-04T19:00:29.591Z,2026-08-04T19:00:29.939Z,Muse-2E72,AF7,36,326.171875
2026-08-04T19:00:29.591Z,2026-08-04T19:00:29.939Z,Muse-2E72,TP10,37,-319.824219
2026-08-04T19:00:29.591Z,2026-08-04T19:00:29.939Z,Muse-2E72,TP10,38,-1000.000000
2026-08-04T19:00:29.591Z,2026-08-04T19:00:29.939Z,Muse-2E72,TP10,39,-118.652344
2026-08-04T19:00:29.591Z,2026-08-04T19:00:29.939Z,Muse-2E72,TP10,40,999.511719
2026-08-04T19:00:29.591Z,2026-08-04T19:00:29.939Z,Muse-2E72,TP10,41,171.386719
2026-08-04T19:00:29.591Z,2026-08-04T19:00:29.939Z,Muse-2E72,TP10,42,-937.011719
2026-08-04T19:00:29.591Z,2026-08-04T19:00:29.939Z,Muse-2E72,TP10,43,-283.691406
2026-08-04T19:00:29.591Z,2026-08-04T19:00:29.939Z,Muse-2E72,TP10,44,990.722656
2026-08-04T19:00:29.591Z,2026-08-04T19:00:29.939Z,Muse-2E72,TP10,45,358.398438
2026-08-04T19:00:29.591Z,2026-08-04T19:00:29.939Z,Muse-2E72,TP10,46,-912.109375
2026-08-04T19:00:29.591Z,2026-08-04T19:00:29.939Z,Muse-2E72,TP10,47,-763.183594
2026-08-04T19:00:29.591Z,2026-08-04T19:00:29.939Z,Muse-2E72,TP10,48,474.609375
2026-08-04T19:00:29.591Z,2026-08-04T19:00:29.939Z,Muse-2E72,AF8,37,-707.519531
2026-08-04T19:00:29.591Z,2026-08-04T19:00:29.939Z,Muse-2E72,AF8,38,-628.417969
2026-08-04T19:00:29.591Z,2026-08-04T19:00:29.939Z,Muse-2E72,AF8,39,285.156250
2026-08-04T19:00:29.591Z,2026-08-04T19:00:29.939Z,Muse-2E72,AF8,40,386.230469
2026-08-04T19:00:29.591Z,2026-08-04T19:00:29.939Z,Muse-2E72,AF8,41,-603.515625
2026-08-04T19:00:29.591Z,2026-08-04T19:00:29.939Z,Muse-2E72,AF8,42,-743.652344
2026-08-04T19:00:29.591Z,2026-08-04T19:00:29.939Z,Muse-2E72,AF8,43,135.253906
2026-08-04T19:00:29.591Z,2026-08-04T19:00:29.939Z,Muse-2E72,AF8,44,663.574219
2026-08-04T19:00:29.591Z,2026-08-04T19:00:29.939Z,Muse-2E72,AF8,45,-226.074219
2026-08-04T19:00:29.591Z,2026-08-04T19:00:29.939Z,Muse-2E72,AF8,46,-712.402344
2026-08-04T19:00:29.591Z,2026-08-04T19:00:29.939Z,Muse-2E72,AF8,47,-143.066406
2026-08-04T19:00:29.591Z,2026-08-04T19:00:29.939Z,Muse-2E72,AF8,48,672.363281
2026-08-04T19:00:29.591Z,2026-08-04T19:00:29.939Z,Muse-2E72,TP9,37,267.089844
2026-08-04T19:00:29.591Z,2026-08-04T19:00:29.939Z,Muse-2E72,TP9,38,-809.082031
2026-08-04T19:00:29.591Z,2026-08-04T19:00:29.939Z,Muse-2E72,TP9,39,-574.707031
2026-08-04T19:00:29.591Z,2026-08-04T19:00:29.939Z,Muse-2E72,TP9,40,646.484375
2026-08-04T19:00:29.591Z,2026-08-04T19:00:29.939Z,Muse-2E72,TP9,41,713.867188
2026-08-04T19:00:29.591Z,2026-08-04T19:00:29.939Z,Muse-2E72,TP9,42,-432.617188
2026-08-04T19:00:29.591Z,2026-08-04T19:00:29.939Z,Muse-2E72,TP9,43,-410.644531
2026-08-04T19:00:29.591Z,2026-08-04T19:00:29.939Z,Muse-2E72,TP9,44,809.082031
2026-08-04T19:00:29.591Z,2026-08-04T19:00:29.939Z,Muse-2E72,TP9,45,786.132812
2026-08-04T19:00:29.591Z,2026-08-04T19:00:29.939Z,Muse-2E72,TP9,46,-312.011719
2026-08-04T19:00:29.591Z,2026-08-04T19:00:29.939Z,Muse-2E72,TP9,47,-968.261719
2026-08-04T19:00:29.591Z,2026-08-04T19:00:29.939Z,Muse-2E72,TP9,48,-126.953125
2026-08-04T19:00:29.591Z,2026-08-04T19:00:29.939Z,Muse-2E72,AF7,37,-1000.000000
2026-08-04T19:00:29.591Z,2026-08-04T19:00:29.939Z,Muse-2E72,AF7,38,-1000.000000
2026-08-04T19:00:29.591Z,2026-08-04T19:00:29.939Z,Muse-2E72,AF7,39,79.589844
2026-08-04T19:00:29.591Z,2026-08-04T19:00:29.939Z,Muse-2E72,AF7,40,752.929688
2026-08-04T19:00:29.591Z,2026-08-04T19:00:29.939Z,Muse-2E72,AF7,41,-709.960938
2026-08-04T19:00:29.591Z,2026-08-04T19:00:29.939Z,Muse-2E72,AF7,42,-1000.000000
2026-08-04T19:00:29.591Z,2026-08-04T19:00:29.939Z,Muse-2E72,AF7,43,-231.933594
2026-08-04T19:00:29.591Z,2026-08-04T19:00:29.939Z,Muse-2E72,AF7,44,999.511719
2026-08-04T19:00:29.591Z,2026-08-04T19:00:29.939Z,Muse-2E72,AF7,45,-57.128906
2026-08-04T19:00:29.591Z,2026-08-04T19:00:29.939Z,Muse-2E72,AF7,46,-1000.000000
2026-08-04T19:00:29.591Z,2026-08-04T19:00:29.939Z,Muse-2E72,AF7,47,-536.132812
2026-08-04T19:00:29.591Z,2026-08-04T19:00:29.939Z,Muse-2E72,AF7,48,990.234375
2026-08-04T19:00:29.591Z,2026-08-04T19:00:29.939Z,Muse-2E72,TP10,49,765.136719
2026-08-04T19:00:29.591Z,2026-08-04T19:00:29.939Z,Muse-2E72,TP10,50,-417.480469
2026-08-04T19:00:29.591Z,2026-08-04T19:00:29.939Z,Muse-2E72,TP10,51,-950.683594
2026-08-04T19:00:29.591Z,2026-08-04T19:00:29.939Z,Muse-2E72,TP10,52,-24.902344
2026-08-04T19:00:29.591Z,2026-08-04T19:00:29.939Z,Muse-2E72,TP10,53,974.121094
2026-08-04T19:00:29.591Z,2026-08-04T19:00:29.939Z,Muse-2E72,TP10,54,-120.605469
2026-08-04T19:00:29.591Z,2026-08-04T19:00:29.939Z,Muse-2E72,TP10,55,-859.863281
2026-08-04T19:00:29.591Z,2026-08-04T19:00:29.939Z,Muse-2E72,TP10,56,23.925781
2026-08-04T19:00:29.591Z,2026-08-04T19:00:29.939Z,Muse-2E72,TP10,57,999.511719
2026-08-04T19:00:29.591Z,2026-08-04T19:00:29.939Z,Muse-2E72,TP10,58,200.683594
2026-08-04T19:00:29.591Z,2026-08-04T19:00:29.939Z,Muse-2E72,TP10,59,-948.730469
2026-08-04T19:00:29.591Z,2026-08-04T19:00:29.939Z,Muse-2E72,TP10,60,-346.679688
2026-08-04T19:00:29.591Z,2026-08-04T19:00:29.939Z,Muse-2E72,AF8,49,71.777344
2026-08-04T19:00:29.591Z,2026-08-04T19:00:29.939Z,Muse-2E72,AF8,50,-727.050781
2026-08-04T19:00:29.591Z,2026-08-04T19:00:29.939Z,Muse-2E72,AF8,51,-472.656250
2026-08-04T19:00:29.591Z,2026-08-04T19:00:29.939Z,Muse-2E72,AF8,52,504.882812
2026-08-04T19:00:29.591Z,2026-08-04T19:00:29.939Z,Muse-2E72,AF8,53,279.785156
2026-08-04T19:00:29.591Z,2026-08-04T19:00:29.939Z,Muse-2E72,AF8,54,-713.378906
2026-08-04T19:00:29.591Z,2026-08-04T19:00:29.939Z,Muse-2E72,AF8,55,-608.398438
2026-08-04T19:00:29.591Z,2026-08-04T19:00:29.939Z,Muse-2E72,AF8,56,304.199219
2026-08-04T19:00:29.591Z,2026-08-04T19:00:29.939Z,Muse-2E72,AF8,57,442.382812
2026-08-04T19:00:29.591Z,2026-08-04T19:00:29.939Z,Muse-2E72,AF8,58,-542.480469
2026-08-04T19:00:29.591Z,2026-08-04T19:00:29.939Z,Muse-2E72,AF8,59,-697.753906
2026-08-04T19:00:29.591Z,2026-08-04T19:00:29.939Z,Muse-2E72,AF8,60,47.363281
2026-08-04T19:00:29.591Z,2026-08-04T19:00:29.939Z,Muse-2E72,TP9,49,889.160156
2026-08-04T19:00:29.591Z,2026-08-04T19:00:29.939Z,Muse-2E72,TP9,50,157.714844
2026-08-04T19:00:29.591Z,2026-08-04T19:00:29.939Z,Muse-2E72,TP9,51,-738.769531
2026-08-04T19:00:29.591Z,2026-08-04T19:00:29.939Z,Muse-2E72,TP9,52,-485.839844
2026-08-04T19:00:29.591Z,2026-08-04T19:00:29.939Z,Muse-2E72,TP9,53,905.273438
2026-08-04T19:00:29.591Z,2026-08-04T19:00:29.939Z,Muse-2E72,TP9,54,489.746094
2026-08-04T19:00:29.591Z,2026-08-04T19:00:29.939Z,Muse-2E72,TP9,55,-655.761719
2026-08-04T19:00:29.591Z,2026-08-04T19:00:29.939Z,Muse-2E72,TP9,56,-433.105469
2026-08-04T19:00:29.591Z,2026-08-04T19:00:29.939Z,Muse-2E72,TP9,57,636.230469
2026-08-04T19:00:29.591Z,2026-08-04T19:00:29.939Z,Muse-2E72,TP9,58,594.238281
2026-08-04T19:00:29.591Z,2026-08-04T19:00:29.939Z,Muse-2E72,TP9,59,-235.839844
2026-08-04T19:00:29.591Z,2026-08-04T19:00:29.939Z,Muse-2E72,TP9,60,-695.800781
2026-08-04T19:00:29.591Z,2026-08-04T19:00:29.939Z,Muse-2E72,AF7,49,223.632812
2026-08-04T19:00:29.591Z,2026-08-04T19:00:29.939Z,Muse-2E72,AF7,50,-1000.000000
2026-08-04T19:00:29.591Z,2026-08-04T19:00:29.939Z,Muse-2E72,AF7,51,-963.867188
2026-08-04T19:00:29.591Z,2026-08-04T19:00:29.939Z,Muse-2E72,AF7,52,547.851562
2026-08-04T19:00:29.591Z,2026-08-04T19:00:29.939Z,Muse-2E72,AF7,53,496.582031
2026-08-04T19:00:29.591Z,2026-08-04T19:00:29.939Z,Muse-2E72,AF7,54,-1000.000000
2026-08-04T19:00:29.591Z,2026-08-04T19:00:29.939Z,Muse-2E72,AF7,55,-1000.000000
2026-08-04T19:00:29.591Z,2026-08-04T19:00:29.939Z,Muse-2E72,AF7,56,103.515625
2026-08-04T19:00:29.591Z,2026-08-04T19:00:29.939Z,Muse-2E72,AF7,57,772.949219
2026-08-04T19:00:29.591Z,2026-08-04T19:00:29.939Z,Muse-2E72,AF7,58,-593.261719
2026-08-04T19:00:29.591Z,2026-08-04T19:00:29.939Z,Muse-2E72,AF7,59,-1000.000000
2026-08-04T19:00:29.591Z,2026-08-04T19:00:29.939Z,Muse-2E72,AF7,60,-182.617188
2026-08-04T19:00:29.591Z,2026-08-04T19:00:29.939Z,Muse-2E72,TP10,61,966.308594
2026-08-04T19:00:29.591Z,2026-08-04T19:00:29.939Z,Muse-2E72,TP10,62,367.187500
2026-08-04T19:00:29.591Z,2026-08-04T19:00:29.939Z,Muse-2E72,TP10,63,-953.613281
2026-08-04T19:00:29.591Z,2026-08-04T19:00:29.939Z,Muse-2E72,TP10,64,-691.406250
2026-08-04T19:00:29.591Z,2026-08-04T19:00:29.939Z,Muse-2E72,TP10,65,576.171875
2026-08-04T19:00:29.591Z,2026-08-04T19:00:29.939Z,Muse-2E72,TP10,66,623.046875
2026-08-04T19:00:29.591Z,2026-08-04T19:00:29.939Z,Muse-2E72,TP10,67,-458.007812
2026-08-04T19:00:29.591Z,2026-08-04T19:00:29.939Z,Muse-2E72,TP10,68,-881.347656
2026-08-04T19:00:29.591Z,2026-08-04T19:00:29.939Z,Muse-2E72,TP10,69,-37.597656
2026-08-04T19:00:29.591Z,2026-08-04T19:00:29.939Z,Muse-2E72,TP10,70,961.914062
2026-08-04T19:00:29.591Z,2026-08-04T19:00:29.939Z,Muse-2E72,TP10,71,-207.031250
2026-08-04T19:00:29.591Z,2026-08-04T19:00:29.939Z,Muse-2E72,TP10,72,-1000.000000
2026-08-04T19:00:29.591Z,2026-08-04T19:00:29.939Z,Muse-2E72,AF8,61,652.832031
2026-08-04T19:00:29.591Z,2026-08-04T19:00:29.939Z,Muse-2E72,AF8,62,-174.804688
2026-08-04T19:00:29.591Z,2026-08-04T19:00:29.939Z,Muse-2E72,AF8,63,-766.601562
2026-08-04T19:00:29.591Z,2026-08-04T19:00:29.939Z,Muse-2E72,AF8,64,-202.148438
2026-08-04T19:00:29.591Z,2026-08-04T19:00:29.939Z,Muse-2E72,AF8,65,676.269531
2026-08-04T19:00:29.591Z,2026-08-04T19:00:29.939Z,Muse-2E72,AF8,66,170.898438
2026-08-04T19:00:29.591Z,2026-08-04T19:00:29.939Z,Muse-2E72,AF8,67,-720.703125
2026-08-04T19:00:29.591Z,2026-08-04T19:00:29.939Z,Muse-2E72,AF8,68,-515.625000
2026-08-04T19:00:29.591Z,2026-08-04T19:00:29.939Z,Muse-2E72,AF8,69,520.019531
2026-08-04T19:00:29.591Z,2026-08-04T19:00:29.939Z,Muse-2E72,AF8,70,307.617188
2026-08-04T19:00:29.591Z,2026-08-04T19:00:29.939Z,Muse-2E72,AF8,71,-706.054688
2026-08-04T19:00:29.591Z,2026-08-04T19:00:29.939Z,Muse-2E72,AF8,72,-659.179688
2026-08-04T19:00:29.591Z,2026-08-04T19:00:29.939Z,Muse-2E72,TP9,61,46.875000
2026-08-04T19:00:29.591Z,2026-08-04T19:00:29.939Z,Muse-2E72,TP9,62,883.789062
2026-08-04T19:00:29.591Z,2026-08-04T19:00:29.939Z,Muse-2E72,TP9,63,-259.277344
2026-08-04T19:00:29.591Z,2026-08-04T19:00:29.939Z,Muse-2E72,TP9,64,-885.742188
2026-08-04T19:00:29.591Z,2026-08-04T19:00:29.939Z,Muse-2E72,TP9,65,20.996094
2026-08-04T19:00:29.591Z,2026-08-04T19:00:29.939Z,Muse-2E72,TP9,66,793.457031
2026-08-04T19:00:29.591Z,2026-08-04T19:00:29.939Z,Muse-2E72,TP9,67,224.121094
2026-08-04T19:00:29.591Z,2026-08-04T19:00:29.939Z,Muse-2E72,TP9,68,-686.035156
2026-08-04T19:00:29.591Z,2026-08-04T19:00:29.939Z,Muse-2E72,TP9,69,-458.496094
2026-08-04T19:00:29.591Z,2026-08-04T19:00:29.939Z,Muse-2E72,TP9,70,963.867188
2026-08-04T19:00:29.591Z,2026-08-04T19:00:29.939Z,Muse-2E72,TP9,71,428.710938
2026-08-04T19:00:29.591Z,2026-08-04T19:00:29.939Z,Muse-2E72,TP9,72,-836.425781
2026-08-04T19:00:29.591Z,2026-08-04T19:00:29.939Z,Muse-2E72,AF7,61,999.511719
2026-08-04T19:00:29.591Z,2026-08-04T19:00:29.939Z,Muse-2E72,AF7,62,42.480469
2026-08-04T19:00:29.591Z,2026-08-04T19:00:29.939Z,Muse-2E72,AF7,63,-1000.000000
2026-08-04T19:00:29.591Z,2026-08-04T19:00:29.939Z,Muse-2E72,AF7,64,-599.121094
2026-08-04T19:00:29.591Z,2026-08-04T19:00:29.939Z,Muse-2E72,AF7,65,979.003906
2026-08-04T19:00:29.591Z,2026-08-04T19:00:29.939Z,Muse-2E72,AF7,66,278.320312
2026-08-04T19:00:29.591Z,2026-08-04T19:00:29.939Z,Muse-2E72,AF7,67,-1000.000000
2026-08-04T19:00:29.591Z,2026-08-04T19:00:29.939Z,Muse-2E72,AF7,68,-1000.000000
2026-08-04T19:00:29.591Z,2026-08-04T19:00:29.939Z,Muse-2E72,AF7,69,471.679688
2026-08-04T19:00:29.591Z,2026-08-04T19:00:29.939Z,Muse-2E72,AF7,70,573.730469
2026-08-04T19:00:29.591Z,2026-08-04T19:00:29.939Z,Muse-2E72,AF7,71,-934.082031
2026-08-04T19:00:29.591Z,2026-08-04T19:00:29.939Z,Muse-2E72,AF7,72,-1000.000000
2026-08-04T19:00:29.591Z,2026-08-04T19:00:29.946Z,Muse-2E72,TP10,73,-239.257812
2026-08-04T19:00:29.591Z,2026-08-04T19:00:29.946Z,Muse-2E72,TP10,74,900.878906
2026-08-04T19:00:29.591Z,2026-08-04T19:00:29.946Z,Muse-2E72,TP10,75,254.882812
2026-08-04T19:00:29.591Z,2026-08-04T19:00:29.946Z,Muse-2E72,TP10,76,-1000.000000
2026-08-04T19:00:29.591Z,2026-08-04T19:00:29.946Z,Muse-2E72,TP10,77,-512.207031
2026-08-04T19:00:29.591Z,2026-08-04T19:00:29.946Z,Muse-2E72,TP10,78,960.449219
2026-08-04T19:00:29.591Z,2026-08-04T19:00:29.946Z,Muse-2E72,TP10,79,457.519531
2026-08-04T19:00:29.591Z,2026-08-04T19:00:29.946Z,Muse-2E72,TP10,80,-706.054688
2026-08-04T19:00:29.591Z,2026-08-04T19:00:29.946Z,Muse-2E72,TP10,81,-689.941406
2026-08-04T19:00:29.591Z,2026-08-04T19:00:29.946Z,Muse-2E72,TP10,82,-185.546875
2026-08-04T19:00:29.591Z,2026-08-04T19:00:29.946Z,Muse-2E72,TP10,83,767.578125
2026-08-04T19:00:29.591Z,2026-08-04T19:00:29.946Z,Muse-2E72,TP10,84,-124.023438
2026-08-04T19:00:29.591Z,2026-08-04T19:00:29.946Z,Muse-2E72,AF8,73,250.976562
2026-08-04T19:00:29.591Z,2026-08-04T19:00:29.946Z,Muse-2E72,AF8,74,560.546875
2026-08-04T19:00:29.591Z,2026-08-04T19:00:29.946Z,Muse-2E72,AF8,75,-498.535156
2026-08-04T19:00:29.591Z,2026-08-04T19:00:29.946Z,Muse-2E72,AF8,76,-738.281250
2026-08-04T19:00:29.591Z,2026-08-04T19:00:29.946Z,Muse-2E72,AF8,77,30.273438
2026-08-04T19:00:29.591Z,2026-08-04T19:00:29.946Z,Muse-2E72,AF8,78,739.257812
2026-08-04T19:00:29.591Z,2026-08-04T19:00:29.946Z,Muse-2E72,AF8,79,-21.972656
2026-08-04T19:00:29.591Z,2026-08-04T19:00:29.946Z,Muse-2E72,AF8,80,-792.480469
2026-08-04T19:00:29.591Z,2026-08-04T19:00:29.946Z,Muse-2E72,AF8,81,-361.816406
2026-08-04T19:00:29.591Z,2026-08-04T19:00:29.946Z,Muse-2E72,AF8,82,824.707031
2026-08-04T19:00:29.591Z,2026-08-04T19:00:29.946Z,Muse-2E72,AF8,83,205.566406
2026-08-04T19:00:29.591Z,2026-08-04T19:00:29.946Z,Muse-2E72,AF8,84,-858.398438
2026-08-04T19:00:29.591Z,2026-08-04T19:00:29.946Z,Muse-2E72,TP9,73,-523.925781
2026-08-04T19:00:29.591Z,2026-08-04T19:00:29.946Z,Muse-2E72,TP9,74,604.980469
2026-08-04T19:00:29.591Z,2026-08-04T19:00:29.946Z,Muse-2E72,TP9,75,612.304688
2026-08-04T19:00:29.591Z,2026-08-04T19:00:29.946Z,Muse-2E72,TP9,76,-515.136719
2026-08-04T19:00:29.591Z,2026-08-04T19:00:29.946Z,Muse-2E72,TP9,77,-923.828125
2026-08-04T19:00:29.591Z,2026-08-04T19:00:29.946Z,Muse-2E72,TP9,78,71.777344
2026-08-04T19:00:29.591Z,2026-08-04T19:00:29.946Z,Muse-2E72,TP9,79,808.593750
2026-08-04T19:00:29.591Z,2026-08-04T19:00:29.946Z,Muse-2E72,TP9,80,-4.882812
2026-08-04T19:00:29.591Z,2026-08-04T19:00:29.946Z,Muse-2E72,TP9,81,-692.871094
2026-08-04T19:00:29.591Z,2026-08-04T19:00:29.946Z,Muse-2E72,TP9,82,-615.722656
2026-08-04T19:00:29.591Z,2026-08-04T19:00:29.946Z,Muse-2E72,TP9,83,799.316406
2026-08-04T19:00:29.591Z,2026-08-04T19:00:29.946Z,Muse-2E72,TP9,84,539.550781
2026-08-04T19:00:29.591Z,2026-08-04T19:00:29.948Z,Muse-2E72,AF7,73,-56.152344
2026-08-04T19:00:29.591Z,2026-08-04T19:00:29.948Z,Muse-2E72,AF7,74,750.976562
2026-08-04T19:00:29.591Z,2026-08-04T19:00:29.948Z,Muse-2E72,AF7,75,-627.929688
2026-08-04T19:00:29.591Z,2026-08-04T19:00:29.948Z,Muse-2E72,AF7,76,-1000.000000
2026-08-04T19:00:29.591Z,2026-08-04T19:00:29.948Z,Muse-2E72,AF7,77,-287.109375
2026-08-04T19:00:29.591Z,2026-08-04T19:00:29.948Z,Muse-2E72,AF7,78,999.511719
2026-08-04T19:00:29.591Z,2026-08-04T19:00:29.948Z,Muse-2E72,AF7,79,173.339844
2026-08-04T19:00:29.591Z,2026-08-04T19:00:29.948Z,Muse-2E72,AF7,80,-1000.000000
2026-08-04T19:00:29.591Z,2026-08-04T19:00:29.948Z,Muse-2E72,AF7,81,-839.843750
2026-08-04T19:00:29.591Z,2026-08-04T19:00:29.948Z,Muse-2E72,AF7,82,711.914062
2026-08-04T19:00:29.591Z,2026-08-04T19:00:29.948Z,Muse-2E72,AF7,83,321.289062
2026-08-04T19:00:29.591Z,2026-08-04T19:00:29.948Z,Muse-2E72,AF7,84,-1000.000000
2026-08-04T19:00:29.591Z,2026-08-04T19:00:29.990Z,Muse-2E72,TP10,85,-717.285156
2026-08-04T19:00:29.591Z,2026-08-04T19:00:29.990Z,Muse-2E72,TP10,86,566.406250
2026-08-04T19:00:29.591Z,2026-08-04T19:00:29.990Z,Muse-2E72,TP10,87,999.511719
2026-08-04T19:00:29.591Z,2026-08-04T19:00:29.990Z,Muse-2E72,TP10,88,-18.066406
2026-08-04T19:00:29.591Z,2026-08-04T19:00:29.990Z,Muse-2E72,TP10,89,-792.480469
2026-08-04T19:00:29.591Z,2026-08-04T19:00:29.990Z,Muse-2E72,TP10,90,-57.128906
2026-08-04T19:00:29.591Z,2026-08-04T19:00:29.990Z,Muse-2E72,TP10,91,956.054688
2026-08-04T19:00:29.591Z,2026-08-04T19:00:29.990Z,Muse-2E72,TP10,92,331.542969
2026-08-04T19:00:29.591Z,2026-08-04T19:00:29.990Z,Muse-2E72,TP10,93,-821.289062
2026-08-04T19:00:29.591Z,2026-08-04T19:00:29.990Z,Muse-2E72,TP10,94,-532.714844
2026-08-04T19:00:29.591Z,2026-08-04T19:00:29.990Z,Muse-2E72,TP10,95,637.207031
2026-08-04T19:00:29.591Z,2026-08-04T19:00:29.990Z,Muse-2E72,TP10,96,769.531250
2026-08-04T19:00:29.591Z,2026-08-04T19:00:29.992Z,Muse-2E72,AF8,85,-451.660156
2026-08-04T19:00:29.591Z,2026-08-04T19:00:29.992Z,Muse-2E72,AF8,86,465.332031
2026-08-04T19:00:29.591Z,2026-08-04T19:00:29.992Z,Muse-2E72,AF8,87,315.917969
2026-08-04T19:00:29.591Z,2026-08-04T19:00:29.992Z,Muse-2E72,AF8,88,-742.675781
2026-08-04T19:00:29.591Z,2026-08-04T19:00:29.992Z,Muse-2E72,AF8,89,-611.816406
2026-08-04T19:00:29.591Z,2026-08-04T19:00:29.992Z,Muse-2E72,AF8,90,322.753906
2026-08-04T19:00:29.591Z,2026-08-04T19:00:29.992Z,Muse-2E72,AF8,91,579.589844
2026-08-04T19:00:29.591Z,2026-08-04T19:00:29.992Z,Muse-2E72,AF8,92,-354.980469
2026-08-04T19:00:29.591Z,2026-08-04T19:00:29.992Z,Muse-2E72,AF8,93,-774.414062
2026-08-04T19:00:29.591Z,2026-08-04T19:00:29.992Z,Muse-2E72,AF8,94,-171.875000
2026-08-04T19:00:29.591Z,2026-08-04T19:00:29.992Z,Muse-2E72,AF8,95,632.812500
2026-08-04T19:00:29.591Z,2026-08-04T19:00:29.992Z,Muse-2E72,AF8,96,29.785156
2026-08-04T19:00:29.591Z,2026-08-04T19:00:29.992Z,Muse-2E72,TP9,85,-456.542969
2026-08-04T19:00:29.591Z,2026-08-04T19:00:29.992Z,Muse-2E72,TP9,86,75.683594
2026-08-04T19:00:29.591Z,2026-08-04T19:00:29.992Z,Muse-2E72,TP9,87,877.929688
2026-08-04T19:00:29.591Z,2026-08-04T19:00:29.992Z,Muse-2E72,TP9,88,551.269531
2026-08-04T19:00:29.591Z,2026-08-04T19:00:29.992Z,Muse-2E72,TP9,89,-400.390625
2026-08-04T19:00:29.591Z,2026-08-04T19:00:29.992Z,Muse-2E72,TP9,90,-428.710938
2026-08-04T19:00:29.591Z,2026-08-04T19:00:29.992Z,Muse-2E72,TP9,91,458.496094
2026-08-04T19:00:29.591Z,2026-08-04T19:00:29.992Z,Muse-2E72,TP9,92,799.316406
2026-08-04T19:00:29.591Z,2026-08-04T19:00:29.992Z,Muse-2E72,TP9,93,-15.136719
2026-08-04T19:00:29.591Z,2026-08-04T19:00:29.992Z,Muse-2E72,TP9,94,-676.269531
2026-08-04T19:00:29.591Z,2026-08-04T19:00:29.992Z,Muse-2E72,TP9,95,-7.324219
2026-08-04T19:00:29.591Z,2026-08-04T19:00:29.992Z,Muse-2E72,TP9,96,865.234375
2026-08-04T19:00:29.591Z,2026-08-04T19:00:29.992Z,Muse-2E72,AF7,85,-1000.000000
2026-08-04T19:00:29.591Z,2026-08-04T19:00:29.992Z,Muse-2E72,AF7,86,193.359375
2026-08-04T19:00:29.591Z,2026-08-04T19:00:29.992Z,Muse-2E72,AF7,87,667.480469
2026-08-04T19:00:29.591Z,2026-08-04T19:00:29.992Z,Muse-2E72,AF7,88,-854.492188
2026-08-04T19:00:29.591Z,2026-08-04T19:00:29.992Z,Muse-2E72,AF7,89,-1000.000000
2026-08-04T19:00:29.591Z,2026-08-04T19:00:29.992Z,Muse-2E72,AF7,90,128.906250
2026-08-04T19:00:29.591Z,2026-08-04T19:00:29.992Z,Muse-2E72,AF7,91,947.753906
2026-08-04T19:00:29.591Z,2026-08-04T19:00:29.992Z,Muse-2E72,AF7,92,-241.210938
2026-08-04T19:00:29.591Z,2026-08-04T19:00:29.992Z,Muse-2E72,AF7,93,-1000.000000
2026-08-04T19:00:29.591Z,2026-08-04T19:00:29.992Z,Muse-2E72,AF7,94,-462.402344
2026-08-04T19:00:29.591Z,2026-08-04T19:00:29.992Z,Muse-2E72,AF7,95,999.511719
2026-08-04T19:00:29.591Z,2026-08-04T19:00:29.992Z,Muse-2E72,AF7,96,209.472656
2026-08-04T19:00:29.591Z,2026-08-04T19:00:30.034Z,Muse-2E72,TP10,97,-461.425781
2026-08-04T19:00:29.591Z,2026-08-04T19:00:30.034Z,Muse-2E72,TP10,98,-1000.000000
2026-08-04T19:00:29.591Z,2026-08-04T19:00:30.034Z,Muse-2E72,TP10,99,28.320312
2026-08-04T19:00:29.591Z,2026-08-04T19:00:30.034Z,Muse-2E72,TP10,100,925.781250
2026-08-04T19:00:29.591Z,2026-08-04T19:00:30.034Z,Muse-2E72,TP10,101,-63.476562
2026-08-04T19:00:29.591Z,2026-08-04T19:00:30.034Z,Muse-2E72,TP10,102,-781.738281
2026-08-04T19:00:29.591Z,2026-08-04T19:00:30.034Z,Muse-2E72,TP10,103,-72.265625
2026-08-04T19:00:29.591Z,2026-08-04T19:00:30.034Z,Muse-2E72,TP10,104,836.425781
2026-08-04T19:00:29.591Z,2026-08-04T19:00:30.034Z,Muse-2E72,TP10,105,537.597656
2026-08-04T19:00:29.591Z,2026-08-04T19:00:30.034Z,Muse-2E72,TP10,106,-238.769531
2026-08-04T19:00:29.591Z,2026-08-04T19:00:30.034Z,Muse-2E72,TP10,107,-192.871094
2026-08-04T19:00:29.591Z,2026-08-04T19:00:30.034Z,Muse-2E72,TP10,108,583.496094
2026-08-04T19:00:29.591Z,2026-08-04T19:00:30.037Z,Muse-2E72,AF8,97,-729.003906
2026-08-04T19:00:29.591Z,2026-08-04T19:00:30.037Z,Muse-2E72,AF8,98,-497.558594
2026-08-04T19:00:29.591Z,2026-08-04T19:00:30.037Z,Muse-2E72,AF8,99,358.398438
2026-08-04T19:00:29.591Z,2026-08-04T19:00:30.037Z,Muse-2E72,AF8,100,279.785156
2026-08-04T19:00:29.591Z,2026-08-04T19:00:30.037Z,Muse-2E72,AF8,101,-413.574219
2026-08-04T19:00:29.591Z,2026-08-04T19:00:30.037Z,Muse-2E72,AF8,102,-579.101562
2026-08-04T19:00:29.591Z,2026-08-04T19:00:30.037Z,Muse-2E72,AF8,103,-117.187500
2026-08-04T19:00:29.591Z,2026-08-04T19:00:30.037Z,Muse-2E72,AF8,104,324.218750
2026-08-04T19:00:29.591Z,2026-08-04T19:00:30.037Z,Muse-2E72,AF8,105,129.882812
2026-08-04T19:00:29.591Z,2026-08-04T19:00:30.037Z,Muse-2E72,AF8,106,-279.296875
2026-08-04T19:00:29.591Z,2026-08-04T19:00:30.037Z,Muse-2E72,AF8,107,-291.015625
2026-08-04T19:00:29.591Z,2026-08-04T19:00:30.037Z,Muse-2E72,AF8,108,405.761719
2026-08-04T19:00:29.591Z,2026-08-04T19:00:30.037Z,Muse-2E72,TP9,97,14.160156
2026-08-04T19:00:29.591Z,2026-08-04T19:00:30.037Z,Muse-2E72,TP9,98,-900.878906
2026-08-04T19:00:29.591Z,2026-08-04T19:00:30.037Z,Muse-2E72,TP9,99,-342.285156
2026-08-04T19:00:29.591Z,2026-08-04T19:00:30.037Z,Muse-2E72,TP9,100,799.804688
2026-08-04T19:00:29.591Z,2026-08-04T19:00:30.037Z,Muse-2E72,TP9,101,441.894531
2026-08-04T19:00:29.591Z,2026-08-04T19:00:30.037Z,Muse-2E72,TP9,102,-252.929688
2026-08-04T19:00:29.591Z,2026-08-04T19:00:30.037Z,Muse-2E72,TP9,103,-165.039062
2026-08-04T19:00:29.591Z,2026-08-04T19:00:30.037Z,Muse-2E72,TP9,104,528.808594
2026-08-04T19:00:29.591Z,2026-08-04T19:00:30.037Z,Muse-2E72,TP9,105,530.761719
2026-08-04T19:00:29.591Z,2026-08-04T19:00:30.037Z,Muse-2E72,TP9,106,-85.937500
2026-08-04T19:00:29.591Z,2026-08-04T19:00:30.037Z,Muse-2E72,TP9,107,-312.011719
2026-08-04T19:00:29.591Z,2026-08-04T19:00:30.037Z,Muse-2E72,TP9,108,287.109375
2026-08-04T19:00:29.591Z,2026-08-04T19:00:30.037Z,Muse-2E72,AF7,97,-1000.000000
2026-08-04T19:00:29.591Z,2026-08-04T19:00:30.037Z,Muse-2E72,AF7,98,-963.378906
2026-08-04T19:00:29.591Z,2026-08-04T19:00:30.037Z,Muse-2E72,AF7,99,442.382812
2026-08-04T19:00:29.591Z,2026-08-04T19:00:30.037Z,Muse-2E72,AF7,100,585.937500
2026-08-04T19:00:29.591Z,2026-08-04T19:00:30.037Z,Muse-2E72,AF7,101,-749.023438
2026-08-04T19:00:29.591Z,2026-08-04T19:00:30.037Z,Muse-2E72,AF7,102,-1000.000000
2026-08-04T19:00:29.591Z,2026-08-04T19:00:30.037Z,Muse-2E72,AF7,103,-317.871094
2026-08-04T19:00:29.591Z,2026-08-04T19:00:30.037Z,Muse-2E72,AF7,104,666.503906
2026-08-04T19:00:29.591Z,2026-08-04T19:00:30.037Z,Muse-2E72,AF7,105,-157.226562
2026-08-04T19:00:29.591Z,2026-08-04T19:00:30.037Z,Muse-2E72,AF7,106,-1000.000000
2026-08-04T19:00:29.591Z,2026-08-04T19:00:30.037Z,Muse-2E72,AF7,107,-437.011719
2026-08-04T19:00:29.591Z,2026-08-04T19:00:30.037Z,Muse-2E72,AF7,108,454.101562
2026-08-04T19:00:29.591Z,2026-08-04T19:00:30.080Z,Muse-2E72,TP10,109,513.183594
2026-08-04T19:00:29.591Z,2026-08-04T19:00:30.080Z,Muse-2E72,TP10,110,-67.871094
2026-08-04T19:00:29.591Z,2026-08-04T19:00:30.080Z,Muse-2E72,TP10,111,-34.179688
2026-08-04T19:00:29.591Z,2026-08-04T19:00:30.080Z,Muse-2E72,TP10,112,572.753906
2026-08-04T19:00:29.591Z,2026-08-04T19:00:30.080Z,Muse-2E72,TP10,113,525.878906
2026-08-04T19:00:29.591Z,2026-08-04T19:00:30.080Z,Muse-2E72,TP10,114,-218.750000
2026-08-04T19:00:29.591Z,2026-08-04T19:00:30.080Z,Muse-2E72,TP10,115,-349.121094
2026-08-04T19:00:29.591Z,2026-08-04T19:00:30.080Z,Muse-2E72,TP10,116,273.925781
2026-08-04T19:00:29.591Z,2026-08-04T19:00:30.080Z,Muse-2E72,TP10,117,625.000000
2026-08-04T19:00:29.591Z,2026-08-04T19:00:30.080Z,Muse-2E72,TP10,118,-94.238281
2026-08-04T19:00:29.591Z,2026-08-04T19:00:30.080Z,Muse-2E72,TP10,119,-423.828125
2026-08-04T19:00:29.591Z,2026-08-04T19:00:30.080Z,Muse-2E72,TP10,120,392.089844
2026-08-04T19:00:29.591Z,2026-08-04T19:00:30.082Z,Muse-2E72,AF8,109,102.539062
2026-08-04T19:00:29.591Z,2026-08-04T19:00:30.082Z,Muse-2E72,AF8,110,-511.718750
2026-08-04T19:00:29.591Z,2026-08-04T19:00:30.082Z,Muse-2E72,AF8,111,-315.429688
2026-08-04T19:00:29.591Z,2026-08-04T19:00:30.082Z,Muse-2E72,AF8,112,-113.769531
2026-08-04T19:00:29.591Z,2026-08-04T19:00:30.082Z,Muse-2E72,AF8,113,-275.390625
2026-08-04T19:00:29.591Z,2026-08-04T19:00:30.082Z,Muse-2E72,AF8,114,-477.050781
2026-08-04T19:00:29.591Z,2026-08-04T19:00:30.082Z,Muse-2E72,AF8,115,-533.691406
2026-08-04T19:00:29.591Z,2026-08-04T19:00:30.082Z,Muse-2E72,AF8,116,162.109375
2026-08-04T19:00:29.591Z,2026-08-04T19:00:30.082Z,Muse-2E72,AF8,117,205.566406
2026-08-04T19:00:29.591Z,2026-08-04T19:00:30.082Z,Muse-2E72,AF8,118,-522.460938
2026-08-04T19:00:29.591Z,2026-08-04T19:00:30.082Z,Muse-2E72,AF8,119,-433.593750
2026-08-04T19:00:29.591Z,2026-08-04T19:00:30.082Z,Muse-2E72,AF8,120,-37.109375
2026-08-04T19:00:29.591Z,2026-08-04T19:00:30.082Z,Muse-2E72,TP9,109,526.855469
2026-08-04T19:00:29.591Z,2026-08-04T19:00:30.082Z,Muse-2E72,TP9,110,33.203125
2026-08-04T19:00:29.591Z,2026-08-04T19:00:30.082Z,Muse-2E72,TP9,111,1.464844
2026-08-04T19:00:29.591Z,2026-08-04T19:00:30.082Z,Muse-2E72,TP9,112,396.972656
2026-08-04T19:00:29.591Z,2026-08-04T19:00:30.082Z,Muse-2E72,TP9,113,474.609375
2026-08-04T19:00:29.591Z,2026-08-04T19:00:30.082Z,Muse-2E72,TP9,114,-81.054688
2026-08-04T19:00:29.591Z,2026-08-04T19:00:30.082Z,Muse-2E72,TP9,115,-274.902344
2026-08-04T19:00:29.591Z,2026-08-04T19:00:30.082Z,Muse-2E72,TP9,116,259.277344
2026-08-04T19:00:29.591Z,2026-08-04T19:00:30.082Z,Muse-2E72,TP9,117,593.750000
2026-08-04T19:00:29.591Z,2026-08-04T19:00:30.082Z,Muse-2E72,TP9,118,-42.968750
2026-08-04T19:00:29.591Z,2026-08-04T19:00:30.082Z,Muse-2E72,TP9,119,-272.460938
2026-08-04T19:00:29.591Z,2026-08-04T19:00:30.082Z,Muse-2E72,TP9,120,309.570312
2026-08-04T19:00:29.591Z,2026-08-04T19:00:30.082Z,Muse-2E72,AF7,109,-320.800781
2026-08-04T19:00:29.591Z,2026-08-04T19:00:30.082Z,Muse-2E72,AF7,110,-1000.000000
2026-08-04T19:00:29.591Z,2026-08-04T19:00:30.082Z,Muse-2E72,AF7,111,-721.191406
2026-08-04T19:00:29.591Z,2026-08-04T19:00:30.082Z,Muse-2E72,AF7,112,79.589844
2026-08-04T19:00:29.591Z,2026-08-04T19:00:30.082Z,Muse-2E72,AF7,113,-183.105469
2026-08-04T19:00:29.591Z,2026-08-04T19:00:30.082Z,Muse-2E72,AF7,114,-1000.000000
2026-08-04T19:00:29.591Z,2026-08-04T19:00:30.082Z,Muse-2E72,AF7,115,-955.566406
2026-08-04T19:00:29.591Z,2026-08-04T19:00:30.082Z,Muse-2E72,AF7,116,6.835938
2026-08-04T19:00:29.591Z,2026-08-04T19:00:30.082Z,Muse-2E72,AF7,117,104.492188
2026-08-04T19:00:29.591Z,2026-08-04T19:00:30.082Z,Muse-2E72,AF7,118,-880.371094
2026-08-04T19:00:29.591Z,2026-08-04T19:00:30.082Z,Muse-2E72,AF7,119,-958.496094
2026-08-04T19:00:29.591Z,2026-08-04T19:00:30.082Z,Muse-2E72,AF7,120,13.183594
2026-08-04T19:00:29.591Z,2026-08-04T19:00:30.125Z,Muse-2E72,TP10,121,817.382812
2026-08-04T19:00:29.591Z,2026-08-04T19:00:30.125Z,Muse-2E72,TP10,122,209.472656
2026-08-04T19:00:29.591Z,2026-08-04T19:00:30.125Z,Muse-2E72,TP10,123,-233.886719
2026-08-04T19:00:29.591Z,2026-08-04T19:00:30.125Z,Muse-2E72,TP10,124,201.171875
2026-08-04T19:00:29.591Z,2026-08-04T19:00:30.125Z,Muse-2E72,TP10,125,695.800781
2026-08-04T19:00:29.591Z,2026-08-04T19:00:30.125Z,Muse-2E72,TP10,126,452.148438
2026-08-04T19:00:29.591Z,2026-08-04T19:00:30.125Z,Muse-2E72,TP10,127,-46.386719
2026-08-04T19:00:29.591Z,2026-08-04T19:00:30.125Z,Muse-2E72,TP10,128,242.675781
2026-08-04T19:00:29.591Z,2026-08-04T19:00:30.125Z,Muse-2E72,TP10,129,855.468750
2026-08-04T19:00:29.591Z,2026-08-04T19:00:30.125Z,Muse-2E72,TP10,130,601.074219
2026-08-04T19:00:29.591Z,2026-08-04T19:00:30.125Z,Muse-2E72,TP10,131,104.003906
2026-08-04T19:00:29.591Z,2026-08-04T19:00:30.125Z,Muse-2E72,TP10,132,83.496094
2026-08-04T19:00:29.591Z,2026-08-04T19:00:30.126Z,Muse-2E72,AF8,121,-79.589844
2026-08-04T19:00:29.591Z,2026-08-04T19:00:30.126Z,Muse-2E72,AF8,122,-455.078125
2026-08-04T19:00:29.591Z,2026-08-04T19:00:30.126Z,Muse-2E72,AF8,123,-453.125000
2026-08-04T19:00:29.591Z,2026-08-04T19:00:30.126Z,Muse-2E72,AF8,124,-317.382812
2026-08-04T19:00:29.591Z,2026-08-04T19:00:30.126Z,Muse-2E72,AF8,125,-139.160156
2026-08-04T19:00:29.591Z,2026-08-04T19:00:30.126Z,Muse-2E72,AF8,126,-401.855469
2026-08-04T19:00:29.591Z,2026-08-04T19:00:30.126Z,Muse-2E72,AF8,127,-506.835938
2026-08-04T19:00:29.591Z,2026-08-04T19:00:30.126Z,Muse-2E72,AF8,128,-144.531250
2026-08-04T19:00:29.591Z,2026-08-04T19:00:30.126Z,Muse-2E72,AF8,129,-113.769531
2026-08-04T19:00:29.591Z,2026-08-04T19:00:30.126Z,Muse-2E72,AF8,130,-338.867188
2026-08-04T19:00:29.591Z,2026-08-04T19:00:30.126Z,Muse-2E72,AF8,131,-384.765625
2026-08-04T19:00:29.591Z,2026-08-04T19:00:30.126Z,Muse-2E72,AF8,132,-371.582031
2026-08-04T19:00:29.591Z,2026-08-04T19:00:30.126Z,Muse-2E72,TP9,121,592.285156
2026-08-04T19:00:29.591Z,2026-08-04T19:00:30.126Z,Muse-2E72,TP9,122,135.742188
2026-08-04T19:00:29.591Z,2026-08-04T19:00:30.126Z,Muse-2E72,TP9,123,-200.195312
2026-08-04T19:00:29.591Z,2026-08-04T19:00:30.126Z,Muse-2E72,TP9,124,-39.062500
2026-08-04T19:00:29.591Z,2026-08-04T19:00:30.126Z,Muse-2E72,TP9,125,249.023438
2026-08-04T19:00:29.591Z,2026-08-04T19:00:30.126Z,Muse-2E72,TP9,126,370.117188
2026-08-04T19:00:29.591Z,2026-08-04T19:00:30.126Z,Muse-2E72,TP9,127,20.019531
2026-08-04T19:00:29.591Z,2026-08-04T19:00:30.126Z,Muse-2E72,TP9,128,138.671875
2026-08-04T19:00:29.591Z,2026-08-04T19:00:30.126Z,Muse-2E72,TP9,129,499.023438
2026-08-04T19:00:29.591Z,2026-08-04T19:00:30.126Z,Muse-2E72,TP9,130,361.816406
2026-08-04T19:00:29.591Z,2026-08-04T19:00:30.126Z,Muse-2E72,TP9,131,107.910156
2026-08-04T19:00:29.591Z,2026-08-04T19:00:30.126Z,Muse-2E72,TP9,132,-76.660156
2026-08-04T19:00:29.591Z,2026-08-04T19:00:30.127Z,Muse-2E72,AF7,121,436.035156
2026-08-04T19:00:29.591Z,2026-08-04T19:00:30.127Z,Muse-2E72,AF7,122,-608.398438
2026-08-04T19:00:29.591Z,2026-08-04T19:00:30.127Z,Muse-2E72,AF7,123,-1000.000000
2026-08-04T19:00:29.591Z,2026-08-04T19:00:30.127Z,Muse-2E72,AF7,124,-602.539062
2026-08-04T19:00:29.591Z,2026-08-04T19:00:30.127Z,Muse-2E72,AF7,125,163.085938
2026-08-04T19:00:29.591Z,2026-08-04T19:00:30.127Z,Muse-2E72,AF7,126,-408.691406
2026-08-04T19:00:29.591Z,2026-08-04T19:00:30.127Z,Muse-2E72,AF7,127,-1000.000000
2026-08-04T19:00:29.591Z,2026-08-04T19:00:30.127Z,Muse-2E72,AF7,128,-576.171875
2026-08-04T19:00:29.591Z,2026-08-04T19:00:30.127Z,Muse-2E72,AF7,129,147.460938
2026-08-04T19:00:29.591Z,2026-08-04T19:00:30.127Z,Muse-2E72,AF7,130,-119.140625
2026-08-04T19:00:29.591Z,2026-08-04T19:00:30.127Z,Muse-2E72,AF7,131,-886.718750
2026-08-04T19:00:29.591Z,2026-08-04T19:00:30.127Z,Muse-2E72,AF7,132,-889.160156
2026-08-04T19:00:29.591Z,2026-08-04T19:00:30.169Z,Muse-2E72,TP10,133,389.160156
2026-08-04T19:00:29.591Z,2026-08-04T19:00:30.169Z,Muse-2E72,TP10,134,662.597656
2026-08-04T19:00:29.591Z,2026-08-04T19:00:30.169Z,Muse-2E72,TP10,135,176.757812
2026-08-04T19:00:29.591Z,2026-08-04T19:00:30.169Z,Muse-2E72,TP10,136,-391.113281
2026-08-04T19:00:29.591Z,2026-08-04T19:00:30.169Z,Muse-2E72,TP10,137,-31.250000
2026-08-04T19:00:29.591Z,2026-08-04T19:00:30.169Z,Muse-2E72,TP10,138,688.476562
2026-08-04T19:00:29.591Z,2026-08-04T19:00:30.169Z,Muse-2E72,TP10,139,463.378906
2026-08-04T19:00:29.591Z,2026-08-04T19:00:30.169Z,Muse-2E72,TP10,140,172.851562
2026-08-04T19:00:29.591Z,2026-08-04T19:00:30.169Z,Muse-2E72,TP10,141,-307.128906
2026-08-04T19:00:29.591Z,2026-08-04T19:00:30.169Z,Muse-2E72,TP10,142,245.605469
2026-08-04T19:00:29.591Z,2026-08-04T19:00:30.169Z,Muse-2E72,TP10,143,376.464844
2026-08-04T19:00:29.591Z,2026-08-04T19:00:30.169Z,Muse-2E72,TP10,144,-386.718750
2026-08-04T19:00:29.591Z,2026-08-04T19:00:30.171Z,Muse-2E72,AF8,133,-193.359375
2026-08-04T19:00:29.591Z,2026-08-04T19:00:30.171Z,Muse-2E72,AF8,134,-213.378906
2026-08-04T19:00:29.591Z,2026-08-04T19:00:30.171Z,Muse-2E72,AF8,135,-455.078125
2026-08-04T19:00:29.591Z,2026-08-04T19:00:30.171Z,Muse-2E72,AF8,136,-417.480469
2026-08-04T19:00:29.591Z,2026-08-04T19:00:30.171Z,Muse-2E72,AF8,137,-225.097656
2026-08-04T19:00:29.591Z,2026-08-04T19:00:30.171Z,Muse-2E72,AF8,138,-270.507812
2026-08-04T19:00:29.591Z,2026-08-04T19:00:30.171Z,Muse-2E72,AF8,139,-199.218750
2026-08-04T19:00:29.591Z,2026-08-04T19:00:30.171Z,Muse-2E72,AF8,140,-249.023438
2026-08-04T19:00:29.591Z,2026-08-04T19:00:30.171Z,Muse-2E72,AF8,141,-382.324219
2026-08-04T19:00:29.591Z,2026-08-04T19:00:30.171Z,Muse-2E72,AF8,142,-73.242188
2026-08-04T19:00:29.591Z,2026-08-04T19:00:30.171Z,Muse-2E72,AF8,143,-228.027344
2026-08-04T19:00:29.591Z,2026-08-04T19:00:30.171Z,Muse-2E72,AF8,144,-451.660156
2026-08-04T19:00:29.591Z,2026-08-04T19:00:30.171Z,Muse-2E72,TP9,133,-22.460938
2026-08-04T19:00:29.591Z,2026-08-04T19:00:30.171Z,Muse-2E72,TP9,134,442.871094
2026-08-04T19:00:29.591Z,2026-08-04T19:00:30.171Z,Muse-2E72,TP9,135,182.128906
2026-08-04T19:00:29.591Z,2026-08-04T19:00:30.171Z,Muse-2E72,TP9,136,-311.035156
2026-08-04T19:00:29.591Z,2026-08-04T19:00:30.171Z,Muse-2E72,TP9,137,-96.191406
2026-08-04T19:00:29.591Z,2026-08-04T19:00:30.171Z,Muse-2E72,TP9,138,521.972656
2026-08-04T19:00:29.591Z,2026-08-04T19:00:30.171Z,Muse-2E72,TP9,139,511.230469
2026-08-04T19:00:29.591Z,2026-08-04T19:00:30.171Z,Muse-2E72,TP9,140,306.640625
2026-08-04T19:00:29.591Z,2026-08-04T19:00:30.171Z,Muse-2E72,TP9,141,-212.890625
2026-08-04T19:00:29.591Z,2026-08-04T19:00:30.171Z,Muse-2E72,TP9,142,159.179688
2026-08-04T19:00:29.591Z,2026-08-04T19:00:30.171Z,Muse-2E72,TP9,143,439.453125
2026-08-04T19:00:29.591Z,2026-08-04T19:00:30.171Z,Muse-2E72,TP9,144,-145.507812
2026-08-04T19:00:29.591Z,2026-08-04T19:00:30.171Z,Muse-2E72,AF7,133,-61.035156
2026-08-04T19:00:29.591Z,2026-08-04T19:00:30.171Z,Muse-2E72,AF7,134,100.585938
2026-08-04T19:00:29.591Z,2026-08-04T19:00:30.171Z,Muse-2E72,AF7,135,-848.632812
2026-08-04T19:00:29.591Z,2026-08-04T19:00:30.171Z,Muse-2E72,AF7,136,-993.652344
2026-08-04T19:00:29.591Z,2026-08-04T19:00:30.171Z,Muse-2E72,AF7,137,-377.441406
2026-08-04T19:00:29.591Z,2026-08-04T19:00:30.171Z,Muse-2E72,AF7,138,-54.199219
2026-08-04T19:00:29.591Z,2026-08-04T19:00:30.171Z,Muse-2E72,AF7,139,-465.332031
2026-08-04T19:00:29.591Z,2026-08-04T19:00:30.171Z,Muse-2E72,AF7,140,-900.390625
2026-08-04T19:00:29.591Z,2026-08-04T19:00:30.171Z,Muse-2E72,AF7,141,-747.070312
2026-08-04T19:00:29.591Z,2026-08-04T19:00:30.171Z,Muse-2E72,AF7,142,276.855469
2026-08-04T19:00:29.591Z,2026-08-04T19:00:30.171Z,Muse-2E72,AF7,143,-115.722656
2026-08-04T19:00:29.591Z,2026-08-04T19:00:30.171Z,Muse-2E72,AF7,144,-1000.000000
2026-08-04T19:00:29.591Z,2026-08-04T19:00:30.215Z,Muse-2E72,TP10,145,-448.242188
2026-08-04T19:00:29.591Z,2026-08-04T19:00:30.215Z,Muse-2E72,TP10,146,257.812500
2026-08-04T19:00:29.591Z,2026-08-04T19:00:30.215Z,Muse-2E72,TP10,147,565.429688
2026-08-04T19:00:29.591Z,2026-08-04T19:00:30.215Z,Muse-2E72,TP10,148,-308.593750
2026-08-04T19:00:29.591Z,2026-08-04T19:00:30.215Z,Muse-2E72,TP10,149,-385.742188
2026-08-04T19:00:29.591Z,2026-08-04T19:00:30.215Z,Muse-2E72,TP10,150,312.988281
2026-08-04T19:00:29.591Z,2026-08-04T19:00:30.215Z,Muse-2E72,TP10,151,676.269531
2026-08-04T19:00:29.591Z,2026-08-04T19:00:30.215Z,Muse-2E72,TP10,152,224.121094
2026-08-04T19:00:29.591Z,2026-08-04T19:00:30.215Z,Muse-2E72,TP10,153,-596.191406
2026-08-04T19:00:29.591Z,2026-08-04T19:00:30.215Z,Muse-2E72,TP10,154,-114.746094
2026-08-04T19:00:29.591Z,2026-08-04T19:00:30.215Z,Muse-2E72,TP10,155,825.195312
2026-08-04T19:00:29.591Z,2026-08-04T19:00:30.215Z,Muse-2E72,TP10,156,207.031250
2026-08-04T19:00:29.591Z,2026-08-04T19:00:30.216Z,Muse-2E72,AF8,145,-361.816406
2026-08-04T19:00:29.591Z,2026-08-04T19:00:30.216Z,Muse-2E72,AF8,146,-152.832031
2026-08-04T19:00:29.591Z,2026-08-04T19:00:30.216Z,Muse-2E72,AF8,147,-283.691406
2026-08-04T19:00:29.591Z,2026-08-04T19:00:30.216Z,Muse-2E72,AF8,148,-426.269531
2026-08-04T19:00:29.591Z,2026-08-04T19:00:30.216Z,Muse-2E72,AF8,149,-402.343750
2026-08-04T19:00:29.591Z,2026-08-04T19:00:30.216Z,Muse-2E72,AF8,150,-178.222656
2026-08-04T19:00:29.591Z,2026-08-04T19:00:30.216Z,Muse-2E72,AF8,151,33.691406
2026-08-04T19:00:29.591Z,2026-08-04T19:00:30.216Z,Muse-2E72,AF8,152,-372.070312
2026-08-04T19:00:29.591Z,2026-08-04T19:00:30.216Z,Muse-2E72,AF8,153,-444.335938
2026-08-04T19:00:29.591Z,2026-08-04T19:00:30.216Z,Muse-2E72,AF8,154,-211.425781
2026-08-04T19:00:29.591Z,2026-08-04T19:00:30.216Z,Muse-2E72,AF8,155,-189.941406
2026-08-04T19:00:29.591Z,2026-08-04T19:00:30.216Z,Muse-2E72,AF8,156,-387.695312
2026-08-04T19:00:29.591Z,2026-08-04T19:00:30.231Z,Muse-2E72,TP9,145,-384.765625
2026-08-04T19:00:29.591Z,2026-08-04T19:00:30.231Z,Muse-2E72,TP9,146,73.730469
2026-08-04T19:00:29.591Z,2026-08-04T19:00:30.231Z,Muse-2E72,TP9,147,500.976562
2026-08-04T19:00:29.591Z,2026-08-04T19:00:30.231Z,Muse-2E72,TP9,148,-135.742188
2026-08-04T19:00:29.591Z,2026-08-04T19:00:30.231Z,Muse-2E72,TP9,149,-321.289062
2026-08-04T19:00:29.591Z,2026-08-04T19:00:30.231Z,Muse-2E72,TP9,150,128.906250
2026-08-04T19:00:29.591Z,2026-08-04T19:00:30.231Z,Muse-2E72,TP9,151,567.871094
2026-08-04T19:00:29.591Z,2026-08-04T19:00:30.231Z,Muse-2E72,TP9,152,405.273438
2026-08-04T19:00:29.591Z,2026-08-04T19:00:30.231Z,Muse-2E72,TP9,153,-391.601562
2026-08-04T19:00:29.591Z,2026-08-04T19:00:30.231Z,Muse-2E72,TP9,154,-161.621094
2026-08-04T19:00:29.591Z,2026-08-04T19:00:30.231Z,Muse-2E72,TP9,155,605.468750
2026-08-04T19:00:29.591Z,2026-08-04T19:00:30.231Z,Muse-2E72,TP9,156,160.644531
2026-08-04T19:00:29.591Z,2026-08-04T19:00:30.231Z,Muse-2E72,AF7,145,-827.636719
2026-08-04T19:00:29.591Z,2026-08-04T19:00:30.231Z,Muse-2E72,AF7,146,24.414062
2026-08-04T19:00:29.591Z,2026-08-04T19:00:30.231Z,Muse-2E72,AF7,147,-198.242188
2026-08-04T19:00:29.591Z,2026-08-04T19:00:30.231Z,Muse-2E72,AF7,148,-970.214844
2026-08-04T19:00:29.591Z,2026-08-04T19:00:30.231Z,Muse-2E72,AF7,149,-936.035156
2026-08-04T19:00:29.591Z,2026-08-04T19:00:30.231Z,Muse-2E72,AF7,150,-340.820312
2026-08-04T19:00:29.591Z,2026-08-04T19:00:30.231Z,Muse-2E72,AF7,151,-149.414062
2026-08-04T19:00:29.591Z,2026-08-04T19:00:30.231Z,Muse-2E72,AF7,152,-920.410156
2026-08-04T19:00:29.591Z,2026-08-04T19:00:30.231Z,Muse-2E72,AF7,153,-987.792969
2026-08-04T19:00:29.591Z,2026-08-04T19:00:30.231Z,Muse-2E72,AF7,154,-495.117188
2026-08-04T19:00:29.591Z,2026-08-04T19:00:30.231Z,Muse-2E72,AF7,155,-80.566406
2026-08-04T19:00:29.591Z,2026-08-04T19:00:30.231Z,Muse-2E72,AF7,156,-641.113281
2026-08-04T19:00:29.591Z,2026-08-04T19:00:30.259Z,Muse-2E72,TP10,157,-557.617188
2026-08-04T19:00:29.591Z,2026-08-04T19:00:30.259Z,Muse-2E72,TP10,158,-178.710938
2026-08-04T19:00:29.591Z,2026-08-04T19:00:30.259Z,Muse-2E72,TP10,159,606.933594
2026-08-04T19:00:29.591Z,2026-08-04T19:00:30.259Z,Muse-2E72,TP10,160,383.300781
2026-08-04T19:00:29.591Z,2026-08-04T19:00:30.259Z,Muse-2E72,TP10,161,-350.097656
2026-08-04T19:00:29.591Z,2026-08-04T19:00:30.259Z,Muse-2E72,TP10,162,-121.582031
2026-08-04T19:00:29.591Z,2026-08-04T19:00:30.259Z,Muse-2E72,TP10,163,610.351562
2026-08-04T19:00:29.591Z,2026-08-04T19:00:30.259Z,Muse-2E72,TP10,164,511.718750
2026-08-04T19:00:29.591Z,2026-08-04T19:00:30.259Z,Muse-2E72,TP10,165,123.535156
2026-08-04T19:00:29.591Z,2026-08-04T19:00:30.259Z,Muse-2E72,TP10,166,82.519531
2026-08-04T19:00:29.591Z,2026-08-04T19:00:30.259Z,Muse-2E72,TP10,167,237.304688
2026-08-04T19:00:29.591Z,2026-08-04T19:00:30.259Z,Muse-2E72,TP10,168,600.585938
2026-08-04T19:00:29.591Z,2026-08-04T19:00:30.290Z,Muse-2E72,AF8,157,-429.199219
2026-08-04T19:00:29.591Z,2026-08-04T19:00:30.290Z,Muse-2E72,AF8,158,-175.292969
2026-08-04T19:00:29.591Z,2026-08-04T19:00:30.290Z,Muse-2E72,AF8,159,141.113281
2026-08-04T19:00:29.591Z,2026-08-04T19:00:30.290Z,Muse-2E72,AF8,160,-131.347656
2026-08-04T19:00:29.591Z,2026-08-04T19:00:30.290Z,Muse-2E72,AF8,161,-458.984375
2026-08-04T19:00:29.591Z,2026-08-04T19:00:30.290Z,Muse-2E72,AF8,162,-106.445312
2026-08-04T19:00:29.591Z,2026-08-04T19:00:30.290Z,Muse-2E72,AF8,163,218.750000
2026-08-04T19:00:29.591Z,2026-08-04T19:00:30.290Z,Muse-2E72,AF8,164,-104.003906
2026-08-04T19:00:29.591Z,2026-08-04T19:00:30.290Z,Muse-2E72,AF8,165,-422.363281
2026-08-04T19:00:29.591Z,2026-08-04T19:00:30.290Z,Muse-2E72,AF8,166,-383.300781
2026-08-04T19:00:29.591Z,2026-08-04T19:00:30.290Z,Muse-2E72,AF8,167,-51.757812
2026-08-04T19:00:29.591Z,2026-08-04T19:00:30.290Z,Muse-2E72,AF8,168,-70.312500
2026-08-04T19:00:29.591Z,2026-08-04T19:00:30.292Z,Muse-2E72,TP9,157,-446.289062
2026-08-04T19:00:29.591Z,2026-08-04T19:00:30.292Z,Muse-2E72,TP9,158,-210.449219
2026-08-04T19:00:29.591Z,2026-08-04T19:00:30.292Z,Muse-2E72,TP9,159,358.398438
2026-08-04T19:00:29.591Z,2026-08-04T19:00:30.292Z,Muse-2E72,TP9,160,253.417969
2026-08-04T19:00:29.591Z,2026-08-04T19:00:30.292Z,Muse-2E72,TP9,161,-258.789062
2026-08-04T19:00:29.591Z,2026-08-04T19:00:30.292Z,Muse-2E72,TP9,162,-96.679688
2026-08-04T19:00:29.591Z,2026-08-04T19:00:30.292Z,Muse-2E72,TP9,163,424.804688
2026-08-04T19:00:29.591Z,2026-08-04T19:00:30.292Z,Muse-2E72,TP9,164,408.691406
2026-08-04T19:00:29.591Z,2026-08-04T19:00:30.292Z,Muse-2E72,TP9,165,-10.742188
2026-08-04T19:00:29.591Z,2026-08-04T19:00:30.292Z,Muse-2E72,TP9,166,-189.941406
2026-08-04T19:00:29.591Z,2026-08-04T19:00:30.292Z,Muse-2E72,TP9,167,-107.421875
2026-08-04T19:00:29.591Z,2026-08-04T19:00:30.292Z,Muse-2E72,TP9,168,284.667969
2026-08-04T19:00:29.591Z,2026-08-04T19:00:30.292Z,Muse-2E72,AF7,157,-1000.000000
2026-08-04T19:00:29.591Z,2026-08-04T19:00:30.292Z,Muse-2E72,AF7,158,-546.386719
2026-08-04T19:00:29.591Z,2026-08-04T19:00:30.292Z,Muse-2E72,AF7,159,345.214844
2026-08-04T19:00:29.591Z,2026-08-04T19:00:30.292Z,Muse-2E72,AF7,160,-96.679688
2026-08-04T19:00:29.591Z,2026-08-04T19:00:30.292Z,Muse-2E72,AF7,161,-1000.000000
2026-08-04T19:00:29.591Z,2026-08-04T19:00:30.292Z,Muse-2E72,AF7,162,-707.031250
2026-08-04T19:00:29.591Z,2026-08-04T19:00:30.292Z,Muse-2E72,AF7,163,261.718750
2026-08-04T19:00:29.591Z,2026-08-04T19:00:30.292Z,Muse-2E72,AF7,164,168.457031
2026-08-04T19:00:29.591Z,2026-08-04T19:00:30.292Z,Muse-2E72,AF7,165,-836.425781
2026-08-04T19:00:29.591Z,2026-08-04T19:00:30.292Z,Muse-2E72,AF7,166,-1000.000000
2026-08-04T19:00:29.591Z,2026-08-04T19:00:30.292Z,Muse-2E72,AF7,167,-148.925781
2026-08-04T19:00:29.591Z,2026-08-04T19:00:30.292Z,Muse-2E72,AF7,168,297.851562
2026-08-04T19:00:29.591Z,2026-08-04T19:00:30.320Z,Muse-2E72,TP10,169,206.054688
2026-08-04T19:00:29.591Z,2026-08-04T19:00:30.320Z,Muse-2E72,TP10,170,-63.964844
2026-08-04T19:00:29.591Z,2026-08-04T19:00:30.320Z,Muse-2E72,TP10,171,125.976562
2026-08-04T19:00:29.591Z,2026-08-04T19:00:30.320Z,Muse-2E72,TP10,172,611.328125
2026-08-04T19:00:29.591Z,2026-08-04T19:00:30.320Z,Muse-2E72,TP10,173,457.031250
2026-08-04T19:00:29.591Z,2026-08-04T19:00:30.320Z,Muse-2E72,TP10,174,37.109375
2026-08-04T19:00:29.591Z,2026-08-04T19:00:30.320Z,Muse-2E72,TP10,175,-53.222656
2026-08-04T19:00:29.591Z,2026-08-04T19:00:30.320Z,Muse-2E72,TP10,176,525.390625
2026-08-04T19:00:29.591Z,2026-08-04T19:00:30.320Z,Muse-2E72,TP10,177,511.718750
2026-08-04T19:00:29.591Z,2026-08-04T19:00:30.320Z,Muse-2E72,TP10,178,-232.910156
2026-08-04T19:00:29.591Z,2026-08-04T19:00:30.320Z,Muse-2E72,TP10,179,-441.894531
2026-08-04T19:00:29.591Z,2026-08-04T19:00:30.320Z,Muse-2E72,TP10,180,116.210938
2026-08-04T19:00:29.591Z,2026-08-04T19:00:30.322Z,Muse-2E72,AF8,169,-402.832031
2026-08-04T19:00:29.591Z,2026-08-04T19:00:30.322Z,Muse-2E72,AF8,170,-415.039062
2026-08-04T19:00:29.591Z,2026-08-04T19:00:30.322Z,Muse-2E72,AF8,171,-203.613281
2026-08-04T19:00:29.591Z,2026-08-04T19:00:30.322Z,Muse-2E72,AF8,172,99.121094
2026-08-04T19:00:29.591Z,2026-08-04T19:00:30.322Z,Muse-2E72,AF8,173,-213.867188
2026-08-04T19:00:29.591Z,2026-08-04T19:00:30.322Z,Muse-2E72,AF8,174,-489.746094
2026-08-04T19:00:29.591Z,2026-08-04T19:00:30.322Z,Muse-2E72,AF8,175,-278.808594
2026-08-04T19:00:29.591Z,2026-08-04T19:00:30.322Z,Muse-2E72,AF8,176,-3.906250
2026-08-04T19:00:29.591Z,2026-08-04T19:00:30.322Z,Muse-2E72,AF8,177,-172.851562
2026-08-04T19:00:29.591Z,2026-08-04T19:00:30.322Z,Muse-2E72,AF8,178,-360.839844
2026-08-04T19:00:29.591Z,2026-08-04T19:00:30.322Z,Muse-2E72,AF8,179,-356.933594
2026-08-04T19:00:29.591Z,2026-08-04T19:00:30.322Z,Muse-2E72,AF8,180,-72.753906
2026-08-04T19:00:29.591Z,2026-08-04T19:00:30.322Z,Muse-2E72,TP9,169,117.187500
2026-08-04T19:00:29.591Z,2026-08-04T19:00:30.322Z,Muse-2E72,TP9,170,-12.207031
2026-08-04T19:00:29.591Z,2026-08-04T19:00:30.322Z,Muse-2E72,TP9,171,-100.585938
2026-08-04T19:00:29.591Z,2026-08-04T19:00:30.322Z,Muse-2E72,TP9,172,187.500000
2026-08-04T19:00:29.591Z,2026-08-04T19:00:30.322Z,Muse-2E72,TP9,173,361.328125
2026-08-04T19:00:29.591Z,2026-08-04T19:00:30.322Z,Muse-2E72,TP9,174,57.128906
2026-08-04T19:00:29.591Z,2026-08-04T19:00:30.322Z,Muse-2E72,TP9,175,-60.546875
2026-08-04T19:00:29.591Z,2026-08-04T19:00:30.322Z,Muse-2E72,TP9,176,378.417969
2026-08-04T19:00:29.591Z,2026-08-04T19:00:30.322Z,Muse-2E72,TP9,177,356.445312
2026-08-04T19:00:29.591Z,2026-08-04T19:00:30.322Z,Muse-2E72,TP9,178,-256.347656
2026-08-04T19:00:29.591Z,2026-08-04T19:00:30.322Z,Muse-2E72,TP9,179,-414.550781
2026-08-04T19:00:29.591Z,2026-08-04T19:00:30.322Z,Muse-2E72,TP9,180,-98.632812
2026-08-04T19:00:29.591Z,2026-08-04T19:00:30.322Z,Muse-2E72,AF7,169,-596.679688
2026-08-04T19:00:29.591Z,2026-08-04T19:00:30.322Z,Muse-2E72,AF7,170,-988.281250
2026-08-04T19:00:29.591Z,2026-08-04T19:00:30.322Z,Muse-2E72,AF7,171,-340.332031
2026-08-04T19:00:29.591Z,2026-08-04T19:00:30.322Z,Muse-2E72,AF7,172,563.964844
2026-08-04T19:00:29.591Z,2026-08-04T19:00:30.322Z,Muse-2E72,AF7,173,-198.242188
2026-08-04T19:00:29.591Z,2026-08-04T19:00:30.322Z,Muse-2E72,AF7,174,-1000.000000
2026-08-04T19:00:29.591Z,2026-08-04T19:00:30.322Z,Muse-2E72,AF7,175,-583.496094
2026-08-04T19:00:29.591Z,2026-08-04T19:00:30.322Z,Muse-2E72,AF7,176,319.824219
2026-08-04T19:00:29.591Z,2026-08-04T19:00:30.322Z,Muse-2E72,AF7,177,-102.539062
2026-08-04T19:00:29.591Z,2026-08-04T19:00:30.322Z,Muse-2E72,AF7,178,-919.433594
2026-08-04T19:00:29.591Z,2026-08-04T19:00:30.322Z,Muse-2E72,AF7,179,-794.921875
2026-08-04T19:00:29.591Z,2026-08-04T19:00:30.322Z,Muse-2E72,AF7,180,172.363281
2026-08-04T19:00:29.591Z,2026-08-04T19:00:30.380Z,Muse-2E72,TP10,181,583.496094
2026-08-04T19:00:29.591Z,2026-08-04T19:00:30.380Z,Muse-2E72,TP10,182,213.867188
2026-08-04T19:00:29.591Z,2026-08-04T19:00:30.380Z,Muse-2E72,TP10,183,-397.460938
2026-08-04T19:00:29.591Z,2026-08-04T19:00:30.380Z,Muse-2E72,TP10,184,30.761719
2026-08-04T19:00:29.591Z,2026-08-04T19:00:30.380Z,Muse-2E72,TP10,185,710.449219
2026-08-04T19:00:29.591Z,2026-08-04T19:00:30.380Z,Muse-2E72,TP10,186,161.132812
2026-08-04T19:00:29.591Z,2026-08-04T19:00:30.380Z,Muse-2E72,TP10,187,-364.746094
2026-08-04T19:00:29.591Z,2026-08-04T19:00:30.380Z,Muse-2E72,TP10,188,-231.933594
2026-08-04T19:00:29.591Z,2026-08-04T19:00:30.380Z,Muse-2E72,TP10,189,234.375000
2026-08-04T19:00:29.591Z,2026-08-04T19:00:30.380Z,Muse-2E72,TP10,190,344.238281
2026-08-04T19:00:29.591Z,2026-08-04T19:00:30.380Z,Muse-2E72,TP10,191,-227.050781
2026-08-04T19:00:29.591Z,2026-08-04T19:00:30.380Z,Muse-2E72,TP10,192,-304.687500
2026-08-04T19:00:29.591Z,2026-08-04T19:00:30.382Z,Muse-2E72,AF8,181,241.210938
2026-08-04T19:00:29.591Z,2026-08-04T19:00:30.382Z,Muse-2E72,AF8,182,-123.535156
2026-08-04T19:00:29.591Z,2026-08-04T19:00:30.382Z,Muse-2E72,AF8,183,-472.167969
2026-08-04T19:00:29.591Z,2026-08-04T19:00:30.382Z,Muse-2E72,AF8,184,-154.296875
2026-08-04T19:00:29.591Z,2026-08-04T19:00:30.382Z,Muse-2E72,AF8,185,-96.191406
2026-08-04T19:00:29.591Z,2026-08-04T19:00:30.382Z,Muse-2E72,AF8,186,-434.570312
2026-08-04T19:00:29.591Z,2026-08-04T19:00:30.382Z,Muse-2E72,AF8,187,-443.359375
2026-08-04T19:00:29.591Z,2026-08-04T19:00:30.382Z,Muse-2E72,AF8,188,-293.945312
2026-08-04T19:00:29.591Z,2026-08-04T19:00:30.382Z,Muse-2E72,AF8,189,420.410156
2026-08-04T19:00:29.591Z,2026-08-04T19:00:30.382Z,Muse-2E72,AF8,190,235.351562
2026-08-04T19:00:29.591Z,2026-08-04T19:00:30.382Z,Muse-2E72,AF8,191,-532.226562
2026-08-04T19:00:29.591Z,2026-08-04T19:00:30.382Z,Muse-2E72,AF8,192,-257.812500
2026-08-04T19:00:29.591Z,2026-08-04T19:00:30.382Z,Muse-2E72,TP9,181,419.433594
2026-08-04T19:00:29.591Z,2026-08-04T19:00:30.382Z,Muse-2E72,TP9,182,265.625000
2026-08-04T19:00:29.591Z,2026-08-04T19:00:30.382Z,Muse-2E72,TP9,183,-350.585938
2026-08-04T19:00:29.591Z,2026-08-04T19:00:30.382Z,Muse-2E72,TP9,184,-106.445312
2026-08-04T19:00:29.591Z,2026-08-04T19:00:30.382Z,Muse-2E72,TP9,185,494.628906
2026-08-04T19:00:29.591Z,2026-08-04T19:00:30.382Z,Muse-2E72,TP9,186,255.371094
2026-08-04T19:00:29.591Z,2026-08-04T19:00:30.382Z,Muse-2E72,TP9,187,-215.332031
2026-08-04T19:00:29.591Z,2026-08-04T19:00:30.382Z,Muse-2E72,TP9,188,-280.273438
2026-08-04T19:00:29.591Z,2026-08-04T19:00:30.382Z,Muse-2E72,TP9,189,141.601562
2026-08-04T19:00:29.591Z,2026-08-04T19:00:30.382Z,Muse-2E72,TP9,190,379.882812
2026-08-04T19:00:29.591Z,2026-08-04T19:00:30.382Z,Muse-2E72,TP9,191,-116.699219
2026-08-04T19:00:29.591Z,2026-08-04T19:00:30.382Z,Muse-2E72,TP9,192,-268.554688
2026-08-04T19:00:29.591Z,2026-08-04T19:00:30.382Z,Muse-2E72,AF7,181,463.378906
2026-08-04T19:00:29.591Z,2026-08-04T19:00:30.382Z,Muse-2E72,AF7,182,-602.539062
2026-08-04T19:00:29.591Z,2026-08-04T19:00:30.382Z,Muse-2E72,AF7,183,-996.582031
2026-08-04T19:00:29.591Z,2026-08-04T19:00:30.382Z,Muse-2E72,AF7,184,-82.519531
2026-08-04T19:00:29.591Z,2026-08-04T19:00:30.382Z,Muse-2E72,AF7,185,351.562500
2026-08-04T19:00:29.591Z,2026-08-04T19:00:30.382Z,Muse-2E72,AF7,186,-647.460938
2026-08-04T19:00:29.591Z,2026-08-04T19:00:30.382Z,Muse-2E72,AF7,187,-1000.000000
2026-08-04T19:00:29.591Z,2026-08-04T19:00:30.382Z,Muse-2E72,AF7,188,-407.226562
2026-08-04T19:00:29.591Z,2026-08-04T19:00:30.382Z,Muse-2E72,AF7,189,558.105469
2026-08-04T19:00:29.591Z,2026-08-04T19:00:30.382Z,Muse-2E72,AF7,190,-140.625000
2026-08-04T19:00:29.591Z,2026-08-04T19:00:30.382Z,Muse-2E72,AF7,191,-1000.000000
2026-08-04T19:00:29.591Z,2026-08-04T19:00:30.382Z,Muse-2E72,AF7,192,-634.277344
2026-08-04T19:00:29.591Z,2026-08-04T19:00:30.409Z,Muse-2E72,TP10,193,448.242188
2026-08-04T19:00:29.591Z,2026-08-04T19:00:30.409Z,Muse-2E72,TP10,194,629.882812
2026-08-04T19:00:29.591Z,2026-08-04T19:00:30.409Z,Muse-2E72,TP10,195,-137.207031
2026-08-04T19:00:29.591Z,2026-08-04T19:00:30.409Z,Muse-2E72,TP10,196,-378.906250
2026-08-04T19:00:29.591Z,2026-08-04T19:00:30.409Z,Muse-2E72,TP10,197,431.152344
2026-08-04T19:00:29.591Z,2026-08-04T19:00:30.409Z,Muse-2E72,TP10,198,739.746094
2026-08-04T19:00:29.591Z,2026-08-04T19:00:30.409Z,Muse-2E72,TP10,199,288.085938
2026-08-04T19:00:29.591Z,2026-08-04T19:00:30.409Z,Muse-2E72,TP10,200,-167.480469
2026-08-04T19:00:29.591Z,2026-08-04T19:00:30.409Z,Muse-2E72,TP10,201,15.625000
2026-08-04T19:00:29.591Z,2026-08-04T19:00:30.409Z,Muse-2E72,TP10,202,687.988281
2026-08-04T19:00:29.591Z,2026-08-04T19:00:30.409Z,Muse-2E72,TP10,203,122.558594
2026-08-04T19:00:29.591Z,2026-08-04T19:00:30.409Z,Muse-2E72,TP10,204,-432.128906
2026-08-04T19:00:29.591Z,2026-08-04T19:00:30.412Z,Muse-2E72,AF8,193,212.890625
2026-08-04T19:00:29.591Z,2026-08-04T19:00:30.412Z,Muse-2E72,AF8,194,-109.375000
2026-08-04T19:00:29.591Z,2026-08-04T19:00:30.412Z,Muse-2E72,AF8,195,-454.589844
2026-08-04T19:00:29.591Z,2026-08-04T19:00:30.412Z,Muse-2E72,AF8,196,-363.769531
2026-08-04T19:00:29.591Z,2026-08-04T19:00:30.412Z,Muse-2E72,AF8,197,-56.152344
2026-08-04T19:00:29.591Z,2026-08-04T19:00:30.412Z,Muse-2E72,AF8,198,69.335938
2026-08-04T19:00:29.591Z,2026-08-04T19:00:30.412Z,Muse-2E72,AF8,199,-376.464844
2026-08-04T19:00:29.591Z,2026-08-04T19:00:30.412Z,Muse-2E72,AF8,200,-375.488281
2026-08-04T19:00:29.591Z,2026-08-04T19:00:30.412Z,Muse-2E72,AF8,201,56.152344
2026-08-04T19:00:29.591Z,2026-08-04T19:00:30.412Z,Muse-2E72,AF8,202,187.988281
2026-08-04T19:00:29.591Z,2026-08-04T19:00:30.412Z,Muse-2E72,AF8,203,-300.292969
2026-08-04T19:00:29.591Z,2026-08-04T19:00:30.412Z,Muse-2E72,AF8,204,-8.300781
2026-08-04T19:00:29.591Z,2026-08-04T19:00:30.412Z,Muse-2E72,TP9,193,343.750000
2026-08-04T19:00:29.591Z,2026-08-04T19:00:30.412Z,Muse-2E72,TP9,194,525.390625
2026-08-04T19:00:29.591Z,2026-08-04T19:00:30.412Z,Muse-2E72,TP9,195,-112.792969
2026-08-04T19:00:29.591Z,2026-08-04T19:00:30.412Z,Muse-2E72,TP9,196,-291.015625
2026-08-04T19:00:29.591Z,2026-08-04T19:00:30.412Z,Muse-2E72,TP9,197,273.925781
2026-08-04T19:00:29.591Z,2026-08-04T19:00:30.412Z,Muse-2E72,TP9,198,548.339844
2026-08-04T19:00:29.591Z,2026-08-04T19:00:30.412Z,Muse-2E72,TP9,199,289.550781
2026-08-04T19:00:29.591Z,2026-08-04T19:00:30.412Z,Muse-2E72,TP9,200,-144.042969
2026-08-04T19:00:29.591Z,2026-08-04T19:00:30.412Z,Muse-2E72,TP9,201,-87.890625
2026-08-04T19:00:29.591Z,2026-08-04T19:00:30.412Z,Muse-2E72,TP9,202,487.792969
2026-08-04T19:00:29.591Z,2026-08-04T19:00:30.412Z,Muse-2E72,TP9,203,147.949219
2026-08-04T19:00:29.591Z,2026-08-04T19:00:30.412Z,Muse-2E72,TP9,204,-229.003906
2026-08-04T19:00:29.591Z,2026-08-04T19:00:30.412Z,Muse-2E72,AF7,193,425.781250
2026-08-04T19:00:29.591Z,2026-08-04T19:00:30.412Z,Muse-2E72,AF7,194,125.488281
2026-08-04T19:00:29.591Z,2026-08-04T19:00:30.412Z,Muse-2E72,AF7,195,-915.039062
2026-08-04T19:00:29.591Z,2026-08-04T19:00:30.412Z,Muse-2E72,AF7,196,-914.062500
2026-08-04T19:00:29.591Z,2026-08-04T19:00:30.412Z,Muse-2E72,AF7,197,-70.312500
2026-08-04T19:00:29.591Z,2026-08-04T19:00:30.412Z,Muse-2E72,AF7,198,296.875000
2026-08-04T19:00:29.591Z,2026-08-04T19:00:30.412Z,Muse-2E72,AF7,199,-756.347656
2026-08-04T19:00:29.591Z,2026-08-04T19:00:30.412Z,Muse-2E72,AF7,200,-934.570312
2026-08-04T19:00:29.591Z,2026-08-04T19:00:30.412Z,Muse-2E72,AF7,201,188.964844
2026-08-04T19:00:29.591Z,2026-08-04T19:00:30.412Z,Muse-2E72,AF7,202,706.054688
2026-08-04T19:00:29.591Z,2026-08-04T19:00:30.412Z,Muse-2E72,AF7,203,-436.523438
2026-08-04T19:00:29.591Z,2026-08-04T19:00:30.412Z,Muse-2E72,AF7,204,-634.277344
2026-08-04T19:00:29.591Z,2026-08-04T19:00:30.457Z,Muse-2E72,TP10,205,251.464844
2026-08-04T19:00:29.591Z,2026-08-04T19:00:30.457Z,Muse-2E72,TP10,206,844.726562
2026-08-04T19:00:29.591Z,2026-08-04T19:00:30.457Z,Muse-2E72,TP10,207,545.898438
2026-08-04T19:00:29.591Z,2026-08-04T19:00:30.457Z,Muse-2E72,TP10,208,91.796875
2026-08-04T19:00:29.591Z,2026-08-04T19:00:30.457Z,Muse-2E72,TP10,209,-104.980469
2026-08-04T19:00:29.591Z,2026-08-04T19:00:30.457Z,Muse-2E72,TP10,210,427.734375
2026-08-04T19:00:29.591Z,2026-08-04T19:00:30.457Z,Muse-2E72,TP10,211,634.277344
2026-08-04T19:00:29.591Z,2026-08-04T19:00:30.457Z,Muse-2E72,TP10,212,21.484375
2026-08-04T19:00:29.591Z,2026-08-04T19:00:30.457Z,Muse-2E72,TP10,213,-105.468750
2026-08-04T19:00:29.591Z,2026-08-04T19:00:30.457Z,Muse-2E72,TP10,214,150.390625
2026-08-04T19:00:29.591Z,2026-08-04T19:00:30.457Z,Muse-2E72,TP10,215,587.890625
2026-08-04T19:00:29.591Z,2026-08-04T19:00:30.457Z,Muse-2E72,TP10,216,244.628906
2026-08-04T19:00:29.591Z,2026-08-04T19:00:30.457Z,Muse-2E72,AF8,205,554.199219
2026-08-04T19:00:29.591Z,2026-08-04T19:00:30.457Z,Muse-2E72,AF8,206,262.695312
2026-08-04T19:00:29.591Z,2026-08-04T19:00:30.457Z,Muse-2E72,AF8,207,-79.589844
2026-08-04T19:00:29.591Z,2026-08-04T19:00:30.457Z,Muse-2E72,AF8,208,-371.582031
2026-08-04T19:00:29.591Z,2026-08-04T19:00:30.457Z,Muse-2E72,AF8,209,-219.238281
2026-08-04T19:00:29.591Z,2026-08-04T19:00:30.457Z,Muse-2E72,AF8,210,247.558594
2026-08-04T19:00:29.591Z,2026-08-04T19:00:30.457Z,Muse-2E72,AF8,211,26.367188
2026-08-04T19:00:29.591Z,2026-08-04T19:00:30.457Z,Muse-2E72,AF8,212,92.773438
2026-08-04T19:00:29.591Z,2026-08-04T19:00:30.457Z,Muse-2E72,AF8,213,272.949219
2026-08-04T19:00:29.591Z,2026-08-04T19:00:30.457Z,Muse-2E72,AF8,214,163.085938
2026-08-04T19:00:29.591Z,2026-08-04T19:00:30.457Z,Muse-2E72,AF8,215,308.105469
2026-08-04T19:00:29.591Z,2026-08-04T19:00:30.457Z,Muse-2E72,AF8,216,120.605469
2026-08-04T19:00:29.591Z,2026-08-04T19:00:30.457Z,Muse-2E72,TP9,205,297.851562
2026-08-04T19:00:29.591Z,2026-08-04T19:00:30.457Z,Muse-2E72,TP9,206,612.304688
2026-08-04T19:00:29.591Z,2026-08-04T19:00:30.457Z,Muse-2E72,TP9,207,461.914062
2026-08-04T19:00:29.591Z,2026-08-04T19:00:30.457Z,Muse-2E72,TP9,208,34.179688
2026-08-04T19:00:29.591Z,2026-08-04T19:00:30.457Z,Muse-2E72,TP9,209,-254.394531
2026-08-04T19:00:29.591Z,2026-08-04T19:00:30.457Z,Muse-2E72,TP9,210,235.839844
2026-08-04T19:00:29.591Z,2026-08-04T19:00:30.457Z,Muse-2E72,TP9,211,476.562500
2026-08-04T19:00:29.591Z,2026-08-04T19:00:30.457Z,Muse-2E72,TP9,212,146.484375
2026-08-04T19:00:29.591Z,2026-08-04T19:00:30.457Z,Muse-2E72,TP9,213,0.976562
2026-08-04T19:00:29.591Z,2026-08-04T19:00:30.457Z,Muse-2E72,TP9,214,-3.906250
2026-08-04T19:00:29.591Z,2026-08-04T19:00:30.457Z,Muse-2E72,TP9,215,478.027344
2026-08-04T19:00:29.591Z,2026-08-04T19:00:30.457Z,Muse-2E72,TP9,216,350.585938
2026-08-04T19:00:29.591Z,2026-08-04T19:00:30.457Z,Muse-2E72,AF7,205,395.996094
2026-08-04T19:00:29.591Z,2026-08-04T19:00:30.457Z,Muse-2E72,AF7,206,785.156250
2026-08-04T19:00:29.591Z,2026-08-04T19:00:30.457Z,Muse-2E72,AF7,207,-107.910156
2026-08-04T19:00:29.591Z,2026-08-04T19:00:30.457Z,Muse-2E72,AF7,208,-1000.000000
2026-08-04T19:00:29.591Z,2026-08-04T19:00:30.457Z,Muse-2E72,AF7,209,-789.550781
2026-08-04T19:00:29.591Z,2026-08-04T19:00:30.457Z,Muse-2E72,AF7,210,136.230469
2026-08-04T19:00:29.591Z,2026-08-04T19:00:30.457Z,Muse-2E72,AF7,211,-148.437500
2026-08-04T19:00:29.591Z,2026-08-04T19:00:30.457Z,Muse-2E72,AF7,212,-579.101562
2026-08-04T19:00:29.591Z,2026-08-04T19:00:30.457Z,Muse-2E72,AF7,213,-479.003906
2026-08-04T19:00:29.591Z,2026-08-04T19:00:30.457Z,Muse-2E72,AF7,214,1.464844
2026-08-04T19:00:29.591Z,2026-08-04T19:00:30.457Z,Muse-2E72,AF7,215,372.558594
2026-08-04T19:00:29.591Z,2026-08-04T19:00:30.457Z,Muse-2E72,AF7,216,-397.949219
2026-08-04T19:00:29.591Z,2026-08-04T19:00:30.515Z,Muse-2E72,TP10,217,-237.792969
2026-08-04T19:00:29.591Z,2026-08-04T19:00:30.515Z,Muse-2E72,TP10,218,-100.585938
2026-08-04T19:00:29.591Z,2026-08-04T19:00:30.515Z,Muse-2E72,TP10,219,676.757812
2026-08-04T19:00:29.591Z,2026-08-04T19:00:30.515Z,Muse-2E72,TP10,220,198.730469
2026-08-04T19:00:29.591Z,2026-08-04T19:00:30.515Z,Muse-2E72,TP10,221,-524.902344
2026-08-04T19:00:29.591Z,2026-08-04T19:00:30.515Z,Muse-2E72,TP10,222,-133.300781
2026-08-04T19:00:29.591Z,2026-08-04T19:00:30.515Z,Muse-2E72,TP10,223,470.214844
2026-08-04T19:00:29.591Z,2026-08-04T19:00:30.515Z,Muse-2E72,TP10,224,505.371094
2026-08-04T19:00:29.591Z,2026-08-04T19:00:30.515Z,Muse-2E72,TP10,225,-36.132812
2026-08-04T19:00:29.591Z,2026-08-04T19:00:30.515Z,Muse-2E72,TP10,226,-410.156250
2026-08-04T19:00:29.591Z,2026-08-04T19:00:30.515Z,Muse-2E72,TP10,227,150.878906
2026-08-04T19:00:29.591Z,2026-08-04T19:00:30.515Z,Muse-2E72,TP10,228,689.453125
2026-08-04T19:00:29.591Z,2026-08-04T19:00:30.517Z,Muse-2E72,AF8,217,-87.890625
2026-08-04T19:00:29.591Z,2026-08-04T19:00:30.517Z,Muse-2E72,AF8,218,128.906250
2026-08-04T19:00:29.591Z,2026-08-04T19:00:30.517Z,Muse-2E72,AF8,219,374.511719
2026-08-04T19:00:29.591Z,2026-08-04T19:00:30.517Z,Muse-2E72,AF8,220,58.593750
2026-08-04T19:00:29.591Z,2026-08-04T19:00:30.517Z,Muse-2E72,AF8,221,-126.464844
2026-08-04T19:00:29.591Z,2026-08-04T19:00:30.517Z,Muse-2E72,AF8,222,97.167969
2026-08-04T19:00:29.591Z,2026-08-04T19:00:30.517Z,Muse-2E72,AF8,223,471.191406
2026-08-04T19:00:29.591Z,2026-08-04T19:00:30.517Z,Muse-2E72,AF8,224,338.867188
2026-08-04T19:00:29.591Z,2026-08-04T19:00:30.517Z,Muse-2E72,AF8,225,-24.902344
2026-08-04T19:00:29.591Z,2026-08-04T19:00:30.517Z,Muse-2E72,AF8,226,116.699219
2026-08-04T19:00:29.591Z,2026-08-04T19:00:30.517Z,Muse-2E72,AF8,227,563.476562
2026-08-04T19:00:29.591Z,2026-08-04T19:00:30.517Z,Muse-2E72,AF8,228,416.503906
2026-08-04T19:00:29.591Z,2026-08-04T19:00:30.517Z,Muse-2E72,TP9,217,-44.921875
2026-08-04T19:00:29.591Z,2026-08-04T19:00:30.517Z,Muse-2E72,TP9,218,-167.480469
2026-08-04T19:00:29.591Z,2026-08-04T19:00:30.517Z,Muse-2E72,TP9,219,458.984375
2026-08-04T19:00:29.591Z,2026-08-04T19:00:30.517Z,Muse-2E72,TP9,220,241.699219
2026-08-04T19:00:29.591Z,2026-08-04T19:00:30.517Z,Muse-2E72,TP9,221,-340.820312
2026-08-04T19:00:29.591Z,2026-08-04T19:00:30.517Z,Muse-2E72,TP9,222,-143.554688
2026-08-04T19:00:29.591Z,2026-08-04T19:00:30.517Z,Muse-2E72,TP9,223,274.902344
2026-08-04T19:00:29.591Z,2026-08-04T19:00:30.517Z,Muse-2E72,TP9,224,433.593750
2026-08-04T19:00:29.591Z,2026-08-04T19:00:30.517Z,Muse-2E72,TP9,225,24.902344
2026-08-04T19:00:29.591Z,2026-08-04T19:00:30.517Z,Muse-2E72,TP9,226,-369.140625
2026-08-04T19:00:29.591Z,2026-08-04T19:00:30.517Z,Muse-2E72,TP9,227,-8.300781
2026-08-04T19:00:29.591Z,2026-08-04T19:00:30.517Z,Muse-2E72,TP9,228,549.316406
2026-08-04T19:00:29.591Z,2026-08-04T19:00:30.517Z,Muse-2E72,AF7,217,-805.175781
2026-08-04T19:00:29.591Z,2026-08-04T19:00:30.517Z,Muse-2E72,AF7,218,-255.859375
2026-08-04T19:00:29.591Z,2026-08-04T19:00:30.517Z,Muse-2E72,AF7,219,581.054688
2026-08-04T19:00:29.591Z,2026-08-04T19:00:30.517Z,Muse-2E72,AF7,220,-388.671875
2026-08-04T19:00:29.591Z,2026-08-04T19:00:30.517Z,Muse-2E72,AF7,221,-1000.000000
2026-08-04T19:00:29.591Z,2026-08-04T19:00:30.517Z,Muse-2E72,AF7,222,-722.656250
2026-08-04T19:00:29.591Z,2026-08-04T19:00:30.517Z,Muse-2E72,AF7,223,302.246094
2026-08-04T19:00:29.591Z,2026-08-04T19:00:30.517Z,Muse-2E72,AF7,224,-9.277344
2026-08-04T19:00:29.591Z,2026-08-04T19:00:30.517Z,Muse-2E72,AF7,225,-1000.000000
2026-08-04T19:00:29.591Z,2026-08-04T19:00:30.517Z,Muse-2E72,AF7,226,-808.105469
2026-08-04T19:00:29.591Z,2026-08-04T19:00:30.517Z,Muse-2E72,AF7,227,290.039062
2026-08-04T19:00:29.591Z,2026-08-04T19:00:30.517Z,Muse-2E72,AF7,228,281.250000
2026-08-04T19:00:29.591Z,2026-08-04T19:00:30.544Z,Muse-2E72,TP10,229,-111.328125
2026-08-04T19:00:29.591Z,2026-08-04T19:00:30.544Z,Muse-2E72,TP10,230,-404.785156
2026-08-04T19:00:29.591Z,2026-08-04T19:00:30.544Z,Muse-2E72,TP10,231,350.097656
2026-08-04T19:00:29.591Z,2026-08-04T19:00:30.544Z,Muse-2E72,TP10,232,714.355469
2026-08-04T19:00:29.591Z,2026-08-04T19:00:30.544Z,Muse-2E72,TP10,233,101.074219
2026-08-04T19:00:29.591Z,2026-08-04T19:00:30.544Z,Muse-2E72,TP10,234,-291.015625
2026-08-04T19:00:29.591Z,2026-08-04T19:00:30.544Z,Muse-2E72,TP10,235,-51.757812
2026-08-04T19:00:29.591Z,2026-08-04T19:00:30.544Z,Muse-2E72,TP10,236,501.464844
2026-08-04T19:00:29.591Z,2026-08-04T19:00:30.544Z,Muse-2E72,TP10,237,197.753906
2026-08-04T19:00:29.591Z,2026-08-04T19:00:30.544Z,Muse-2E72,TP10,238,-633.300781
2026-08-04T19:00:29.591Z,2026-08-04T19:00:30.544Z,Muse-2E72,TP10,239,-346.191406
2026-08-04T19:00:29.591Z,2026-08-04T19:00:30.544Z,Muse-2E72,TP10,240,731.445312
2026-08-04T19:00:29.591Z,2026-08-04T19:00:30.547Z,Muse-2E72,AF8,229,163.574219
2026-08-04T19:00:29.591Z,2026-08-04T19:00:30.547Z,Muse-2E72,AF8,230,339.843750
2026-08-04T19:00:29.591Z,2026-08-04T19:00:30.547Z,Muse-2E72,AF8,231,470.703125
2026-08-04T19:00:29.591Z,2026-08-04T19:00:30.547Z,Muse-2E72,AF8,232,394.042969
2026-08-04T19:00:29.591Z,2026-08-04T19:00:30.547Z,Muse-2E72,AF8,233,243.164062
2026-08-04T19:00:29.591Z,2026-08-04T19:00:30.547Z,Muse-2E72,AF8,234,328.613281
2026-08-04T19:00:29.591Z,2026-08-04T19:00:30.547Z,Muse-2E72,AF8,235,419.921875
2026-08-04T19:00:29.591Z,2026-08-04T19:00:30.547Z,Muse-2E72,AF8,236,440.429688
2026-08-04T19:00:29.591Z,2026-08-04T19:00:30.547Z,Muse-2E72,AF8,237,342.285156
2026-08-04T19:00:29.591Z,2026-08-04T19:00:30.547Z,Muse-2E72,AF8,238,305.175781
2026-08-04T19:00:29.591Z,2026-08-04T19:00:30.547Z,Muse-2E72,AF8,239,630.859375
2026-08-04T19:00:29.591Z,2026-08-04T19:00:30.547Z,Muse-2E72,AF8,240,624.023438
2026-08-04T19:00:29.591Z,2026-08-04T19:00:30.547Z,Muse-2E72,TP9,229,-77.148438
2026-08-04T19:00:29.591Z,2026-08-04T19:00:30.547Z,Muse-2E72,TP9,230,-299.316406
2026-08-04T19:00:29.591Z,2026-08-04T19:00:30.547Z,Muse-2E72,TP9,231,260.253906
2026-08-04T19:00:29.591Z,2026-08-04T19:00:30.547Z,Muse-2E72,TP9,232,501.464844
2026-08-04T19:00:29.591Z,2026-08-04T19:00:30.547Z,Muse-2E72,TP9,233,129.882812
2026-08-04T19:00:29.591Z,2026-08-04T19:00:30.547Z,Muse-2E72,TP9,234,-177.246094
2026-08-04T19:00:29.591Z,2026-08-04T19:00:30.547Z,Muse-2E72,TP9,235,-94.238281
2026-08-04T19:00:29.591Z,2026-08-04T19:00:30.547Z,Muse-2E72,TP9,236,331.542969
2026-08-04T19:00:29.591Z,2026-08-04T19:00:30.547Z,Muse-2E72,TP9,237,285.644531
2026-08-04T19:00:29.591Z,2026-08-04T19:00:30.547Z,Muse-2E72,TP9,238,-440.917969
2026-08-04T19:00:29.591Z,2026-08-04T19:00:30.547Z,Muse-2E72,TP9,239,-253.417969
2026-08-04T19:00:29.591Z,2026-08-04T19:00:30.547Z,Muse-2E72,TP9,240,705.566406
2026-08-04T19:00:29.591Z,2026-08-04T19:00:30.547Z,Muse-2E72,AF7,229,-797.363281
2026-08-04T19:00:29.591Z,2026-08-04T19:00:30.547Z,Muse-2E72,AF7,230,-977.050781
2026-08-04T19:00:29.591Z,2026-08-04T19:00:30.547Z,Muse-2E72,AF7,231,-43.945312
2026-08-04T19:00:29.591Z,2026-08-04T19:00:30.547Z,Muse-2E72,AF7,232,559.570312
2026-08-04T19:00:29.591Z,2026-08-04T19:00:30.547Z,Muse-2E72,AF7,233,-500.976562
2026-08-04T19:00:29.591Z,2026-08-04T19:00:30.547Z,Muse-2E72,AF7,234,-1000.000000
2026-08-04T19:00:29.591Z,2026-08-04T19:00:30.547Z,Muse-2E72,AF7,235,-291.015625
2026-08-04T19:00:29.591Z,2026-08-04T19:00:30.547Z,Muse-2E72,AF7,236,738.769531
2026-08-04T19:00:29.591Z,2026-08-04T19:00:30.547Z,Muse-2E72,AF7,237,-171.875000
2026-08-04T19:00:29.591Z,2026-08-04T19:00:30.547Z,Muse-2E72,AF7,238,-1000.000000
2026-08-04T19:00:29.591Z,2026-08-04T19:00:30.547Z,Muse-2E72,AF7,239,-412.597656
2026-08-04T19:00:29.591Z,2026-08-04T19:00:30.547Z,Muse-2E72,AF7,240,698.730469
2026-08-04T19:00:29.591Z,2026-08-04T19:00:30.590Z,Muse-2E72,TP10,241,423.828125
2026-08-04T19:00:29.591Z,2026-08-04T19:00:30.590Z,Muse-2E72,TP10,242,-247.558594
2026-08-04T19:00:29.591Z,2026-08-04T19:00:30.590Z,Muse-2E72,TP10,243,-412.109375
2026-08-04T19:00:29.591Z,2026-08-04T19:00:30.590Z,Muse-2E72,TP10,244,-49.316406
2026-08-04T19:00:29.591Z,2026-08-04T19:00:30.590Z,Muse-2E72,TP10,245,574.218750
2026-08-04T19:00:29.591Z,2026-08-04T19:00:30.590Z,Muse-2E72,TP10,246,-38.574219
2026-08-04T19:00:29.591Z,2026-08-04T19:00:30.590Z,Muse-2E72,TP10,247,-268.066406
2026-08-04T19:00:29.591Z,2026-08-04T19:00:30.590Z,Muse-2E72,TP10,248,346.191406
2026-08-04T19:00:29.591Z,2026-08-04T19:00:30.590Z,Muse-2E72,TP10,249,589.355469
2026-08-04T19:00:29.591Z,2026-08-04T19:00:30.590Z,Muse-2E72,TP10,250,299.316406
2026-08-04T19:00:29.591Z,2026-08-04T19:00:30.590Z,Muse-2E72,TP10,251,-244.628906
2026-08-04T19:00:29.591Z,2026-08-04T19:00:30.590Z,Muse-2E72,TP10,252,-320.312500
2026-08-04T19:00:29.591Z,2026-08-04T19:00:30.591Z,Muse-2E72,AF8,241,340.820312
2026-08-04T19:00:29.591Z,2026-08-04T19:00:30.591Z,Muse-2E72,AF8,242,315.917969
2026-08-04T19:00:29.591Z,2026-08-04T19:00:30.591Z,Muse-2E72,AF8,243,367.675781
2026-08-04T19:00:29.591Z,2026-08-04T19:00:30.591Z,Muse-2E72,AF8,244,522.949219
2026-08-04T19:00:29.591Z,2026-08-04T19:00:30.591Z,Muse-2E72,AF8,245,461.914062
2026-08-04T19:00:29.591Z,2026-08-04T19:00:30.591Z,Muse-2E72,AF8,246,415.527344
2026-08-04T19:00:29.591Z,2026-08-04T19:00:30.591Z,Muse-2E72,AF8,247,460.449219
2026-08-04T19:00:29.591Z,2026-08-04T19:00:30.591Z,Muse-2E72,AF8,248,503.417969
2026-08-04T19:00:29.591Z,2026-08-04T19:00:30.591Z,Muse-2E72,AF8,249,532.226562
2026-08-04T19:00:29.591Z,2026-08-04T19:00:30.591Z,Muse-2E72,AF8,250,385.253906
2026-08-04T19:00:29.591Z,2026-08-04T19:00:30.591Z,Muse-2E72,AF8,251,413.574219
2026-08-04T19:00:29.591Z,2026-08-04T19:00:30.591Z,Muse-2E72,AF8,252,552.246094
2026-08-04T19:00:29.591Z,2026-08-04T19:00:30.606Z,Muse-2E72,TP9,241,456.054688
2026-08-04T19:00:29.591Z,2026-08-04T19:00:30.606Z,Muse-2E72,TP9,242,-30.273438
2026-08-04T19:00:29.591Z,2026-08-04T19:00:30.606Z,Muse-2E72,TP9,243,-263.671875
2026-08-04T19:00:29.591Z,2026-08-04T19:00:30.606Z,Muse-2E72,TP9,244,-85.449219
2026-08-04T19:00:29.591Z,2026-08-04T19:00:30.606Z,Muse-2E72,TP9,245,513.183594
2026-08-04T19:00:29.591Z,2026-08-04T19:00:30.606Z,Muse-2E72,TP9,246,111.328125
2026-08-04T19:00:29.591Z,2026-08-04T19:00:30.606Z,Muse-2E72,TP9,247,-199.707031
2026-08-04T19:00:29.591Z,2026-08-04T19:00:30.606Z,Muse-2E72,TP9,248,176.269531
2026-08-04T19:00:29.591Z,2026-08-04T19:00:30.606Z,Muse-2E72,TP9,249,414.550781
2026-08-04T19:00:29.591Z,2026-08-04T19:00:30.606Z,Muse-2E72,TP9,250,325.195312
2026-08-04T19:00:29.591Z,2026-08-04T19:00:30.606Z,Muse-2E72,TP9,251,-165.039062
2026-08-04T19:00:29.591Z,2026-08-04T19:00:30.606Z,Muse-2E72,TP9,252,-384.277344
2026-08-04T19:00:29.591Z,2026-08-04T19:00:30.606Z,Muse-2E72,AF7,241,56.640625
2026-08-04T19:00:29.591Z,2026-08-04T19:00:30.606Z,Muse-2E72,AF7,242,-1000.000000
2026-08-04T19:00:29.591Z,2026-08-04T19:00:30.606Z,Muse-2E72,AF7,243,-924.316406
2026-08-04T19:00:29.591Z,2026-08-04T19:00:30.606Z,Muse-2E72,AF7,244,230.468750
2026-08-04T19:00:29.591Z,2026-08-04T19:00:30.606Z,Muse-2E72,AF7,245,201.660156
2026-08-04T19:00:29.591Z,2026-08-04T19:00:30.606Z,Muse-2E72,AF7,246,-919.433594
2026-08-04T19:00:29.591Z,2026-08-04T19:00:30.606Z,Muse-2E72,AF7,247,-791.992188
2026-08-04T19:00:29.591Z,2026-08-04T19:00:30.606Z,Muse-2E72,AF7,248,10.253906
2026-08-04T19:00:29.591Z,2026-08-04T19:00:30.606Z,Muse-2E72,AF7,249,535.156250
2026-08-04T19:00:29.591Z,2026-08-04T19:00:30.606Z,Muse-2E72,AF7,250,-499.511719
2026-08-04T19:00:29.591Z,2026-08-04T19:00:30.606Z,Muse-2E72,AF7,251,-1000.000000
2026-08-04T19:00:29.591Z,2026-08-04T19:00:30.606Z,Muse-2E72,AF7,252,-317.871094
2026-08-04T19:00:29.591Z,2026-08-04T19:00:30.650Z,Muse-2E72,TP10,253,460.937500
2026-08-04T19:00:29.591Z,2026-08-04T19:00:30.650Z,Muse-2E72,TP10,254,486.328125
2026-08-04T19:00:29.591Z,2026-08-04T19:00:30.650Z,Muse-2E72,TP10,255,-177.734375
2026-08-04T19:00:29.591Z,2026-08-04T19:00:30.650Z,Muse-2E72,TP10,256,-374.511719
2026-08-04T19:00:29.591Z,2026-08-04T19:00:30.650Z,Muse-2E72,TP10,257,359.375000
2026-08-04T19:00:29.591Z,2026-08-04T19:00:30.650Z,Muse-2E72,TP10,258,657.226562
2026-08-04T19:00:29.591Z,2026-08-04T19:00:30.650Z,Muse-2E72,TP10,259,-44.433594
2026-08-04T19:00:29.591Z,2026-08-04T19:00:30.650Z,Muse-2E72,TP10,260,-318.359375
2026-08-04T19:00:29.591Z,2026-08-04T19:00:30.650Z,Muse-2E72,TP10,261,352.050781
2026-08-04T19:00:29.591Z,2026-08-04T19:00:30.650Z,Muse-2E72,TP10,262,668.457031
2026-08-04T19:00:29.591Z,2026-08-04T19:00:30.650Z,Muse-2E72,TP10,263,-174.804688
2026-08-04T19:00:29.591Z,2026-08-04T19:00:30.650Z,Muse-2E72,TP10,264,-585.937500
2026-08-04T19:00:29.591Z,2026-08-04T19:00:30.652Z,Muse-2E72,AF8,253,591.796875
2026-08-04T19:00:29.591Z,2026-08-04T19:00:30.652Z,Muse-2E72,AF8,254,610.351562
2026-08-04T19:00:29.591Z,2026-08-04T19:00:30.652Z,Muse-2E72,AF8,255,533.691406
2026-08-04T19:00:29.591Z,2026-08-04T19:00:30.652Z,Muse-2E72,AF8,256,518.554688
2026-08-04T19:00:29.591Z,2026-08-04T19:00:30.652Z,Muse-2E72,AF8,257,636.718750
2026-08-04T19:00:29.591Z,2026-08-04T19:00:30.652Z,Muse-2E72,AF8,258,656.738281
2026-08-04T19:00:29.591Z,2026-08-04T19:00:30.652Z,Muse-2E72,AF8,259,558.105469
2026-08-04T19:00:29.591Z,2026-08-04T19:00:30.652Z,Muse-2E72,AF8,260,538.085938
2026-08-04T19:00:29.591Z,2026-08-04T19:00:30.652Z,Muse-2E72,AF8,261,637.207031
2026-08-04T19:00:29.591Z,2026-08-04T19:00:30.652Z,Muse-2E72,AF8,262,577.148438
2026-08-04T19:00:29.591Z,2026-08-04T19:00:30.652Z,Muse-2E72,AF8,263,491.699219
2026-08-04T19:00:29.591Z,2026-08-04T19:00:30.652Z,Muse-2E72,AF8,264,509.277344
2026-08-04T19:00:29.591Z,2026-08-04T19:00:30.652Z,Muse-2E72,TP9,253,269.042969
2026-08-04T19:00:29.591Z,2026-08-04T19:00:30.652Z,Muse-2E72,TP9,254,408.691406
2026-08-04T19:00:29.591Z,2026-08-04T19:00:30.652Z,Muse-2E72,TP9,255,-133.300781
2026-08-04T19:00:29.591Z,2026-08-04T19:00:30.652Z,Muse-2E72,TP9,256,-389.648438
2026-08-04T19:00:29.591Z,2026-08-04T19:00:30.652Z,Muse-2E72,TP9,257,185.058594
2026-08-04T19:00:29.591Z,2026-08-04T19:00:30.652Z,Muse-2E72,TP9,258,605.468750
2026-08-04T19:00:29.591Z,2026-08-04T19:00:30.652Z,Muse-2E72,TP9,259,125.000000
2026-08-04T19:00:29.591Z,2026-08-04T19:00:30.652Z,Muse-2E72,TP9,260,-216.796875
2026-08-04T19:00:29.591Z,2026-08-04T19:00:30.652Z,Muse-2E72,TP9,261,172.851562
2026-08-04T19:00:29.591Z,2026-08-04T19:00:30.652Z,Muse-2E72,TP9,262,570.312500
2026-08-04T19:00:29.591Z,2026-08-04T19:00:30.652Z,Muse-2E72,TP9,263,8.789062
2026-08-04T19:00:29.591Z,2026-08-04T19:00:30.652Z,Muse-2E72,TP9,264,-424.316406
2026-08-04T19:00:29.591Z,2026-08-04T19:00:30.652Z,Muse-2E72,AF7,253,675.781250
2026-08-04T19:00:29.591Z,2026-08-04T19:00:30.652Z,Muse-2E72,AF7,254,-19.531250
2026-08-04T19:00:29.591Z,2026-08-04T19:00:30.652Z,Muse-2E72,AF7,255,-975.097656
2026-08-04T19:00:29.591Z,2026-08-04T19:00:30.652Z,Muse-2E72,AF7,256,-604.492188
2026-08-04T19:00:29.591Z,2026-08-04T19:00:30.652Z,Muse-2E72,AF7,257,465.820312
2026-08-04T19:00:29.591Z,2026-08-04T19:00:30.652Z,Muse-2E72,AF7,258,340.820312
2026-08-04T19:00:29.591Z,2026-08-04T19:00:30.652Z,Muse-2E72,AF7,259,-692.382812
2026-08-04T19:00:29.591Z,2026-08-04T19:00:30.652Z,Muse-2E72,AF7,260,-897.460938
2026-08-04T19:00:29.591Z,2026-08-04T19:00:30.652Z,Muse-2E72,AF7,261,213.867188
2026-08-04T19:00:29.591Z,2026-08-04T19:00:30.652Z,Muse-2E72,AF7,262,319.335938
2026-08-04T19:00:29.591Z,2026-08-04T19:00:30.652Z,Muse-2E72,AF7,263,-801.269531
2026-08-04T19:00:29.591Z,2026-08-04T19:00:30.652Z,Muse-2E72,AF7,264,-935.058594
2026-08-04T19:00:29.591Z,2026-08-04T19:00:30.695Z,Muse-2E72,TP10,265,-41.503906
2026-08-04T19:00:29.591Z,2026-08-04T19:00:30.695Z,Muse-2E72,TP10,266,654.785156
2026-08-04T19:00:29.591Z,2026-08-04T19:00:30.695Z,Muse-2E72,TP10,267,255.371094
2026-08-04T19:00:29.591Z,2026-08-04T19:00:30.695Z,Muse-2E72,TP10,268,-458.496094
2026-08-04T19:00:29.591Z,2026-08-04T19:00:30.695Z,Muse-2E72,TP10,269,-270.996094
2026-08-04T19:00:29.591Z,2026-08-04T19:00:30.695Z,Muse-2E72,TP10,270,427.246094
2026-08-04T19:00:29.591Z,2026-08-04T19:00:30.695Z,Muse-2E72,TP10,271,707.031250
2026-08-04T19:00:29.591Z,2026-08-04T19:00:30.695Z,Muse-2E72,TP10,272,115.722656
2026-08-04T19:00:29.591Z,2026-08-04T19:00:30.695Z,Muse-2E72,TP10,273,-161.621094
2026-08-04T19:00:29.591Z,2026-08-04T19:00:30.695Z,Muse-2E72,TP10,274,420.898438
2026-08-04T19:00:29.591Z,2026-08-04T19:00:30.695Z,Muse-2E72,TP10,275,807.128906
2026-08-04T19:00:29.591Z,2026-08-04T19:00:30.695Z,Muse-2E72,TP10,276,-62.988281
2026-08-04T19:00:29.591Z,2026-08-04T19:00:30.696Z,Muse-2E72,AF8,265,658.203125
2026-08-04T19:00:29.591Z,2026-08-04T19:00:30.696Z,Muse-2E72,AF8,266,712.890625
2026-08-04T19:00:29.591Z,2026-08-04T19:00:30.696Z,Muse-2E72,AF8,267,531.250000
2026-08-04T19:00:29.591Z,2026-08-04T19:00:30.696Z,Muse-2E72,AF8,268,509.277344
2026-08-04T19:00:29.591Z,2026-08-04T19:00:30.696Z,Muse-2E72,AF8,269,645.996094
2026-08-04T19:00:29.591Z,2026-08-04T19:00:30.696Z,Muse-2E72,AF8,270,768.066406
2026-08-04T19:00:29.591Z,2026-08-04T19:00:30.696Z,Muse-2E72,AF8,271,636.230469
2026-08-04T19:00:29.591Z,2026-08-04T19:00:30.696Z,Muse-2E72,AF8,272,532.226562
2026-08-04T19:00:29.591Z,2026-08-04T19:00:30.696Z,Muse-2E72,AF8,273,633.789062
2026-08-04T19:00:29.591Z,2026-08-04T19:00:30.696Z,Muse-2E72,AF8,274,767.578125
2026-08-04T19:00:29.591Z,2026-08-04T19:00:30.696Z,Muse-2E72,AF8,275,583.984375
2026-08-04T19:00:29.591Z,2026-08-04T19:00:30.696Z,Muse-2E72,AF8,276,477.050781
2026-08-04T19:00:29.591Z,2026-08-04T19:00:30.696Z,Muse-2E72,TP9,265,-61.523438
2026-08-04T19:00:29.591Z,2026-08-04T19:00:30.696Z,Muse-2E72,TP9,266,579.101562
2026-08-04T19:00:29.591Z,2026-08-04T19:00:30.696Z,Muse-2E72,TP9,267,317.871094
2026-08-04T19:00:29.591Z,2026-08-04T19:00:30.696Z,Muse-2E72,TP9,268,-321.777344
2026-08-04T19:00:29.591Z,2026-08-04T19:00:30.696Z,Muse-2E72,TP9,269,-290.527344
2026-08-04T19:00:29.591Z,2026-08-04T19:00:30.696Z,Muse-2E72,TP9,270,339.843750
2026-08-04T19:00:29.591Z,2026-08-04T19:00:30.696Z,Muse-2E72,TP9,271,671.386719
2026-08-04T19:00:29.591Z,2026-08-04T19:00:30.696Z,Muse-2E72,TP9,272,169.921875
2026-08-04T19:00:29.591Z,2026-08-04T19:00:30.696Z,Muse-2E72,TP9,273,-100.097656
2026-08-04T19:00:29.591Z,2026-08-04T19:00:30.696Z,Muse-2E72,TP9,274,348.144531
2026-08-04T19:00:29.591Z,2026-08-04T19:00:30.696Z,Muse-2E72,TP9,275,772.460938
2026-08-04T19:00:29.591Z,2026-08-04T19:00:30.696Z,Muse-2E72,TP9,276,50.292969
2026-08-04T19:00:29.591Z,2026-08-04T19:00:30.711Z,Muse-2E72,AF7,265,-18.066406
2026-08-04T19:00:29.591Z,2026-08-04T19:00:30.711Z,Muse-2E72,AF7,266,641.601562
2026-08-04T19:00:29.591Z,2026-08-04T19:00:30.711Z,Muse-2E72,AF7,267,-354.980469
2026-08-04T19:00:29.591Z,2026-08-04T19:00:30.711Z,Muse-2E72,AF7,268,-1000.000000
2026-08-04T19:00:29.591Z,2026-08-04T19:00:30.711Z,Muse-2E72,AF7,269,-291.503906
2026-08-04T19:00:29.591Z,2026-08-04T19:00:30.711Z,Muse-2E72,AF7,270,643.066406
2026-08-04T19:00:29.591Z,2026-08-04T19:00:30.711Z,Muse-2E72,AF7,271,-83.496094
2026-08-04T19:00:29.591Z,2026-08-04T19:00:30.711Z,Muse-2E72,AF7,272,-1000.000000
2026-08-04T19:00:29.591Z,2026-08-04T19:00:30.711Z,Muse-2E72,AF7,273,-773.925781
2026-08-04T19:00:29.591Z,2026-08-04T19:00:30.711Z,Muse-2E72,AF7,274,462.890625
2026-08-04T19:00:29.591Z,2026-08-04T19:00:30.711Z,Muse-2E72,AF7,275,176.269531
2026-08-04T19:00:29.591Z,2026-08-04T19:00:30.711Z,Muse-2E72,AF7,276,-1000.000000
2026-08-04T19:00:29.591Z,2026-08-04T19:00:30.740Z,Muse-2E72,TP10,277,-365.722656
2026-08-04T19:00:29.591Z,2026-08-04T19:00:30.740Z,Muse-2E72,TP10,278,556.640625
2026-08-04T19:00:29.591Z,2026-08-04T19:00:30.740Z,Muse-2E72,TP10,279,818.359375
2026-08-04T19:00:29.591Z,2026-08-04T19:00:30.740Z,Muse-2E72,TP10,280,81.542969
2026-08-04T19:00:29.591Z,2026-08-04T19:00:30.740Z,Muse-2E72,TP10,281,-309.570312
2026-08-04T19:00:29.591Z,2026-08-04T19:00:30.740Z,Muse-2E72,TP10,282,205.078125
2026-08-04T19:00:29.591Z,2026-08-04T19:00:30.740Z,Muse-2E72,TP10,283,788.574219
2026-08-04T19:00:29.591Z,2026-08-04T19:00:30.740Z,Muse-2E72,TP10,284,217.285156
2026-08-04T19:00:29.591Z,2026-08-04T19:00:30.740Z,Muse-2E72,TP10,285,-373.535156
2026-08-04T19:00:29.591Z,2026-08-04T19:00:30.740Z,Muse-2E72,TP10,286,139.648438
2026-08-04T19:00:29.591Z,2026-08-04T19:00:30.740Z,Muse-2E72,TP10,287,699.707031
2026-08-04T19:00:29.591Z,2026-08-04T19:00:30.740Z,Muse-2E72,TP10,288,436.523438
2026-08-04T19:00:29.591Z,2026-08-04T19:00:30.741Z,Muse-2E72,AF8,277,675.781250
2026-08-04T19:00:29.591Z,2026-08-04T19:00:30.741Z,Muse-2E72,AF8,278,719.238281
2026-08-04T19:00:29.591Z,2026-08-04T19:00:30.741Z,Muse-2E72,AF8,279,598.632812
2026-08-04T19:00:29.591Z,2026-08-04T19:00:30.741Z,Muse-2E72,AF8,280,520.996094
2026-08-04T19:00:29.591Z,2026-08-04T19:00:30.741Z,Muse-2E72,AF8,281,523.437500
2026-08-04T19:00:29.591Z,2026-08-04T19:00:30.741Z,Muse-2E72,AF8,282,639.648438
2026-08-04T19:00:29.591Z,2026-08-04T19:00:30.741Z,Muse-2E72,AF8,283,639.648438
2026-08-04T19:00:29.591Z,2026-08-04T19:00:30.741Z,Muse-2E72,AF8,284,491.699219
2026-08-04T19:00:29.591Z,2026-08-04T19:00:30.741Z,Muse-2E72,AF8,285,687.988281
2026-08-04T19:00:29.591Z,2026-08-04T19:00:30.741Z,Muse-2E72,AF8,286,739.746094
2026-08-04T19:00:29.591Z,2026-08-04T19:00:30.741Z,Muse-2E72,AF8,287,604.980469
2026-08-04T19:00:29.591Z,2026-08-04T19:00:30.741Z,Muse-2E72,AF8,288,595.214844
2026-08-04T19:00:29.591Z,2026-08-04T19:00:30.742Z,Muse-2E72,TP9,277,-242.675781
2026-08-04T19:00:29.591Z,2026-08-04T19:00:30.742Z,Muse-2E72,TP9,278,402.832031
2026-08-04T19:00:29.591Z,2026-08-04T19:00:30.742Z,Muse-2E72,TP9,279,687.988281
2026-08-04T19:00:29.591Z,2026-08-04T19:00:30.742Z,Muse-2E72,TP9,280,235.351562
2026-08-04T19:00:29.591Z,2026-08-04T19:00:30.742Z,Muse-2E72,TP9,281,-120.605469
2026-08-04T19:00:29.591Z,2026-08-04T19:00:30.742Z,Muse-2E72,TP9,282,126.464844
2026-08-04T19:00:29.591Z,2026-08-04T19:00:30.742Z,Muse-2E72,TP9,283,629.394531
2026-08-04T19:00:29.591Z,2026-08-04T19:00:30.742Z,Muse-2E72,TP9,284,347.167969
2026-08-04T19:00:29.591Z,2026-08-04T19:00:30.742Z,Muse-2E72,TP9,285,-62.011719
2026-08-04T19:00:29.591Z,2026-08-04T19:00:30.742Z,Muse-2E72,TP9,286,187.988281
2026-08-04T19:00:29.591Z,2026-08-04T19:00:30.742Z,Muse-2E72,TP9,287,468.261719
2026-08-04T19:00:29.591Z,2026-08-04T19:00:30.742Z,Muse-2E72,TP9,288,533.203125
2026-08-04T19:00:29.591Z,2026-08-04T19:00:30.742Z,Muse-2E72,AF7,277,-581.542969
2026-08-04T19:00:29.591Z,2026-08-04T19:00:30.742Z,Muse-2E72,AF7,278,535.644531
2026-08-04T19:00:29.591Z,2026-08-04T19:00:30.742Z,Muse-2E72,AF7,279,592.285156
2026-08-04T19:00:29.591Z,2026-08-04T19:00:30.742Z,Muse-2E72,AF7,280,-510.253906
2026-08-04T19:00:29.591Z,2026-08-04T19:00:30.742Z,Muse-2E72,AF7,281,-1000.000000
2026-08-04T19:00:29.591Z,2026-08-04T19:00:30.742Z,Muse-2E72,AF7,282,-163.085938
2026-08-04T19:00:29.591Z,2026-08-04T19:00:30.742Z,Muse-2E72,AF7,283,798.339844
2026-08-04T19:00:29.591Z,2026-08-04T19:00:30.742Z,Muse-2E72,AF7,284,-283.691406
2026-08-04T19:00:29.591Z,2026-08-04T19:00:30.742Z,Muse-2E72,AF7,285,-585.449219
2026-08-04T19:00:29.591Z,2026-08-04T19:00:30.742Z,Muse-2E72,AF7,286,324.218750
2026-08-04T19:00:29.591Z,2026-08-04T19:00:30.742Z,Muse-2E72,AF7,287,754.882812
2026-08-04T19:00:29.591Z,2026-08-04T19:00:30.742Z,Muse-2E72,AF7,288,219.238281
2026-08-04T19:00:29.591Z,2026-08-04T19:00:30.785Z,Muse-2E72,TP10,289,56.640625
2026-08-04T19:00:29.591Z,2026-08-04T19:00:30.785Z,Muse-2E72,TP10,290,127.929688
2026-08-04T19:00:29.591Z,2026-08-04T19:00:30.785Z,Muse-2E72,TP10,291,379.394531
2026-08-04T19:00:29.591Z,2026-08-04T19:00:30.785Z,Muse-2E72,TP10,292,702.636719
2026-08-04T19:00:29.591Z,2026-08-04T19:00:30.785Z,Muse-2E72,TP10,293,94.726562
2026-08-04T19:00:29.591Z,2026-08-04T19:00:30.785Z,Muse-2E72,TP10,294,-456.542969
2026-08-04T19:00:29.591Z,2026-08-04T19:00:30.785Z,Muse-2E72,TP10,295,96.679688
2026-08-04T19:00:29.591Z,2026-08-04T19:00:30.785Z,Muse-2E72,TP10,296,741.210938
2026-08-04T19:00:29.591Z,2026-08-04T19:00:30.785Z,Muse-2E72,TP10,297,407.714844
2026-08-04T19:00:29.591Z,2026-08-04T19:00:30.785Z,Muse-2E72,TP10,298,-202.148438
2026-08-04T19:00:29.591Z,2026-08-04T19:00:30.785Z,Muse-2E72,TP10,299,-257.324219
2026-08-04T19:00:29.591Z,2026-08-04T19:00:30.785Z,Muse-2E72,TP10,300,445.312500
2026-08-04T19:00:29.591Z,2026-08-04T19:00:30.786Z,Muse-2E72,AF8,289,589.843750
2026-08-04T19:00:29.591Z,2026-08-04T19:00:30.786Z,Muse-2E72,AF8,290,563.964844
2026-08-04T19:00:29.591Z,2026-08-04T19:00:30.786Z,Muse-2E72,AF8,291,653.320312
2026-08-04T19:00:29.591Z,2026-08-04T19:00:30.786Z,Muse-2E72,AF8,292,600.585938
2026-08-04T19:00:29.591Z,2026-08-04T19:00:30.786Z,Muse-2E72,AF8,293,488.281250
2026-08-04T19:00:29.591Z,2026-08-04T19:00:30.786Z,Muse-2E72,AF8,294,555.175781
2026-08-04T19:00:29.591Z,2026-08-04T19:00:30.786Z,Muse-2E72,AF8,295,648.437500
2026-08-04T19:00:29.591Z,2026-08-04T19:00:30.786Z,Muse-2E72,AF8,296,676.269531
2026-08-04T19:00:29.591Z,2026-08-04T19:00:30.786Z,Muse-2E72,AF8,297,627.929688
2026-08-04T19:00:29.591Z,2026-08-04T19:00:30.786Z,Muse-2E72,AF8,298,486.328125
2026-08-04T19:00:29.591Z,2026-08-04T19:00:30.786Z,Muse-2E72,AF8,299,567.871094
2026-08-04T19:00:29.591Z,2026-08-04T19:00:30.786Z,Muse-2E72,AF8,300,812.500000
2026-08-04T19:00:29.591Z,2026-08-04T19:00:30.786Z,Muse-2E72,TP9,289,286.132812
2026-08-04T19:00:29.591Z,2026-08-04T19:00:30.786Z,Muse-2E72,TP9,290,155.761719
2026-08-04T19:00:29.591Z,2026-08-04T19:00:30.786Z,Muse-2E72,TP9,291,234.375000
2026-08-04T19:00:29.591Z,2026-08-04T19:00:30.786Z,Muse-2E72,TP9,292,652.832031
2026-08-04T19:00:29.591Z,2026-08-04T19:00:30.786Z,Muse-2E72,TP9,293,279.785156
2026-08-04T19:00:29.591Z,2026-08-04T19:00:30.786Z,Muse-2E72,TP9,294,-231.445312
2026-08-04T19:00:29.591Z,2026-08-04T19:00:30.786Z,Muse-2E72,TP9,295,69.824219
2026-08-04T19:00:29.591Z,2026-08-04T19:00:30.786Z,Muse-2E72,TP9,296,649.902344
2026-08-04T19:00:29.591Z,2026-08-04T19:00:30.786Z,Muse-2E72,TP9,297,491.699219
2026-08-04T19:00:29.591Z,2026-08-04T19:00:30.786Z,Muse-2E72,TP9,298,-39.062500
2026-08-04T19:00:29.591Z,2026-08-04T19:00:30.786Z,Muse-2E72,TP9,299,-224.121094
2026-08-04T19:00:29.591Z,2026-08-04T19:00:30.786Z,Muse-2E72,TP9,300,361.816406
2026-08-04T19:00:29.591Z,2026-08-04T19:00:30.789Z,Muse-2E72,AF7,289,-490.722656
2026-08-04T19:00:29.591Z,2026-08-04T19:00:30.789Z,Muse-2E72,AF7,290,-610.351562
2026-08-04T19:00:29.591Z,2026-08-04T19:00:30.789Z,Muse-2E72,AF7,291,371.582031
2026-08-04T19:00:29.591Z,2026-08-04T19:00:30.789Z,Muse-2E72,AF7,292,466.308594
2026-08-04T19:00:29.591Z,2026-08-04T19:00:30.789Z,Muse-2E72,AF7,293,-832.031250
2026-08-04T19:00:29.591Z,2026-08-04T19:00:30.789Z,Muse-2E72,AF7,294,-1000.000000
2026-08-04T19:00:29.591Z,2026-08-04T19:00:30.789Z,Muse-2E72,AF7,295,19.531250
2026-08-04T19:00:29.591Z,2026-08-04T19:00:30.789Z,Muse-2E72,AF7,296,584.960938
2026-08-04T19:00:29.591Z,2026-08-04T19:00:30.789Z,Muse-2E72,AF7,297,-341.796875
2026-08-04T19:00:29.591Z,2026-08-04T19:00:30.789Z,Muse-2E72,AF7,298,-994.628906
2026-08-04T19:00:29.591Z,2026-08-04T19:00:30.789Z,Muse-2E72,AF7,299,-137.695312
2026-08-04T19:00:29.591Z,2026-08-04T19:00:30.789Z,Muse-2E72,AF7,300,875.000000
2026-08-04T19:00:29.591Z,2026-08-04T19:00:30.830Z,Muse-2E72,TP10,301,496.582031
2026-08-04T19:00:29.591Z,2026-08-04T19:00:30.830Z,Muse-2E72,TP10,302,-248.535156
2026-08-04T19:00:29.591Z,2026-08-04T19:00:30.830Z,Muse-2E72,TP10,303,-383.300781
2026-08-04T19:00:29.591Z,2026-08-04T19:00:30.830Z,Muse-2E72,TP10,304,433.593750
2026-08-04T19:00:29.591Z,2026-08-04T19:00:30.830Z,Muse-2E72,TP10,305,617.675781
2026-08-04T19:00:29.591Z,2026-08-04T19:00:30.830Z,Muse-2E72,TP10,306,-205.078125
2026-08-04T19:00:29.591Z,2026-08-04T19:00:30.830Z,Muse-2E72,TP10,307,-406.250000
2026-08-04T19:00:29.591Z,2026-08-04T19:00:30.830Z,Muse-2E72,TP10,308,34.179688
2026-08-04T19:00:29.591Z,2026-08-04T19:00:30.830Z,Muse-2E72,TP10,309,559.082031
2026-08-04T19:00:29.591Z,2026-08-04T19:00:30.830Z,Muse-2E72,TP10,310,-51.269531
2026-08-04T19:00:29.591Z,2026-08-04T19:00:30.830Z,Muse-2E72,TP10,311,-565.917969
2026-08-04T19:00:29.591Z,2026-08-04T19:00:30.830Z,Muse-2E72,TP10,312,164.550781
2026-08-04T19:00:29.591Z,2026-08-04T19:00:30.832Z,Muse-2E72,AF8,301,601.562500
2026-08-04T19:00:29.591Z,2026-08-04T19:00:30.832Z,Muse-2E72,AF8,302,401.855469
2026-08-04T19:00:29.591Z,2026-08-04T19:00:30.832Z,Muse-2E72,AF8,303,548.339844
2026-08-04T19:00:29.591Z,2026-08-04T19:00:30.832Z,Muse-2E72,AF8,304,619.628906
2026-08-04T19:00:29.591Z,2026-08-04T19:00:30.832Z,Muse-2E72,AF8,305,477.050781
2026-08-04T19:00:29.591Z,2026-08-04T19:00:30.832Z,Muse-2E72,AF8,306,439.453125
2026-08-04T19:00:29.591Z,2026-08-04T19:00:30.832Z,Muse-2E72,AF8,307,508.789062
2026-08-04T19:00:29.591Z,2026-08-04T19:00:30.832Z,Muse-2E72,AF8,308,736.816406
2026-08-04T19:00:29.591Z,2026-08-04T19:00:30.832Z,Muse-2E72,AF8,309,564.453125
2026-08-04T19:00:29.591Z,2026-08-04T19:00:30.832Z,Muse-2E72,AF8,310,278.808594
2026-08-04T19:00:29.591Z,2026-08-04T19:00:30.832Z,Muse-2E72,AF8,311,441.894531
2026-08-04T19:00:29.591Z,2026-08-04T19:00:30.832Z,Muse-2E72,AF8,312,617.675781
2026-08-04T19:00:29.591Z,2026-08-04T19:00:30.832Z,Muse-2E72,TP9,301,627.929688
2026-08-04T19:00:29.591Z,2026-08-04T19:00:30.832Z,Muse-2E72,TP9,302,19.531250
2026-08-04T19:00:29.591Z,2026-08-04T19:00:30.832Z,Muse-2E72,TP9,303,-239.257812
2026-08-04T19:00:29.591Z,2026-08-04T19:00:30.832Z,Muse-2E72,TP9,304,348.144531
2026-08-04T19:00:29.591Z,2026-08-04T19:00:30.832Z,Muse-2E72,TP9,305,628.906250
2026-08-04T19:00:29.591Z,2026-08-04T19:00:30.832Z,Muse-2E72,TP9,306,21.972656
2026-08-04T19:00:29.591Z,2026-08-04T19:00:30.832Z,Muse-2E72,TP9,307,-195.800781
2026-08-04T19:00:29.591Z,2026-08-04T19:00:30.832Z,Muse-2E72,TP9,308,135.253906
2026-08-04T19:00:29.591Z,2026-08-04T19:00:30.832Z,Muse-2E72,TP9,309,650.390625
2026-08-04T19:00:29.591Z,2026-08-04T19:00:30.832Z,Muse-2E72,TP9,310,186.035156
2026-08-04T19:00:29.591Z,2026-08-04T19:00:30.832Z,Muse-2E72,TP9,311,-271.972656
2026-08-04T19:00:29.591Z,2026-08-04T19:00:30.832Z,Muse-2E72,TP9,312,208.007812
2026-08-04T19:00:29.591Z,2026-08-04T19:00:30.832Z,Muse-2E72,AF7,301,-154.296875
2026-08-04T19:00:29.591Z,2026-08-04T19:00:30.832Z,Muse-2E72,AF7,302,-1000.000000
2026-08-04T19:00:29.591Z,2026-08-04T19:00:30.832Z,Muse-2E72,AF7,303,-550.292969
2026-08-04T19:00:29.591Z,2026-08-04T19:00:30.832Z,Muse-2E72,AF7,304,547.851562
2026-08-04T19:00:29.591Z,2026-08-04T19:00:30.832Z,Muse-2E72,AF7,305,-41.503906
2026-08-04T19:00:29.591Z,2026-08-04T19:00:30.832Z,Muse-2E72,AF7,306,-1000.000000
2026-08-04T19:00:29.591Z,2026-08-04T19:00:30.832Z,Muse-2E72,AF7,307,-964.843750
2026-08-04T19:00:29.591Z,2026-08-04T19:00:30.832Z,Muse-2E72,AF7,308,192.871094
2026-08-04T19:00:29.591Z,2026-08-04T19:00:30.832Z,Muse-2E72,AF7,309,391.113281
2026-08-04T19:00:29.591Z,2026-08-04T19:00:30.832Z,Muse-2E72,AF7,310,-894.531250
2026-08-04T19:00:29.591Z,2026-08-04T19:00:30.832Z,Muse-2E72,AF7,311,-1000.000000
2026-08-04T19:00:29.591Z,2026-08-04T19:00:30.832Z,Muse-2E72,AF7,312,95.703125
2026-08-04T19:00:29.591Z,2026-08-04T19:00:30.875Z,Muse-2E72,TP10,313,806.640625
2026-08-04T19:00:29.591Z,2026-08-04T19:00:30.875Z,Muse-2E72,TP10,314,227.050781
2026-08-04T19:00:29.591Z,2026-08-04T19:00:30.875Z,Muse-2E72,TP10,315,-454.101562
2026-08-04T19:00:29.591Z,2026-08-04T19:00:30.875Z,Muse-2E72,TP10,316,-263.671875
2026-08-04T19:00:29.591Z,2026-08-04T19:00:30.875Z,Muse-2E72,TP10,317,629.394531
2026-08-04T19:00:29.591Z,2026-08-04T19:00:30.875Z,Muse-2E72,TP10,318,756.347656
2026-08-04T19:00:29.591Z,2026-08-04T19:00:30.875Z,Muse-2E72,TP10,319,-221.679688
2026-08-04T19:00:29.591Z,2026-08-04T19:00:30.875Z,Muse-2E72,TP10,320,-443.847656
2026-08-04T19:00:29.591Z,2026-08-04T19:00:30.875Z,Muse-2E72,TP10,321,510.742188
2026-08-04T19:00:29.591Z,2026-08-04T19:00:30.875Z,Muse-2E72,TP10,322,890.625000
2026-08-04T19:00:29.591Z,2026-08-04T19:00:30.875Z,Muse-2E72,TP10,323,-211.425781
2026-08-04T19:00:29.591Z,2026-08-04T19:00:30.875Z,Muse-2E72,TP10,324,-928.222656
2026-08-04T19:00:29.591Z,2026-08-04T19:00:30.877Z,Muse-2E72,AF8,313,510.742188
2026-08-04T19:00:29.591Z,2026-08-04T19:00:30.877Z,Muse-2E72,AF8,314,320.312500
2026-08-04T19:00:29.591Z,2026-08-04T19:00:30.877Z,Muse-2E72,AF8,315,287.597656
2026-08-04T19:00:29.591Z,2026-08-04T19:00:30.877Z,Muse-2E72,AF8,316,487.304688
2026-08-04T19:00:29.591Z,2026-08-04T19:00:30.877Z,Muse-2E72,AF8,317,728.027344
2026-08-04T19:00:29.591Z,2026-08-04T19:00:30.877Z,Muse-2E72,AF8,318,420.898438
2026-08-04T19:00:29.591Z,2026-08-04T19:00:30.877Z,Muse-2E72,AF8,319,31.250000
2026-08-04T19:00:29.591Z,2026-08-04T19:00:30.877Z,Muse-2E72,AF8,320,342.285156
2026-08-04T19:00:29.591Z,2026-08-04T19:00:30.877Z,Muse-2E72,AF8,321,716.796875
2026-08-04T19:00:29.591Z,2026-08-04T19:00:30.877Z,Muse-2E72,AF8,322,433.105469
2026-08-04T19:00:29.591Z,2026-08-04T19:00:30.877Z,Muse-2E72,AF8,323,46.386719
2026-08-04T19:00:29.591Z,2026-08-04T19:00:30.877Z,Muse-2E72,AF8,324,-11.230469
2026-08-04T19:00:29.591Z,2026-08-04T19:00:30.877Z,Muse-2E72,TP9,313,712.890625
2026-08-04T19:00:29.591Z,2026-08-04T19:00:30.877Z,Muse-2E72,TP9,314,359.375000
2026-08-04T19:00:29.591Z,2026-08-04T19:00:30.877Z,Muse-2E72,TP9,315,-125.000000
2026-08-04T19:00:29.591Z,2026-08-04T19:00:30.877Z,Muse-2E72,TP9,316,-303.710938
2026-08-04T19:00:29.591Z,2026-08-04T19:00:30.877Z,Muse-2E72,TP9,317,279.296875
2026-08-04T19:00:29.591Z,2026-08-04T19:00:30.877Z,Muse-2E72,TP9,318,786.621094
2026-08-04T19:00:29.591Z,2026-08-04T19:00:30.877Z,Muse-2E72,TP9,319,152.343750
2026-08-04T19:00:29.591Z,2026-08-04T19:00:30.877Z,Muse-2E72,TP9,320,-246.093750
2026-08-04T19:00:29.591Z,2026-08-04T19:00:30.877Z,Muse-2E72,TP9,321,304.199219
2026-08-04T19:00:29.591Z,2026-08-04T19:00:30.877Z,Muse-2E72,TP9,322,894.531250
2026-08-04T19:00:29.591Z,2026-08-04T19:00:30.877Z,Muse-2E72,TP9,323,206.054688
2026-08-04T19:00:29.591Z,2026-08-04T19:00:30.877Z,Muse-2E72,TP9,324,-648.437500
2026-08-04T19:00:29.591Z,2026-08-04T19:00:30.877Z,Muse-2E72,AF7,313,681.640625
2026-08-04T19:00:29.591Z,2026-08-04T19:00:30.877Z,Muse-2E72,AF7,314,-540.527344
2026-08-04T19:00:29.591Z,2026-08-04T19:00:30.877Z,Muse-2E72,AF7,315,-1000.000000
2026-08-04T19:00:29.591Z,2026-08-04T19:00:30.877Z,Muse-2E72,AF7,316,-347.167969
2026-08-04T19:00:29.591Z,2026-08-04T19:00:30.877Z,Muse-2E72,AF7,317,999.511719
2026-08-04T19:00:29.591Z,2026-08-04T19:00:30.877Z,Muse-2E72,AF7,318,214.843750
2026-08-04T19:00:29.591Z,2026-08-04T19:00:30.877Z,Muse-2E72,AF7,319,-1000.000000
2026-08-04T19:00:29.591Z,2026-08-04T19:00:30.877Z,Muse-2E72,AF7,320,-425.781250
2026-08-04T19:00:29.591Z,2026-08-04T19:00:30.877Z,Muse-2E72,AF7,321,896.972656
2026-08-04T19:00:29.591Z,2026-08-04T19:00:30.877Z,Muse-2E72,AF7,322,364.257812
2026-08-04T19:00:29.591Z,2026-08-04T19:00:30.877Z,Muse-2E72,AF7,323,-967.773438
2026-08-04T19:00:29.591Z,2026-08-04T19:00:30.877Z,Muse-2E72,AF7,324,-1000.000000
2026-08-04T19:00:29.591Z,2026-08-04T19:00:30.920Z,Muse-2E72,TP10,325,-80.078125
2026-08-04T19:00:29.591Z,2026-08-04T19:00:30.920Z,Muse-2E72,TP10,326,973.632812
2026-08-04T19:00:29.591Z,2026-08-04T19:00:30.920Z,Muse-2E72,TP10,327,176.757812
2026-08-04T19:00:29.591Z,2026-08-04T19:00:30.920Z,Muse-2E72,TP10,328,-922.363281
2026-08-04T19:00:29.591Z,2026-08-04T19:00:30.920Z,Muse-2E72,TP10,329,-340.332031
2026-08-04T19:00:29.591Z,2026-08-04T19:00:30.920Z,Muse-2E72,TP10,330,886.718750
2026-08-04T19:00:29.591Z,2026-08-04T19:00:30.920Z,Muse-2E72,TP10,331,583.984375
2026-08-04T19:00:29.591Z,2026-08-04T19:00:30.920Z,Muse-2E72,TP10,332,-492.187500
2026-08-04T19:00:29.591Z,2026-08-04T19:00:30.920Z,Muse-2E72,TP10,333,-646.972656
2026-08-04T19:00:29.591Z,2026-08-04T19:00:30.920Z,Muse-2E72,TP10,334,594.726562
2026-08-04T19:00:29.591Z,2026-08-04T19:00:30.920Z,Muse-2E72,TP10,335,630.859375
2026-08-04T19:00:29.591Z,2026-08-04T19:00:30.920Z,Muse-2E72,TP10,336,-560.058594
2026-08-04T19:00:29.591Z,2026-08-04T19:00:30.922Z,Muse-2E72,AF8,325,483.398438
2026-08-04T19:00:29.591Z,2026-08-04T19:00:30.922Z,Muse-2E72,AF8,326,525.390625
2026-08-04T19:00:29.591Z,2026-08-04T19:00:30.922Z,Muse-2E72,AF8,327,-119.628906
2026-08-04T19:00:29.591Z,2026-08-04T19:00:30.922Z,Muse-2E72,AF8,328,-346.191406
2026-08-04T19:00:29.591Z,2026-08-04T19:00:30.922Z,Muse-2E72,AF8,329,208.496094
2026-08-04T19:00:29.591Z,2026-08-04T19:00:30.922Z,Muse-2E72,AF8,330,681.640625
2026-08-04T19:00:29.591Z,2026-08-04T19:00:30.922Z,Muse-2E72,AF8,331,230.957031
2026-08-04T19:00:29.591Z,2026-08-04T19:00:30.922Z,Muse-2E72,AF8,332,-365.722656
2026-08-04T19:00:29.591Z,2026-08-04T19:00:30.922Z,Muse-2E72,AF8,333,41.015625
2026-08-04T19:00:29.591Z,2026-08-04T19:00:30.922Z,Muse-2E72,AF8,334,734.375000
2026-08-04T19:00:29.591Z,2026-08-04T19:00:30.922Z,Muse-2E72,AF8,335,220.703125
2026-08-04T19:00:29.591Z,2026-08-04T19:00:30.922Z,Muse-2E72,AF8,336,-468.750000
2026-08-04T19:00:29.591Z,2026-08-04T19:00:30.922Z,Muse-2E72,TP9,325,-323.730469
2026-08-04T19:00:29.591Z,2026-08-04T19:00:30.922Z,Muse-2E72,TP9,326,855.957031
2026-08-04T19:00:29.591Z,2026-08-04T19:00:30.922Z,Muse-2E72,TP9,327,646.484375
2026-08-04T19:00:29.591Z,2026-08-04T19:00:30.922Z,Muse-2E72,TP9,328,-546.875000
2026-08-04T19:00:29.591Z,2026-08-04T19:00:30.922Z,Muse-2E72,TP9,329,-437.011719
2026-08-04T19:00:29.591Z,2026-08-04T19:00:30.922Z,Muse-2E72,TP9,330,665.527344
2026-08-04T19:00:29.591Z,2026-08-04T19:00:30.922Z,Muse-2E72,TP9,331,761.718750
2026-08-04T19:00:29.591Z,2026-08-04T19:00:30.922Z,Muse-2E72,TP9,332,-38.085938
2026-08-04T19:00:29.591Z,2026-08-04T19:00:30.922Z,Muse-2E72,TP9,333,-755.859375
2026-08-04T19:00:29.591Z,2026-08-04T19:00:30.922Z,Muse-2E72,TP9,334,121.582031
2026-08-04T19:00:29.591Z,2026-08-04T19:00:30.922Z,Muse-2E72,TP9,335,822.753906
2026-08-04T19:00:29.591Z,2026-08-04T19:00:30.922Z,Muse-2E72,TP9,336,-134.277344
2026-08-04T19:00:29.591Z,2026-08-04T19:00:30.922Z,Muse-2E72,AF7,325,197.265625
2026-08-04T19:00:29.591Z,2026-08-04T19:00:30.922Z,Muse-2E72,AF7,326,754.882812
2026-08-04T19:00:29.591Z,2026-08-04T19:00:30.922Z,Muse-2E72,AF7,327,-669.433594
2026-08-04T19:00:29.591Z,2026-08-04T19:00:30.922Z,Muse-2E72,AF7,328,-1000.000000
2026-08-04T19:00:29.591Z,2026-08-04T19:00:30.922Z,Muse-2E72,AF7,329,-161.621094
2026-08-04T19:00:29.591Z,2026-08-04T19:00:30.922Z,Muse-2E72,AF7,330,965.820312
2026-08-04T19:00:29.591Z,2026-08-04T19:00:30.922Z,Muse-2E72,AF7,331,-141.113281
2026-08-04T19:00:29.591Z,2026-08-04T19:00:30.922Z,Muse-2E72,AF7,332,-1000.000000
2026-08-04T19:00:29.591Z,2026-08-04T19:00:30.922Z,Muse-2E72,AF7,333,-428.222656
2026-08-04T19:00:29.591Z,2026-08-04T19:00:30.922Z,Muse-2E72,AF7,334,999.511719
2026-08-04T19:00:29.591Z,2026-08-04T19:00:30.922Z,Muse-2E72,AF7,335,188.964844
2026-08-04T19:00:29.591Z,2026-08-04T19:00:30.922Z,Muse-2E72,AF7,336,-1000.000000
2026-08-04T19:00:29.591Z,2026-08-04T19:00:30.964Z,Muse-2E72,TP10,337,-870.605469
2026-08-04T19:00:29.591Z,2026-08-04T19:00:30.964Z,Muse-2E72,TP10,338,120.605469
2026-08-04T19:00:29.591Z,2026-08-04T19:00:30.964Z,Muse-2E72,TP10,339,841.796875
2026-08-04T19:00:29.591Z,2026-08-04T19:00:30.964Z,Muse-2E72,TP10,340,-291.992188
2026-08-04T19:00:29.591Z,2026-08-04T19:00:30.964Z,Muse-2E72,TP10,341,-960.449219
2026-08-04T19:00:29.591Z,2026-08-04T19:00:30.964Z,Muse-2E72,TP10,342,-104.003906
2026-08-04T19:00:29.591Z,2026-08-04T19:00:30.964Z,Muse-2E72,TP10,343,841.796875
2026-08-04T19:00:29.591Z,2026-08-04T19:00:30.964Z,Muse-2E72,TP10,344,207.031250
2026-08-04T19:00:29.591Z,2026-08-04T19:00:30.964Z,Muse-2E72,TP10,345,-937.988281
2026-08-04T19:00:29.591Z,2026-08-04T19:00:30.964Z,Muse-2E72,TP10,346,-388.671875
2026-08-04T19:00:29.591Z,2026-08-04T19:00:30.964Z,Muse-2E72,TP10,347,991.210938
2026-08-04T19:00:29.591Z,2026-08-04T19:00:30.964Z,Muse-2E72,TP10,348,363.281250
2026-08-04T19:00:29.591Z,2026-08-04T19:00:30.982Z,Muse-2E72,AF8,337,-213.867188
2026-08-04T19:00:29.591Z,2026-08-04T19:00:30.982Z,Muse-2E72,AF8,338,658.203125
2026-08-04T19:00:29.591Z,2026-08-04T19:00:30.982Z,Muse-2E72,AF8,339,444.335938
2026-08-04T19:00:29.591Z,2026-08-04T19:00:30.982Z,Muse-2E72,AF8,340,-411.132812
2026-08-04T19:00:29.591Z,2026-08-04T19:00:30.982Z,Muse-2E72,AF8,341,-443.847656
2026-08-04T19:00:29.591Z,2026-08-04T19:00:30.982Z,Muse-2E72,AF8,342,485.839844
2026-08-04T19:00:29.591Z,2026-08-04T19:00:30.982Z,Muse-2E72,AF8,343,549.804688
2026-08-04T19:00:29.591Z,2026-08-04T19:00:30.982Z,Muse-2E72,AF8,344,-454.589844
2026-08-04T19:00:29.591Z,2026-08-04T19:00:30.982Z,Muse-2E72,AF8,345,-557.128906
2026-08-04T19:00:29.591Z,2026-08-04T19:00:30.982Z,Muse-2E72,AF8,346,202.148438
2026-08-04T19:00:29.591Z,2026-08-04T19:00:30.982Z,Muse-2E72,AF8,347,625.000000
2026-08-04T19:00:29.591Z,2026-08-04T19:00:30.982Z,Muse-2E72,AF8,348,-135.742188
2026-08-04T19:00:29.591Z,2026-08-04T19:00:30.982Z,Muse-2E72,TP9,337,-856.445312
2026-08-04T19:00:29.591Z,2026-08-04T19:00:30.982Z,Muse-2E72,TP9,338,-122.558594
2026-08-04T19:00:29.591Z,2026-08-04T19:00:30.982Z,Muse-2E72,TP9,339,892.578125
2026-08-04T19:00:29.591Z,2026-08-04T19:00:30.982Z,Muse-2E72,TP9,340,133.300781
2026-08-04T19:00:29.591Z,2026-08-04T19:00:30.982Z,Muse-2E72,TP9,341,-783.203125
2026-08-04T19:00:29.591Z,2026-08-04T19:00:30.982Z,Muse-2E72,TP9,342,-284.667969
2026-08-04T19:00:29.591Z,2026-08-04T19:00:30.982Z,Muse-2E72,TP9,343,692.871094
2026-08-04T19:00:29.591Z,2026-08-04T19:00:30.982Z,Muse-2E72,TP9,344,521.484375
2026-08-04T19:00:29.591Z,2026-08-04T19:00:30.982Z,Muse-2E72,TP9,345,-594.238281
2026-08-04T19:00:29.591Z,2026-08-04T19:00:30.982Z,Muse-2E72,TP9,346,-455.078125
2026-08-04T19:00:29.591Z,2026-08-04T19:00:30.982Z,Muse-2E72,TP9,347,819.824219
2026-08-04T19:00:29.591Z,2026-08-04T19:00:30.982Z,Muse-2E72,TP9,348,675.292969
2026-08-04T19:00:29.591Z,2026-08-04T19:00:30.982Z,Muse-2E72,AF7,337,-877.929688
2026-08-04T19:00:29.591Z,2026-08-04T19:00:30.982Z,Muse-2E72,AF7,338,660.644531
2026-08-04T19:00:29.591Z,2026-08-04T19:00:30.982Z,Muse-2E72,AF7,339,381.347656
2026-08-04T19:00:29.591Z,2026-08-04T19:00:30.982Z,Muse-2E72,AF7,340,-1000.000000
2026-08-04T19:00:29.591Z,2026-08-04T19:00:30.982Z,Muse-2E72,AF7,341,-1000.000000
2026-08-04T19:00:29.591Z,2026-08-04T19:00:30.982Z,Muse-2E72,AF7,342,204.101562
2026-08-04T19:00:29.591Z,2026-08-04T19:00:30.982Z,Muse-2E72,AF7,343,562.500000
2026-08-04T19:00:29.591Z,2026-08-04T19:00:30.982Z,Muse-2E72,AF7,344,-892.578125
2026-08-04T19:00:29.591Z,2026-08-04T19:00:30.982Z,Muse-2E72,AF7,345,-1000.000000
2026-08-04T19:00:29.591Z,2026-08-04T19:00:30.982Z,Muse-2E72,AF7,346,-159.179688
2026-08-04T19:00:29.591Z,2026-08-04T19:00:30.982Z,Muse-2E72,AF7,347,960.937500
2026-08-04T19:00:29.591Z,2026-08-04T19:00:30.982Z,Muse-2E72,AF7,348,-239.746094
2026-08-04T19:00:29.591Z,2026-08-04T19:00:31.040Z,Muse-2E72,TP10,349,-867.187500
2026-08-04T19:00:29.591Z,2026-08-04T19:00:31.040Z,Muse-2E72,TP10,350,-591.308594
2026-08-04T19:00:29.591Z,2026-08-04T19:00:31.040Z,Muse-2E72,TP10,351,728.515625
2026-08-04T19:00:29.591Z,2026-08-04T19:00:31.040Z,Muse-2E72,TP10,352,753.906250
2026-08-04T19:00:29.591Z,2026-08-04T19:00:31.040Z,Muse-2E72,TP10,353,-445.800781
2026-08-04T19:00:29.591Z,2026-08-04T19:00:31.040Z,Muse-2E72,TP10,354,-935.546875
2026-08-04T19:00:29.591Z,2026-08-04T19:00:31.040Z,Muse-2E72,TP10,355,5.371094
2026-08-04T19:00:29.591Z,2026-08-04T19:00:31.040Z,Muse-2E72,TP10,356,877.441406
2026-08-04T19:00:29.591Z,2026-08-04T19:00:31.040Z,Muse-2E72,TP10,357,-356.445312
2026-08-04T19:00:29.591Z,2026-08-04T19:00:31.040Z,Muse-2E72,TP10,358,-845.703125
2026-08-04T19:00:29.591Z,2026-08-04T19:00:31.040Z,Muse-2E72,TP10,359,216.796875
2026-08-04T19:00:29.591Z,2026-08-04T19:00:31.040Z,Muse-2E72,TP10,360,999.511719
2026-08-04T19:00:29.591Z,2026-08-04T19:00:31.041Z,Muse-2E72,AF8,349,-593.750000
2026-08-04T19:00:29.591Z,2026-08-04T19:00:31.041Z,Muse-2E72,AF8,350,127.929688
2026-08-04T19:00:29.591Z,2026-08-04T19:00:31.041Z,Muse-2E72,AF8,351,789.550781
2026-08-04T19:00:29.591Z,2026-08-04T19:00:31.041Z,Muse-2E72,AF8,352,117.675781
2026-08-04T19:00:29.591Z,2026-08-04T19:00:31.041Z,Muse-2E72,AF8,353,-560.546875
2026-08-04T19:00:29.591Z,2026-08-04T19:00:31.041Z,Muse-2E72,AF8,354,-231.933594
2026-08-04T19:00:29.591Z,2026-08-04T19:00:31.041Z,Muse-2E72,AF8,355,640.136719
2026-08-04T19:00:29.591Z,2026-08-04T19:00:31.041Z,Muse-2E72,AF8,356,424.316406
2026-08-04T19:00:29.591Z,2026-08-04T19:00:31.041Z,Muse-2E72,AF8,357,-479.492188
2026-08-04T19:00:29.591Z,2026-08-04T19:00:31.041Z,Muse-2E72,AF8,358,-19.531250
2026-08-04T19:00:29.591Z,2026-08-04T19:00:31.041Z,Muse-2E72,AF8,359,783.203125
2026-08-04T19:00:29.591Z,2026-08-04T19:00:31.041Z,Muse-2E72,AF8,360,503.906250
2026-08-04T19:00:29.591Z,2026-08-04T19:00:31.042Z,Muse-2E72,TP9,349,-412.109375
2026-08-04T19:00:29.591Z,2026-08-04T19:00:31.042Z,Muse-2E72,TP9,350,-548.339844
2026-08-04T19:00:29.591Z,2026-08-04T19:00:31.042Z,Muse-2E72,TP9,351,591.308594
2026-08-04T19:00:29.591Z,2026-08-04T19:00:31.042Z,Muse-2E72,TP9,352,897.460938
2026-08-04T19:00:29.591Z,2026-08-04T19:00:31.042Z,Muse-2E72,TP9,353,-63.476562
2026-08-04T19:00:29.591Z,2026-08-04T19:00:31.042Z,Muse-2E72,TP9,354,-808.105469
2026-08-04T19:00:29.591Z,2026-08-04T19:00:31.042Z,Muse-2E72,TP9,355,-138.183594
2026-08-04T19:00:29.591Z,2026-08-04T19:00:31.042Z,Muse-2E72,TP9,356,951.171875
2026-08-04T19:00:29.591Z,2026-08-04T19:00:31.042Z,Muse-2E72,TP9,357,88.378906
2026-08-04T19:00:29.591Z,2026-08-04T19:00:31.042Z,Muse-2E72,TP9,358,-628.417969
2026-08-04T19:00:29.591Z,2026-08-04T19:00:31.042Z,Muse-2E72,TP9,359,1.953125
2026-08-04T19:00:29.591Z,2026-08-04T19:00:31.042Z,Muse-2E72,TP9,360,860.351562
2026-08-04T19:00:29.591Z,2026-08-04T19:00:31.043Z,Muse-2E72,AF7,349,-1000.000000
2026-08-04T19:00:29.591Z,2026-08-04T19:00:31.043Z,Muse-2E72,AF7,350,-374.511719
2026-08-04T19:00:29.591Z,2026-08-04T19:00:31.043Z,Muse-2E72,AF7,351,999.511719
2026-08-04T19:00:29.591Z,2026-08-04T19:00:31.043Z,Muse-2E72,AF7,352,192.871094
2026-08-04T19:00:29.591Z,2026-08-04T19:00:31.043Z,Muse-2E72,AF7,353,-1000.000000
2026-08-04T19:00:29.591Z,2026-08-04T19:00:31.043Z,Muse-2E72,AF7,354,-893.066406
2026-08-04T19:00:29.591Z,2026-08-04T19:00:31.043Z,Muse-2E72,AF7,355,616.210938
2026-08-04T19:00:29.591Z,2026-08-04T19:00:31.043Z,Muse-2E72,AF7,356,471.191406
2026-08-04T19:00:29.591Z,2026-08-04T19:00:31.043Z,Muse-2E72,AF7,357,-1000.000000
2026-08-04T19:00:29.591Z,2026-08-04T19:00:31.043Z,Muse-2E72,AF7,358,-716.796875
2026-08-04T19:00:29.591Z,2026-08-04T19:00:31.043Z,Muse-2E72,AF7,359,621.582031
2026-08-04T19:00:29.591Z,2026-08-04T19:00:31.043Z,Muse-2E72,AF7,360,727.539062
2026-08-04T19:00:29.591Z,2026-08-04T19:00:31.072Z,Muse-2E72,TP10,361,301.757812
2026-08-04T19:00:29.591Z,2026-08-04T19:00:31.072Z,Muse-2E72,TP10,362,-873.046875
2026-08-04T19:00:29.591Z,2026-08-04T19:00:31.072Z,Muse-2E72,TP10,363,-390.625000
2026-08-04T19:00:29.591Z,2026-08-04T19:00:31.072Z,Muse-2E72,TP10,364,934.570312
2026-08-04T19:00:29.591Z,2026-08-04T19:00:31.072Z,Muse-2E72,TP10,365,469.726562
2026-08-04T19:00:29.591Z,2026-08-04T19:00:31.072Z,Muse-2E72,TP10,366,-713.378906
2026-08-04T19:00:29.591Z,2026-08-04T19:00:31.072Z,Muse-2E72,TP10,367,-646.972656
2026-08-04T19:00:29.591Z,2026-08-04T19:00:31.072Z,Muse-2E72,TP10,368,561.523438
2026-08-04T19:00:29.591Z,2026-08-04T19:00:31.072Z,Muse-2E72,TP10,369,702.148438
2026-08-04T19:00:29.591Z,2026-08-04T19:00:31.072Z,Muse-2E72,TP10,370,-505.859375
2026-08-04T19:00:29.591Z,2026-08-04T19:00:31.072Z,Muse-2E72,TP10,371,-980.468750
2026-08-04T19:00:29.591Z,2026-08-04T19:00:31.072Z,Muse-2E72,TP10,372,46.386719
2026-08-04T19:00:29.591Z,2026-08-04T19:00:31.072Z,Muse-2E72,AF8,361,-182.617188
2026-08-04T19:00:29.591Z,2026-08-04T19:00:31.072Z,Muse-2E72,AF8,362,-328.613281
2026-08-04T19:00:29.591Z,2026-08-04T19:00:31.072Z,Muse-2E72,AF8,363,237.304688
2026-08-04T19:00:29.591Z,2026-08-04T19:00:31.072Z,Muse-2E72,AF8,364,734.863281
2026-08-04T19:00:29.591Z,2026-08-04T19:00:31.072Z,Muse-2E72,AF8,365,155.761719
2026-08-04T19:00:29.591Z,2026-08-04T19:00:31.072Z,Muse-2E72,AF8,366,-489.257812
2026-08-04T19:00:29.591Z,2026-08-04T19:00:31.072Z,Muse-2E72,AF8,367,161.132812
2026-08-04T19:00:29.591Z,2026-08-04T19:00:31.072Z,Muse-2E72,AF8,368,864.257812
2026-08-04T19:00:29.591Z,2026-08-04T19:00:31.072Z,Muse-2E72,AF8,369,405.761719
2026-08-04T19:00:29.591Z,2026-08-04T19:00:31.072Z,Muse-2E72,AF8,370,-249.023438
2026-08-04T19:00:29.591Z,2026-08-04T19:00:31.072Z,Muse-2E72,AF8,371,-72.265625
2026-08-04T19:00:29.591Z,2026-08-04T19:00:31.072Z,Muse-2E72,AF8,372,617.675781
2026-08-04T19:00:29.591Z,2026-08-04T19:00:31.072Z,Muse-2E72,TP9,361,606.933594
2026-08-04T19:00:29.591Z,2026-08-04T19:00:31.072Z,Muse-2E72,TP9,362,-450.683594
2026-08-04T19:00:29.591Z,2026-08-04T19:00:31.072Z,Muse-2E72,TP9,363,-562.011719
2026-08-04T19:00:29.591Z,2026-08-04T19:00:31.072Z,Muse-2E72,TP9,364,474.121094
2026-08-04T19:00:29.591Z,2026-08-04T19:00:31.072Z,Muse-2E72,TP9,365,732.910156
2026-08-04T19:00:29.591Z,2026-08-04T19:00:31.072Z,Muse-2E72,TP9,366,-182.128906
2026-08-04T19:00:29.591Z,2026-08-04T19:00:31.072Z,Muse-2E72,TP9,367,-794.433594
2026-08-04T19:00:29.591Z,2026-08-04T19:00:31.072Z,Muse-2E72,TP9,368,75.195312
2026-08-04T19:00:29.591Z,2026-08-04T19:00:31.072Z,Muse-2E72,TP9,369,692.871094
2026-08-04T19:00:29.591Z,2026-08-04T19:00:31.072Z,Muse-2E72,TP9,370,-307.617188
2026-08-04T19:00:29.591Z,2026-08-04T19:00:31.072Z,Muse-2E72,TP9,371,-899.902344
2026-08-04T19:00:29.591Z,2026-08-04T19:00:31.072Z,Muse-2E72,TP9,372,-173.828125
2026-08-04T19:00:29.591Z,2026-08-04T19:00:31.072Z,Muse-2E72,AF7,361,-601.074219
2026-08-04T19:00:29.591Z,2026-08-04T19:00:31.072Z,Muse-2E72,AF7,362,-1000.000000
2026-08-04T19:00:29.591Z,2026-08-04T19:00:31.072Z,Muse-2E72,AF7,363,-183.105469
2026-08-04T19:00:29.591Z,2026-08-04T19:00:31.072Z,Muse-2E72,AF7,364,999.511719
2026-08-04T19:00:29.591Z,2026-08-04T19:00:31.072Z,Muse-2E72,AF7,365,34.667969
2026-08-04T19:00:29.591Z,2026-08-04T19:00:31.072Z,Muse-2E72,AF7,366,-1000.000000
2026-08-04T19:00:29.591Z,2026-08-04T19:00:31.072Z,Muse-2E72,AF7,367,-458.984375
2026-08-04T19:00:29.591Z,2026-08-04T19:00:31.072Z,Muse-2E72,AF7,368,999.511719
2026-08-04T19:00:29.591Z,2026-08-04T19:00:31.072Z,Muse-2E72,AF7,369,234.375000
2026-08-04T19:00:29.591Z,2026-08-04T19:00:31.072Z,Muse-2E72,AF7,370,-1000.000000
2026-08-04T19:00:29.591Z,2026-08-04T19:00:31.072Z,Muse-2E72,AF7,371,-905.273438
2026-08-04T19:00:29.591Z,2026-08-04T19:00:31.072Z,Muse-2E72,AF7,372,520.019531
2026-08-04T19:00:29.591Z,2026-08-04T19:00:31.115Z,Muse-2E72,TP10,373,613.281250
2026-08-04T19:00:29.591Z,2026-08-04T19:00:31.115Z,Muse-2E72,TP10,374,-299.316406
2026-08-04T19:00:29.591Z,2026-08-04T19:00:31.115Z,Muse-2E72,TP10,375,-778.320312
2026-08-04T19:00:29.591Z,2026-08-04T19:00:31.115Z,Muse-2E72,TP10,376,-120.117188
2026-08-04T19:00:29.591Z,2026-08-04T19:00:31.115Z,Muse-2E72,TP10,377,999.511719
2026-08-04T19:00:29.591Z,2026-08-04T19:00:31.115Z,Muse-2E72,TP10,378,232.421875
2026-08-04T19:00:29.591Z,2026-08-04T19:00:31.115Z,Muse-2E72,TP10,379,-1000.000000
2026-08-04T19:00:29.591Z,2026-08-04T19:00:31.115Z,Muse-2E72,TP10,380,-374.023438
2026-08-04T19:00:29.591Z,2026-08-04T19:00:31.115Z,Muse-2E72,TP10,381,743.652344
2026-08-04T19:00:29.591Z,2026-08-04T19:00:31.115Z,Muse-2E72,TP10,382,293.457031
2026-08-04T19:00:29.591Z,2026-08-04T19:00:31.115Z,Muse-2E72,TP10,383,-723.144531
2026-08-04T19:00:29.591Z,2026-08-04T19:00:31.115Z,Muse-2E72,TP10,384,-673.339844
2026-08-04T19:00:29.591Z,2026-08-04T19:00:31.117Z,Muse-2E72,AF8,373,898.437500
2026-08-04T19:00:29.591Z,2026-08-04T19:00:31.117Z,Muse-2E72,AF8,374,497.070312
2026-08-04T19:00:29.591Z,2026-08-04T19:00:31.117Z,Muse-2E72,AF8,375,-95.703125
2026-08-04T19:00:29.591Z,2026-08-04T19:00:31.117Z,Muse-2E72,AF8,376,543.457031
2026-08-04T19:00:29.591Z,2026-08-04T19:00:31.117Z,Muse-2E72,AF8,377,673.828125
2026-08-04T19:00:29.591Z,2026-08-04T19:00:31.117Z,Muse-2E72,AF8,378,-36.132812
2026-08-04T19:00:29.591Z,2026-08-04T19:00:31.117Z,Muse-2E72,AF8,379,1.464844
2026-08-04T19:00:29.591Z,2026-08-04T19:00:31.117Z,Muse-2E72,AF8,380,572.753906
2026-08-04T19:00:29.591Z,2026-08-04T19:00:31.117Z,Muse-2E72,AF8,381,980.957031
2026-08-04T19:00:29.591Z,2026-08-04T19:00:31.117Z,Muse-2E72,AF8,382,382.324219
2026-08-04T19:00:29.591Z,2026-08-04T19:00:31.117Z,Muse-2E72,AF8,383,-35.644531
2026-08-04T19:00:29.591Z,2026-08-04T19:00:31.117Z,Muse-2E72,AF8,384,514.160156
2026-08-04T19:00:29.591Z,2026-08-04T19:00:31.117Z,Muse-2E72,TP9,373,600.585938
2026-08-04T19:00:29.591Z,2026-08-04T19:00:31.117Z,Muse-2E72,TP9,374,258.789062
2026-08-04T19:00:29.591Z,2026-08-04T19:00:31.117Z,Muse-2E72,TP9,375,-394.042969
2026-08-04T19:00:29.591Z,2026-08-04T19:00:31.117Z,Muse-2E72,TP9,376,-379.882812
2026-08-04T19:00:29.591Z,2026-08-04T19:00:31.117Z,Muse-2E72,TP9,377,896.484375
2026-08-04T19:00:29.591Z,2026-08-04T19:00:31.117Z,Muse-2E72,TP9,378,422.363281
2026-08-04T19:00:29.591Z,2026-08-04T19:00:31.117Z,Muse-2E72,TP9,379,-785.644531
2026-08-04T19:00:29.591Z,2026-08-04T19:00:31.117Z,Muse-2E72,TP9,380,-565.917969
2026-08-04T19:00:29.591Z,2026-08-04T19:00:31.117Z,Muse-2E72,TP9,381,295.410156
2026-08-04T19:00:29.591Z,2026-08-04T19:00:31.117Z,Muse-2E72,TP9,382,664.550781
2026-08-04T19:00:29.591Z,2026-08-04T19:00:31.117Z,Muse-2E72,TP9,383,-153.808594
2026-08-04T19:00:29.591Z,2026-08-04T19:00:31.117Z,Muse-2E72,TP9,384,-822.265625
2026-08-04T19:00:29.591Z,2026-08-04T19:00:31.117Z,Muse-2E72,AF7,373,822.753906
2026-08-04T19:00:29.591Z,2026-08-04T19:00:31.117Z,Muse-2E72,AF7,374,-477.539062
2026-08-04T19:00:29.591Z,2026-08-04T19:00:31.117Z,Muse-2E72,AF7,375,-1000.000000
2026-08-04T19:00:29.591Z,2026-08-04T19:00:31.117Z,Muse-2E72,AF7,376,53.710938
2026-08-04T19:00:29.591Z,2026-08-04T19:00:31.117Z,Muse-2E72,AF7,377,801.757812
2026-08-04T19:00:29.591Z,2026-08-04T19:00:31.117Z,Muse-2E72,AF7,378,-658.691406
2026-08-04T19:00:29.591Z,2026-08-04T19:00:31.117Z,Muse-2E72,AF7,379,-1000.000000
2026-08-04T19:00:29.591Z,2026-08-04T19:00:31.117Z,Muse-2E72,AF7,380,-164.062500
2026-08-04T19:00:29.591Z,2026-08-04T19:00:31.117Z,Muse-2E72,AF7,381,999.511719
2026-08-04T19:00:29.591Z,2026-08-04T19:00:31.117Z,Muse-2E72,AF7,382,-39.062500
2026-08-04T19:00:29.591Z,2026-08-04T19:00:31.117Z,Muse-2E72,AF7,383,-1000.000000
2026-08-04T19:00:29.591Z,2026-08-04T19:00:31.117Z,Muse-2E72,AF7,384,-573.242188
2026-08-04T19:00:29.591Z,2026-08-04T19:00:31.160Z,Muse-2E72,TP10,385,405.273438
2026-08-04T19:00:29.591Z,2026-08-04T19:00:31.160Z,Muse-2E72,TP10,386,802.246094
2026-08-04T19:00:29.591Z,2026-08-04T19:00:31.160Z,Muse-2E72,TP10,387,-387.207031
2026-08-04T19:00:29.591Z,2026-08-04T19:00:31.160Z,Muse-2E72,TP10,388,-972.656250
2026-08-04T19:00:29.591Z,2026-08-04T19:00:31.160Z,Muse-2E72,TP10,389,20.019531
2026-08-04T19:00:29.591Z,2026-08-04T19:00:31.160Z,Muse-2E72,TP10,390,985.351562
2026-08-04T19:00:29.591Z,2026-08-04T19:00:31.160Z,Muse-2E72,TP10,391,-4.394531
2026-08-04T19:00:29.591Z,2026-08-04T19:00:31.160Z,Muse-2E72,TP10,392,-949.707031
2026-08-04T19:00:29.591Z,2026-08-04T19:00:31.160Z,Muse-2E72,TP10,393,-129.394531
2026-08-04T19:00:29.591Z,2026-08-04T19:00:31.160Z,Muse-2E72,TP10,394,999.511719
2026-08-04T19:00:29.591Z,2026-08-04T19:00:31.160Z,Muse-2E72,TP10,395,216.308594
2026-08-04T19:00:29.591Z,2026-08-04T19:00:31.160Z,Muse-2E72,TP10,396,-999.511719
2026-08-04T19:00:29.591Z,2026-08-04T19:00:31.162Z,Muse-2E72,AF8,385,901.855469
2026-08-04T19:00:29.591Z,2026-08-04T19:00:31.162Z,Muse-2E72,AF8,386,504.394531
2026-08-04T19:00:29.591Z,2026-08-04T19:00:31.162Z,Muse-2E72,AF8,387,207.031250
2026-08-04T19:00:29.591Z,2026-08-04T19:00:31.162Z,Muse-2E72,AF8,388,431.640625
2026-08-04T19:00:29.591Z,2026-08-04T19:00:31.162Z,Muse-2E72,AF8,389,789.062500
2026-08-04T19:00:29.591Z,2026-08-04T19:00:31.162Z,Muse-2E72,AF8,390,655.273438
2026-08-04T19:00:29.591Z,2026-08-04T19:00:31.162Z,Muse-2E72,AF8,391,349.121094
2026-08-04T19:00:29.591Z,2026-08-04T19:00:31.162Z,Muse-2E72,AF8,392,450.195312
2026-08-04T19:00:29.591Z,2026-08-04T19:00:31.162Z,Muse-2E72,AF8,393,784.667969
2026-08-04T19:00:29.591Z,2026-08-04T19:00:31.162Z,Muse-2E72,AF8,394,824.707031
2026-08-04T19:00:29.591Z,2026-08-04T19:00:31.162Z,Muse-2E72,AF8,395,440.429688
2026-08-04T19:00:29.591Z,2026-08-04T19:00:31.162Z,Muse-2E72,AF8,396,562.500000
2026-08-04T19:00:29.591Z,2026-08-04T19:00:31.162Z,Muse-2E72,TP9,385,-30.273438
2026-08-04T19:00:29.591Z,2026-08-04T19:00:31.162Z,Muse-2E72,TP9,386,900.390625
2026-08-04T19:00:29.591Z,2026-08-04T19:00:31.162Z,Muse-2E72,TP9,387,-43.945312
2026-08-04T19:00:29.591Z,2026-08-04T19:00:31.162Z,Muse-2E72,TP9,388,-901.855469
2026-08-04T19:00:29.591Z,2026-08-04T19:00:31.162Z,Muse-2E72,TP9,389,-277.343750
2026-08-04T19:00:29.591Z,2026-08-04T19:00:31.162Z,Muse-2E72,TP9,390,930.664062
2026-08-04T19:00:29.591Z,2026-08-04T19:00:31.162Z,Muse-2E72,TP9,391,433.105469
2026-08-04T19:00:29.591Z,2026-08-04T19:00:31.162Z,Muse-2E72,TP9,392,-723.632812
2026-08-04T19:00:29.591Z,2026-08-04T19:00:31.162Z,Muse-2E72,TP9,393,-327.148438
2026-08-04T19:00:29.591Z,2026-08-04T19:00:31.162Z,Muse-2E72,TP9,394,916.015625
2026-08-04T19:00:29.591Z,2026-08-04T19:00:31.162Z,Muse-2E72,TP9,395,369.628906
2026-08-04T19:00:29.591Z,2026-08-04T19:00:31.162Z,Muse-2E72,TP9,396,-669.433594
2026-08-04T19:00:29.591Z,2026-08-04T19:00:31.162Z,Muse-2E72,AF7,385,956.054688
2026-08-04T19:00:29.591Z,2026-08-04T19:00:31.162Z,Muse-2E72,AF7,386,249.023438
2026-08-04T19:00:29.591Z,2026-08-04T19:00:31.162Z,Muse-2E72,AF7,387,-1000.000000
2026-08-04T19:00:29.591Z,2026-08-04T19:00:31.162Z,Muse-2E72,AF7,388,-991.699219
2026-08-04T19:00:29.591Z,2026-08-04T19:00:31.162Z,Muse-2E72,AF7,389,463.867188
2026-08-04T19:00:29.591Z,2026-08-04T19:00:31.162Z,Muse-2E72,AF7,390,634.277344
2026-08-04T19:00:29.591Z,2026-08-04T19:00:31.162Z,Muse-2E72,AF7,391,-860.351562
2026-08-04T19:00:29.591Z,2026-08-04T19:00:31.162Z,Muse-2E72,AF7,392,-1000.000000
2026-08-04T19:00:29.591Z,2026-08-04T19:00:31.162Z,Muse-2E72,AF7,393,127.441406
2026-08-04T19:00:29.591Z,2026-08-04T19:00:31.162Z,Muse-2E72,AF7,394,863.281250
2026-08-04T19:00:29.591Z,2026-08-04T19:00:31.162Z,Muse-2E72,AF7,395,-579.589844
2026-08-04T19:00:29.591Z,2026-08-04T19:00:31.162Z,Muse-2E72,AF7,396,-1000.000000
2026-08-04T19:00:29.591Z,2026-08-04T19:00:31.205Z,Muse-2E72,TP10,397,-437.500000
2026-08-04T19:00:29.591Z,2026-08-04T19:00:31.205Z,Muse-2E72,TP10,398,913.574219
2026-08-04T19:00:29.591Z,2026-08-04T19:00:31.205Z,Muse-2E72,TP10,399,394.531250
2026-08-04T19:00:29.591Z,2026-08-04T19:00:31.205Z,Muse-2E72,TP10,400,-826.171875
2026-08-04T19:00:29.591Z,2026-08-04T19:00:31.205Z,Muse-2E72,TP10,401,-687.500000
2026-08-04T19:00:29.591Z,2026-08-04T19:00:31.205Z,Muse-2E72,TP10,402,449.218750
2026-08-04T19:00:29.591Z,2026-08-04T19:00:31.205Z,Muse-2E72,TP10,403,775.878906
2026-08-04T19:00:29.591Z,2026-08-04T19:00:31.205Z,Muse-2E72,TP10,404,-437.011719
2026-08-04T19:00:29.591Z,2026-08-04T19:00:31.205Z,Muse-2E72,TP10,405,-917.968750
2026-08-04T19:00:29.591Z,2026-08-04T19:00:31.205Z,Muse-2E72,TP10,406,7.812500
2026-08-04T19:00:29.591Z,2026-08-04T19:00:31.205Z,Muse-2E72,TP10,407,999.511719
2026-08-04T19:00:29.591Z,2026-08-04T19:00:31.205Z,Muse-2E72,TP10,408,-62.500000
2026-08-04T19:00:29.591Z,2026-08-04T19:00:31.207Z,Muse-2E72,AF8,397,835.937500
2026-08-04T19:00:29.591Z,2026-08-04T19:00:31.207Z,Muse-2E72,AF8,398,851.562500
2026-08-04T19:00:29.591Z,2026-08-04T19:00:31.207Z,Muse-2E72,AF8,399,540.039062
2026-08-04T19:00:29.591Z,2026-08-04T19:00:31.207Z,Muse-2E72,AF8,400,343.750000
2026-08-04T19:00:29.591Z,2026-08-04T19:00:31.207Z,Muse-2E72,AF8,401,603.027344
2026-08-04T19:00:29.591Z,2026-08-04T19:00:31.207Z,Muse-2E72,AF8,402,923.828125
2026-08-04T19:00:29.591Z,2026-08-04T19:00:31.207Z,Muse-2E72,AF8,403,606.445312
2026-08-04T19:00:29.591Z,2026-08-04T19:00:31.207Z,Muse-2E72,AF8,404,534.667969
2026-08-04T19:00:29.591Z,2026-08-04T19:00:31.207Z,Muse-2E72,AF8,405,630.371094
2026-08-04T19:00:29.591Z,2026-08-04T19:00:31.207Z,Muse-2E72,AF8,406,773.437500
2026-08-04T19:00:29.591Z,2026-08-04T19:00:31.207Z,Muse-2E72,AF8,407,724.121094
2026-08-04T19:00:29.591Z,2026-08-04T19:00:31.207Z,Muse-2E72,AF8,408,371.093750
2026-08-04T19:00:29.591Z,2026-08-04T19:00:31.207Z,Muse-2E72,TP9,397,-578.613281
2026-08-04T19:00:29.591Z,2026-08-04T19:00:31.207Z,Muse-2E72,TP9,398,358.398438
2026-08-04T19:00:29.591Z,2026-08-04T19:00:31.207Z,Muse-2E72,TP9,399,757.812500
2026-08-04T19:00:29.591Z,2026-08-04T19:00:31.207Z,Muse-2E72,TP9,400,-258.789062
2026-08-04T19:00:29.591Z,2026-08-04T19:00:31.207Z,Muse-2E72,TP9,401,-840.332031
2026-08-04T19:00:29.591Z,2026-08-04T19:00:31.207Z,Muse-2E72,TP9,402,-0.488281
2026-08-04T19:00:29.591Z,2026-08-04T19:00:31.207Z,Muse-2E72,TP9,403,851.074219
2026-08-04T19:00:29.591Z,2026-08-04T19:00:31.207Z,Muse-2E72,TP9,404,-43.945312
2026-08-04T19:00:29.591Z,2026-08-04T19:00:31.207Z,Muse-2E72,TP9,405,-760.253906
2026-08-04T19:00:29.591Z,2026-08-04T19:00:31.207Z,Muse-2E72,TP9,406,-172.363281
2026-08-04T19:00:29.591Z,2026-08-04T19:00:31.207Z,Muse-2E72,TP9,407,969.726562
2026-08-04T19:00:29.591Z,2026-08-04T19:00:31.207Z,Muse-2E72,TP9,408,249.511719
2026-08-04T19:00:29.591Z,2026-08-04T19:00:31.207Z,Muse-2E72,AF7,397,-148.437500
2026-08-04T19:00:29.591Z,2026-08-04T19:00:31.207Z,Muse-2E72,AF7,398,999.511719
2026-08-04T19:00:29.591Z,2026-08-04T19:00:31.207Z,Muse-2E72,AF7,399,132.812500
2026-08-04T19:00:29.591Z,2026-08-04T19:00:31.207Z,Muse-2E72,AF7,400,-1000.000000
2026-08-04T19:00:29.591Z,2026-08-04T19:00:31.207Z,Muse-2E72,AF7,401,-647.460938
2026-08-04T19:00:29.591Z,2026-08-04T19:00:31.207Z,Muse-2E72,AF7,402,911.621094
2026-08-04T19:00:29.591Z,2026-08-04T19:00:31.207Z,Muse-2E72,AF7,403,222.167969
2026-08-04T19:00:29.591Z,2026-08-04T19:00:31.207Z,Muse-2E72,AF7,404,-862.304688
2026-08-04T19:00:29.591Z,2026-08-04T19:00:31.207Z,Muse-2E72,AF7,405,-806.152344
2026-08-04T19:00:29.591Z,2026-08-04T19:00:31.207Z,Muse-2E72,AF7,406,399.902344
2026-08-04T19:00:29.591Z,2026-08-04T19:00:31.207Z,Muse-2E72,AF7,407,669.433594
2026-08-04T19:00:29.591Z,2026-08-04T19:00:31.207Z,Muse-2E72,AF7,408,-855.957031
2026-08-04T19:00:29.591Z,2026-08-04T19:00:31.250Z,Muse-2E72,TP10,409,-920.410156
2026-08-04T19:00:29.591Z,2026-08-04T19:00:31.250Z,Muse-2E72,TP10,410,-128.417969
2026-08-04T19:00:29.591Z,2026-08-04T19:00:31.250Z,Muse-2E72,TP10,411,973.144531
2026-08-04T19:00:29.591Z,2026-08-04T19:00:31.250Z,Muse-2E72,TP10,412,236.328125
2026-08-04T19:00:29.591Z,2026-08-04T19:00:31.250Z,Muse-2E72,TP10,413,-1000.000000
2026-08-04T19:00:29.591Z,2026-08-04T19:00:31.250Z,Muse-2E72,TP10,414,-427.246094
2026-08-04T19:00:29.591Z,2026-08-04T19:00:31.250Z,Muse-2E72,TP10,415,820.312500
2026-08-04T19:00:29.591Z,2026-08-04T19:00:31.250Z,Muse-2E72,TP10,416,384.765625
2026-08-04T19:00:29.591Z,2026-08-04T19:00:31.250Z,Muse-2E72,TP10,417,-664.550781
2026-08-04T19:00:29.591Z,2026-08-04T19:00:31.250Z,Muse-2E72,TP10,418,-871.582031
2026-08-04T19:00:29.591Z,2026-08-04T19:00:31.250Z,Muse-2E72,TP10,419,216.796875
2026-08-04T19:00:29.591Z,2026-08-04T19:00:31.250Z,Muse-2E72,TP10,420,828.613281
2026-08-04T19:00:29.591Z,2026-08-04T19:00:31.252Z,Muse-2E72,AF8,409,414.550781
2026-08-04T19:00:29.591Z,2026-08-04T19:00:31.252Z,Muse-2E72,AF8,410,739.257812
2026-08-04T19:00:29.591Z,2026-08-04T19:00:31.252Z,Muse-2E72,AF8,411,822.753906
2026-08-04T19:00:29.591Z,2026-08-04T19:00:31.252Z,Muse-2E72,AF8,412,478.515625
2026-08-04T19:00:29.591Z,2026-08-04T19:00:31.252Z,Muse-2E72,AF8,413,353.027344
2026-08-04T19:00:29.591Z,2026-08-04T19:00:31.252Z,Muse-2E72,AF8,414,649.902344
2026-08-04T19:00:29.591Z,2026-08-04T19:00:31.252Z,Muse-2E72,AF8,415,999.511719
2026-08-04T19:00:29.591Z,2026-08-04T19:00:31.252Z,Muse-2E72,AF8,416,600.585938
2026-08-04T19:00:29.591Z,2026-08-04T19:00:31.252Z,Muse-2E72,AF8,417,220.703125
2026-08-04T19:00:29.591Z,2026-08-04T19:00:31.252Z,Muse-2E72,AF8,418,552.246094
2026-08-04T19:00:29.591Z,2026-08-04T19:00:31.252Z,Muse-2E72,AF8,419,921.875000
2026-08-04T19:00:29.591Z,2026-08-04T19:00:31.252Z,Muse-2E72,AF8,420,586.425781
2026-08-04T19:00:29.591Z,2026-08-04T19:00:31.252Z,Muse-2E72,TP9,409,-699.218750
2026-08-04T19:00:29.591Z,2026-08-04T19:00:31.252Z,Muse-2E72,TP9,410,-268.066406
2026-08-04T19:00:29.591Z,2026-08-04T19:00:31.252Z,Muse-2E72,TP9,411,796.875000
2026-08-04T19:00:29.591Z,2026-08-04T19:00:31.252Z,Muse-2E72,TP9,412,451.660156
2026-08-04T19:00:29.591Z,2026-08-04T19:00:31.252Z,Muse-2E72,TP9,413,-700.195312
2026-08-04T19:00:29.591Z,2026-08-04T19:00:31.252Z,Muse-2E72,TP9,414,-600.097656
2026-08-04T19:00:29.591Z,2026-08-04T19:00:31.252Z,Muse-2E72,TP9,415,299.804688
2026-08-04T19:00:29.591Z,2026-08-04T19:00:31.252Z,Muse-2E72,TP9,416,669.433594
2026-08-04T19:00:29.591Z,2026-08-04T19:00:31.252Z,Muse-2E72,TP9,417,-93.261719
2026-08-04T19:00:29.591Z,2026-08-04T19:00:31.252Z,Muse-2E72,TP9,418,-922.851562
2026-08-04T19:00:29.591Z,2026-08-04T19:00:31.252Z,Muse-2E72,TP9,419,-72.753906
2026-08-04T19:00:29.591Z,2026-08-04T19:00:31.252Z,Muse-2E72,TP9,420,955.566406
2026-08-04T19:00:29.591Z,2026-08-04T19:00:31.266Z,Muse-2E72,AF7,409,-1000.000000
2026-08-04T19:00:29.591Z,2026-08-04T19:00:31.266Z,Muse-2E72,AF7,410,-51.269531
2026-08-04T19:00:29.591Z,2026-08-04T19:00:31.266Z,Muse-2E72,AF7,411,836.914062
2026-08-04T19:00:29.591Z,2026-08-04T19:00:31.266Z,Muse-2E72,AF7,412,-517.578125
2026-08-04T19:00:29.591Z,2026-08-04T19:00:31.266Z,Muse-2E72,AF7,413,-1000.000000
2026-08-04T19:00:29.591Z,2026-08-04T19:00:31.266Z,Muse-2E72,AF7,414,-279.296875
2026-08-04T19:00:29.591Z,2026-08-04T19:00:31.266Z,Muse-2E72,AF7,415,999.511719
2026-08-04T19:00:29.591Z,2026-08-04T19:00:31.266Z,Muse-2E72,AF7,416,238.281250
2026-08-04T19:00:29.591Z,2026-08-04T19:00:31.266Z,Muse-2E72,AF7,417,-1000.000000
2026-08-04T19:00:29.591Z,2026-08-04T19:00:31.266Z,Muse-2E72,AF7,418,-778.808594
2026-08-04T19:00:29.591Z,2026-08-04T19:00:31.266Z,Muse-2E72,AF7,419,823.242188
2026-08-04T19:00:29.591Z,2026-08-04T19:00:31.266Z,Muse-2E72,AF7,420,295.410156
2026-08-04T19:00:29.591Z,2026-08-04T19:00:31.295Z,Muse-2E72,TP10,421,-431.640625
2026-08-04T19:00:29.591Z,2026-08-04T19:00:31.295Z,Muse-2E72,TP10,422,-987.304688
2026-08-04T19:00:29.591Z,2026-08-04T19:00:31.295Z,Muse-2E72,TP10,423,-47.851562
2026-08-04T19:00:29.591Z,2026-08-04T19:00:31.295Z,Muse-2E72,TP10,424,999.511719
2026-08-04T19:00:29.591Z,2026-08-04T19:00:31.295Z,Muse-2E72,TP10,425,116.210938
2026-08-04T19:00:29.591Z,2026-08-04T19:00:31.295Z,Muse-2E72,TP10,426,-971.679688
2026-08-04T19:00:29.591Z,2026-08-04T19:00:31.295Z,Muse-2E72,TP10,427,-492.187500
2026-08-04T19:00:29.591Z,2026-08-04T19:00:31.295Z,Muse-2E72,TP10,428,865.722656
2026-08-04T19:00:29.591Z,2026-08-04T19:00:31.295Z,Muse-2E72,TP10,429,358.886719
2026-08-04T19:00:29.591Z,2026-08-04T19:00:31.295Z,Muse-2E72,TP10,430,-945.800781
2026-08-04T19:00:29.591Z,2026-08-04T19:00:31.295Z,Muse-2E72,TP10,431,-604.980469
2026-08-04T19:00:29.591Z,2026-08-04T19:00:31.295Z,Muse-2E72,TP10,432,713.867188
2026-08-04T19:00:29.591Z,2026-08-04T19:00:31.297Z,Muse-2E72,AF8,421,256.835938
2026-08-04T19:00:29.591Z,2026-08-04T19:00:31.297Z,Muse-2E72,AF8,422,447.753906
2026-08-04T19:00:29.591Z,2026-08-04T19:00:31.297Z,Muse-2E72,AF8,423,849.609375
2026-08-04T19:00:29.591Z,2026-08-04T19:00:31.297Z,Muse-2E72,AF8,424,686.035156
2026-08-04T19:00:29.591Z,2026-08-04T19:00:31.297Z,Muse-2E72,AF8,425,283.203125
2026-08-04T19:00:29.591Z,2026-08-04T19:00:31.297Z,Muse-2E72,AF8,426,465.332031
2026-08-04T19:00:29.591Z,2026-08-04T19:00:31.297Z,Muse-2E72,AF8,427,801.269531
2026-08-04T19:00:29.591Z,2026-08-04T19:00:31.297Z,Muse-2E72,AF8,428,817.871094
2026-08-04T19:00:29.591Z,2026-08-04T19:00:31.297Z,Muse-2E72,AF8,429,431.152344
2026-08-04T19:00:29.591Z,2026-08-04T19:00:31.297Z,Muse-2E72,AF8,430,306.152344
2026-08-04T19:00:29.591Z,2026-08-04T19:00:31.297Z,Muse-2E72,AF8,431,627.929688
2026-08-04T19:00:29.591Z,2026-08-04T19:00:31.297Z,Muse-2E72,AF8,432,906.738281
2026-08-04T19:00:29.591Z,2026-08-04T19:00:31.297Z,Muse-2E72,TP9,421,-41.015625
2026-08-04T19:00:29.591Z,2026-08-04T19:00:31.297Z,Muse-2E72,TP9,422,-881.835938
2026-08-04T19:00:29.591Z,2026-08-04T19:00:31.297Z,Muse-2E72,TP9,423,-256.835938
2026-08-04T19:00:29.591Z,2026-08-04T19:00:31.297Z,Muse-2E72,TP9,424,964.355469
2026-08-04T19:00:29.591Z,2026-08-04T19:00:31.297Z,Muse-2E72,TP9,425,416.015625
2026-08-04T19:00:29.591Z,2026-08-04T19:00:31.297Z,Muse-2E72,TP9,426,-776.367188
2026-08-04T19:00:29.591Z,2026-08-04T19:00:31.297Z,Muse-2E72,TP9,427,-446.289062
2026-08-04T19:00:29.591Z,2026-08-04T19:00:31.297Z,Muse-2E72,TP9,428,828.613281
2026-08-04T19:00:29.591Z,2026-08-04T19:00:31.297Z,Muse-2E72,TP9,429,677.734375
2026-08-04T19:00:29.591Z,2026-08-04T19:00:31.297Z,Muse-2E72,TP9,430,-429.687500
2026-08-04T19:00:29.591Z,2026-08-04T19:00:31.297Z,Muse-2E72,TP9,431,-767.578125
2026-08-04T19:00:29.591Z,2026-08-04T19:00:31.297Z,Muse-2E72,TP9,432,185.058594
2026-08-04T19:00:29.591Z,2026-08-04T19:00:31.297Z,Muse-2E72,AF7,421,-1000.000000
2026-08-04T19:00:29.591Z,2026-08-04T19:00:31.297Z,Muse-2E72,AF7,422,-1000.000000
2026-08-04T19:00:29.591Z,2026-08-04T19:00:31.297Z,Muse-2E72,AF7,423,318.359375
2026-08-04T19:00:29.591Z,2026-08-04T19:00:31.297Z,Muse-2E72,AF7,424,645.996094
2026-08-04T19:00:29.591Z,2026-08-04T19:00:31.297Z,Muse-2E72,AF7,425,-884.765625
2026-08-04T19:00:29.591Z,2026-08-04T19:00:31.297Z,Muse-2E72,AF7,426,-1000.000000
2026-08-04T19:00:29.591Z,2026-08-04T19:00:31.297Z,Muse-2E72,AF7,427,-78.125000
2026-08-04T19:00:29.591Z,2026-08-04T19:00:31.297Z,Muse-2E72,AF7,428,938.476562
2026-08-04T19:00:29.591Z,2026-08-04T19:00:31.297Z,Muse-2E72,AF7,429,-345.214844
2026-08-04T19:00:29.591Z,2026-08-04T19:00:31.297Z,Muse-2E72,AF7,430,-1000.000000
2026-08-04T19:00:29.591Z,2026-08-04T19:00:31.297Z,Muse-2E72,AF7,431,-332.031250
2026-08-04T19:00:29.591Z,2026-08-04T19:00:31.297Z,Muse-2E72,AF7,432,999.511719
2026-08-04T19:00:29.591Z,2026-08-04T19:00:31.340Z,Muse-2E72,TP10,433,543.457031
2026-08-04T19:00:29.591Z,2026-08-04T19:00:31.340Z,Muse-2E72,TP10,434,-651.855469
2026-08-04T19:00:29.591Z,2026-08-04T19:00:31.340Z,Muse-2E72,TP10,435,-864.746094
2026-08-04T19:00:29.591Z,2026-08-04T19:00:31.340Z,Muse-2E72,TP10,436,74.218750
2026-08-04T19:00:29.591Z,2026-08-04T19:00:31.340Z,Muse-2E72,TP10,437,925.781250
2026-08-04T19:00:29.591Z,2026-08-04T19:00:31.340Z,Muse-2E72,TP10,438,-318.847656
2026-08-04T19:00:29.591Z,2026-08-04T19:00:31.340Z,Muse-2E72,TP10,439,-680.175781
2026-08-04T19:00:29.591Z,2026-08-04T19:00:31.340Z,Muse-2E72,TP10,440,304.687500
2026-08-04T19:00:29.591Z,2026-08-04T19:00:31.340Z,Muse-2E72,TP10,441,967.773438
2026-08-04T19:00:29.591Z,2026-08-04T19:00:31.340Z,Muse-2E72,TP10,442,251.464844
2026-08-04T19:00:29.591Z,2026-08-04T19:00:31.340Z,Muse-2E72,TP10,443,-952.636719
2026-08-04T19:00:29.591Z,2026-08-04T19:00:31.340Z,Muse-2E72,TP10,444,-434.570312
2026-08-04T19:00:29.591Z,2026-08-04T19:00:31.342Z,Muse-2E72,AF8,433,540.527344
2026-08-04T19:00:29.591Z,2026-08-04T19:00:31.342Z,Muse-2E72,AF8,434,309.082031
2026-08-04T19:00:29.591Z,2026-08-04T19:00:31.342Z,Muse-2E72,AF8,435,586.425781
2026-08-04T19:00:29.591Z,2026-08-04T19:00:31.342Z,Muse-2E72,AF8,436,885.742188
2026-08-04T19:00:29.591Z,2026-08-04T19:00:31.342Z,Muse-2E72,AF8,437,510.253906
2026-08-04T19:00:29.591Z,2026-08-04T19:00:31.342Z,Muse-2E72,AF8,438,288.574219
2026-08-04T19:00:29.591Z,2026-08-04T19:00:31.342Z,Muse-2E72,AF8,439,564.453125
2026-08-04T19:00:29.591Z,2026-08-04T19:00:31.342Z,Muse-2E72,AF8,440,769.042969
2026-08-04T19:00:29.591Z,2026-08-04T19:00:31.342Z,Muse-2E72,AF8,441,724.121094
2026-08-04T19:00:29.591Z,2026-08-04T19:00:31.342Z,Muse-2E72,AF8,442,328.125000
2026-08-04T19:00:29.591Z,2026-08-04T19:00:31.342Z,Muse-2E72,AF8,443,304.199219
2026-08-04T19:00:29.591Z,2026-08-04T19:00:31.342Z,Muse-2E72,AF8,444,654.296875
2026-08-04T19:00:29.591Z,2026-08-04T19:00:31.357Z,Muse-2E72,TP9,433,830.566406
2026-08-04T19:00:29.591Z,2026-08-04T19:00:31.357Z,Muse-2E72,TP9,434,-108.886719
2026-08-04T19:00:29.591Z,2026-08-04T19:00:31.357Z,Muse-2E72,TP9,435,-782.714844
2026-08-04T19:00:29.591Z,2026-08-04T19:00:31.357Z,Muse-2E72,TP9,436,-71.289062
2026-08-04T19:00:29.591Z,2026-08-04T19:00:31.357Z,Muse-2E72,TP9,437,999.511719
2026-08-04T19:00:29.591Z,2026-08-04T19:00:31.357Z,Muse-2E72,TP9,438,215.332031
2026-08-04T19:00:29.591Z,2026-08-04T19:00:31.357Z,Muse-2E72,TP9,439,-540.527344
2026-08-04T19:00:29.591Z,2026-08-04T19:00:31.357Z,Muse-2E72,TP9,440,123.046875
2026-08-04T19:00:29.591Z,2026-08-04T19:00:31.357Z,Muse-2E72,TP9,441,878.906250
2026-08-04T19:00:29.591Z,2026-08-04T19:00:31.357Z,Muse-2E72,TP9,442,548.828125
2026-08-04T19:00:29.591Z,2026-08-04T19:00:31.357Z,Muse-2E72,TP9,443,-572.265625
2026-08-04T19:00:29.591Z,2026-08-04T19:00:31.357Z,Muse-2E72,TP9,444,-574.218750
2026-08-04T19:00:29.591Z,2026-08-04T19:00:31.358Z,Muse-2E72,AF7,433,183.105469
2026-08-04T19:00:29.591Z,2026-08-04T19:00:31.358Z,Muse-2E72,AF7,434,-1000.000000
2026-08-04T19:00:29.591Z,2026-08-04T19:00:31.358Z,Muse-2E72,AF7,435,-770.996094
2026-08-04T19:00:29.591Z,2026-08-04T19:00:31.358Z,Muse-2E72,AF7,436,745.117188
2026-08-04T19:00:29.591Z,2026-08-04T19:00:31.358Z,Muse-2E72,AF7,437,359.375000
2026-08-04T19:00:29.591Z,2026-08-04T19:00:31.358Z,Muse-2E72,AF7,438,-987.304688
2026-08-04T19:00:29.591Z,2026-08-04T19:00:31.358Z,Muse-2E72,AF7,439,-915.039062
2026-08-04T19:00:29.591Z,2026-08-04T19:00:31.358Z,Muse-2E72,AF7,440,221.679688
2026-08-04T19:00:29.591Z,2026-08-04T19:00:31.358Z,Muse-2E72,AF7,441,668.945312
2026-08-04T19:00:29.591Z,2026-08-04T19:00:31.358Z,Muse-2E72,AF7,442,-785.644531
2026-08-04T19:00:29.591Z,2026-08-04T19:00:31.358Z,Muse-2E72,AF7,443,-1000.000000
2026-08-04T19:00:29.591Z,2026-08-04T19:00:31.358Z,Muse-2E72,AF7,444,-175.292969
2026-08-04T19:00:29.591Z,2026-08-04T19:00:31.387Z,Muse-2E72,TP10,445,923.828125
2026-08-04T19:00:29.591Z,2026-08-04T19:00:31.387Z,Muse-2E72,TP10,446,529.296875
2026-08-04T19:00:29.591Z,2026-08-04T19:00:31.387Z,Muse-2E72,TP10,447,-663.085938
2026-08-04T19:00:29.591Z,2026-08-04T19:00:31.387Z,Muse-2E72,TP10,448,-688.476562
2026-08-04T19:00:29.591Z,2026-08-04T19:00:31.387Z,Muse-2E72,TP10,449,543.945312
2026-08-04T19:00:29.591Z,2026-08-04T19:00:31.387Z,Muse-2E72,TP10,450,655.273438
2026-08-04T19:00:29.591Z,2026-08-04T19:00:31.387Z,Muse-2E72,TP10,451,-365.234375
2026-08-04T19:00:29.591Z,2026-08-04T19:00:31.387Z,Muse-2E72,TP10,452,-923.339844
2026-08-04T19:00:29.591Z,2026-08-04T19:00:31.387Z,Muse-2E72,TP10,453,0.000000
2026-08-04T19:00:29.591Z,2026-08-04T19:00:31.387Z,Muse-2E72,TP10,454,786.621094
2026-08-04T19:00:29.591Z,2026-08-04T19:00:31.387Z,Muse-2E72,TP10,455,-253.906250
2026-08-04T19:00:29.591Z,2026-08-04T19:00:31.387Z,Muse-2E72,TP10,456,-968.750000
2026-08-04T19:00:29.591Z,2026-08-04T19:00:31.402Z,Muse-2E72,AF8,445,799.804688
2026-08-04T19:00:29.591Z,2026-08-04T19:00:31.402Z,Muse-2E72,AF8,446,555.175781
2026-08-04T19:00:29.591Z,2026-08-04T19:00:31.402Z,Muse-2E72,AF8,447,347.167969
2026-08-04T19:00:29.591Z,2026-08-04T19:00:31.402Z,Muse-2E72,AF8,448,543.457031
2026-08-04T19:00:29.591Z,2026-08-04T19:00:31.402Z,Muse-2E72,AF8,449,839.355469
2026-08-04T19:00:29.591Z,2026-08-04T19:00:31.402Z,Muse-2E72,AF8,450,736.328125
2026-08-04T19:00:29.591Z,2026-08-04T19:00:31.402Z,Muse-2E72,AF8,451,369.628906
2026-08-04T19:00:29.591Z,2026-08-04T19:00:31.402Z,Muse-2E72,AF8,452,301.757812
2026-08-04T19:00:29.591Z,2026-08-04T19:00:31.402Z,Muse-2E72,AF8,453,771.484375
2026-08-04T19:00:29.591Z,2026-08-04T19:00:31.402Z,Muse-2E72,AF8,454,704.589844
2026-08-04T19:00:29.591Z,2026-08-04T19:00:31.402Z,Muse-2E72,AF8,455,163.574219
2026-08-04T19:00:29.591Z,2026-08-04T19:00:31.402Z,Muse-2E72,AF8,456,125.000000
2026-08-04T19:00:29.591Z,2026-08-04T19:00:31.402Z,Muse-2E72,TP9,445,663.574219
2026-08-04T19:00:29.591Z,2026-08-04T19:00:31.402Z,Muse-2E72,TP9,446,750.488281
2026-08-04T19:00:29.591Z,2026-08-04T19:00:31.402Z,Muse-2E72,TP9,447,-241.699219
2026-08-04T19:00:29.591Z,2026-08-04T19:00:31.402Z,Muse-2E72,TP9,448,-799.804688
2026-08-04T19:00:29.591Z,2026-08-04T19:00:31.402Z,Muse-2E72,TP9,449,81.054688
2026-08-04T19:00:29.591Z,2026-08-04T19:00:31.402Z,Muse-2E72,TP9,450,732.910156
2026-08-04T19:00:29.591Z,2026-08-04T19:00:31.402Z,Muse-2E72,TP9,451,-17.578125
2026-08-04T19:00:29.591Z,2026-08-04T19:00:31.402Z,Muse-2E72,TP9,452,-770.019531
2026-08-04T19:00:29.591Z,2026-08-04T19:00:31.402Z,Muse-2E72,TP9,453,-99.121094
2026-08-04T19:00:29.591Z,2026-08-04T19:00:31.402Z,Muse-2E72,TP9,454,896.972656
2026-08-04T19:00:29.591Z,2026-08-04T19:00:31.402Z,Muse-2E72,TP9,455,248.535156
2026-08-04T19:00:29.591Z,2026-08-04T19:00:31.402Z,Muse-2E72,TP9,456,-764.648438
2026-08-04T19:00:29.591Z,2026-08-04T19:00:31.402Z,Muse-2E72,AF7,445,999.511719
2026-08-04T19:00:29.591Z,2026-08-04T19:00:31.402Z,Muse-2E72,AF7,446,6.347656
2026-08-04T19:00:29.591Z,2026-08-04T19:00:31.402Z,Muse-2E72,AF7,447,-1000.000000
2026-08-04T19:00:29.591Z,2026-08-04T19:00:31.402Z,Muse-2E72,AF7,448,-442.871094
2026-08-04T19:00:29.591Z,2026-08-04T19:00:31.402Z,Muse-2E72,AF7,449,999.511719
2026-08-04T19:00:29.591Z,2026-08-04T19:00:31.402Z,Muse-2E72,AF7,450,425.292969
2026-08-04T19:00:29.591Z,2026-08-04T19:00:31.402Z,Muse-2E72,AF7,451,-966.308594
2026-08-04T19:00:29.591Z,2026-08-04T19:00:31.402Z,Muse-2E72,AF7,452,-961.425781
2026-08-04T19:00:29.591Z,2026-08-04T19:00:31.402Z,Muse-2E72,AF7,453,625.488281
2026-08-04T19:00:29.591Z,2026-08-04T19:00:31.402Z,Muse-2E72,AF7,454,562.500000
2026-08-04T19:00:29.591Z,2026-08-04T19:00:31.402Z,Muse-2E72,AF7,455,-945.800781
2026-08-04T19:00:29.591Z,2026-08-04T19:00:31.402Z,Muse-2E72,AF7,456,-1000.000000
2026-08-04T19:00:29.591Z,2026-08-04T19:00:31.444Z,Muse-2E72,TP10,457,-226.074219
2026-08-04T19:00:29.591Z,2026-08-04T19:00:31.444Z,Muse-2E72,TP10,458,854.980469
2026-08-04T19:00:29.591Z,2026-08-04T19:00:31.444Z,Muse-2E72,TP10,459,213.378906
2026-08-04T19:00:29.591Z,2026-08-04T19:00:31.444Z,Muse-2E72,TP10,460,-1000.000000
2026-08-04T19:00:29.591Z,2026-08-04T19:00:31.444Z,Muse-2E72,TP10,461,-505.371094
2026-08-04T19:00:29.591Z,2026-08-04T19:00:31.444Z,Muse-2E72,TP10,462,843.750000
2026-08-04T19:00:29.591Z,2026-08-04T19:00:31.444Z,Muse-2E72,TP10,463,386.230469
2026-08-04T19:00:29.591Z,2026-08-04T19:00:31.444Z,Muse-2E72,TP10,464,-773.925781
2026-08-04T19:00:29.591Z,2026-08-04T19:00:31.444Z,Muse-2E72,TP10,465,-728.027344
2026-08-04T19:00:29.591Z,2026-08-04T19:00:31.444Z,Muse-2E72,TP10,466,318.359375
2026-08-04T19:00:29.591Z,2026-08-04T19:00:31.444Z,Muse-2E72,TP10,467,772.949219
2026-08-04T19:00:29.591Z,2026-08-04T19:00:31.444Z,Muse-2E72,TP10,468,-561.523438
2026-08-04T19:00:29.591Z,2026-08-04T19:00:31.447Z,Muse-2E72,AF8,457,746.582031
2026-08-04T19:00:29.591Z,2026-08-04T19:00:31.447Z,Muse-2E72,AF8,458,719.238281
2026-08-04T19:00:29.591Z,2026-08-04T19:00:31.447Z,Muse-2E72,AF8,459,8.789062
2026-08-04T19:00:29.591Z,2026-08-04T19:00:31.447Z,Muse-2E72,AF8,460,-37.109375
2026-08-04T19:00:29.591Z,2026-08-04T19:00:31.447Z,Muse-2E72,AF8,461,534.667969
2026-08-04T19:00:29.591Z,2026-08-04T19:00:31.447Z,Muse-2E72,AF8,462,924.316406
2026-08-04T19:00:29.591Z,2026-08-04T19:00:31.447Z,Muse-2E72,AF8,463,357.421875
2026-08-04T19:00:29.591Z,2026-08-04T19:00:31.447Z,Muse-2E72,AF8,464,-176.757812
2026-08-04T19:00:29.591Z,2026-08-04T19:00:31.447Z,Muse-2E72,AF8,465,319.335938
2026-08-04T19:00:29.591Z,2026-08-04T19:00:31.447Z,Muse-2E72,AF8,466,900.390625
2026-08-04T19:00:29.591Z,2026-08-04T19:00:31.447Z,Muse-2E72,AF8,467,346.679688
2026-08-04T19:00:29.591Z,2026-08-04T19:00:31.447Z,Muse-2E72,AF8,468,-243.164062
2026-08-04T19:00:29.591Z,2026-08-04T19:00:31.447Z,Muse-2E72,TP9,457,-339.843750
2026-08-04T19:00:29.591Z,2026-08-04T19:00:31.447Z,Muse-2E72,TP9,458,813.476562
2026-08-04T19:00:29.591Z,2026-08-04T19:00:31.447Z,Muse-2E72,TP9,459,453.125000
2026-08-04T19:00:29.591Z,2026-08-04T19:00:31.447Z,Muse-2E72,TP9,460,-711.425781
2026-08-04T19:00:29.591Z,2026-08-04T19:00:31.447Z,Muse-2E72,TP9,461,-565.917969
2026-08-04T19:00:29.591Z,2026-08-04T19:00:31.447Z,Muse-2E72,TP9,462,498.535156
2026-08-04T19:00:29.591Z,2026-08-04T19:00:31.447Z,Muse-2E72,TP9,463,761.230469
2026-08-04T19:00:29.591Z,2026-08-04T19:00:31.447Z,Muse-2E72,TP9,464,-86.425781
2026-08-04T19:00:29.591Z,2026-08-04T19:00:31.447Z,Muse-2E72,TP9,465,-727.050781
2026-08-04T19:00:29.591Z,2026-08-04T19:00:31.447Z,Muse-2E72,TP9,466,41.992188
2026-08-04T19:00:29.591Z,2026-08-04T19:00:31.447Z,Muse-2E72,TP9,467,956.054688
2026-08-04T19:00:29.591Z,2026-08-04T19:00:31.447Z,Muse-2E72,TP9,468,-95.214844
2026-08-04T19:00:29.591Z,2026-08-04T19:00:31.447Z,Muse-2E72,AF7,457,62.500000
2026-08-04T19:00:29.591Z,2026-08-04T19:00:31.447Z,Muse-2E72,AF7,458,729.492188
2026-08-04T19:00:29.591Z,2026-08-04T19:00:31.447Z,Muse-2E72,AF7,459,-734.863281
2026-08-04T19:00:29.591Z,2026-08-04T19:00:31.447Z,Muse-2E72,AF7,460,-1000.000000
2026-08-04T19:00:29.591Z,2026-08-04T19:00:31.447Z,Muse-2E72,AF7,461,-206.054688
2026-08-04T19:00:29.591Z,2026-08-04T19:00:31.447Z,Muse-2E72,AF7,462,999.511719
2026-08-04T19:00:29.591Z,2026-08-04T19:00:31.447Z,Muse-2E72,AF7,463,97.656250
2026-08-04T19:00:29.591Z,2026-08-04T19:00:31.447Z,Muse-2E72,AF7,464,-1000.000000
2026-08-04T19:00:29.591Z,2026-08-04T19:00:31.447Z,Muse-2E72,AF7,465,-586.914062
2026-08-04T19:00:29.591Z,2026-08-04T19:00:31.447Z,Muse-2E72,AF7,466,958.984375
2026-08-04T19:00:29.591Z,2026-08-04T19:00:31.447Z,Muse-2E72,AF7,467,260.253906
2026-08-04T19:00:29.591Z,2026-08-04T19:00:31.447Z,Muse-2E72,AF7,468,-1000.000000
2026-08-04T19:00:29.591Z,2026-08-04T19:00:31.490Z,Muse-2E72,TP10,469,-915.039062
2026-08-04T19:00:29.591Z,2026-08-04T19:00:31.490Z,Muse-2E72,TP10,470,438.964844
2026-08-04T19:00:29.591Z,2026-08-04T19:00:31.490Z,Muse-2E72,TP10,471,999.511719
2026-08-04T19:00:29.591Z,2026-08-04T19:00:31.490Z,Muse-2E72,TP10,472,-183.593750
2026-08-04T19:00:29.591Z,2026-08-04T19:00:31.490Z,Muse-2E72,TP10,473,-925.292969
2026-08-04T19:00:29.591Z,2026-08-04T19:00:31.490Z,Muse-2E72,TP10,474,-122.558594
2026-08-04T19:00:29.591Z,2026-08-04T19:00:31.490Z,Muse-2E72,TP10,475,999.511719
2026-08-04T19:00:29.591Z,2026-08-04T19:00:31.490Z,Muse-2E72,TP10,476,239.257812
2026-08-04T19:00:29.591Z,2026-08-04T19:00:31.490Z,Muse-2E72,TP10,477,-1000.000000
2026-08-04T19:00:29.591Z,2026-08-04T19:00:31.490Z,Muse-2E72,TP10,478,-402.343750
2026-08-04T19:00:29.591Z,2026-08-04T19:00:31.490Z,Muse-2E72,TP10,479,910.156250
2026-08-04T19:00:29.591Z,2026-08-04T19:00:31.490Z,Muse-2E72,TP10,480,442.871094
2026-08-04T19:00:29.591Z,2026-08-04T19:00:31.492Z,Muse-2E72,AF8,469,323.242188
2026-08-04T19:00:29.591Z,2026-08-04T19:00:31.492Z,Muse-2E72,AF8,470,904.296875
2026-08-04T19:00:29.591Z,2026-08-04T19:00:31.492Z,Muse-2E72,AF8,471,454.101562
2026-08-04T19:00:29.591Z,2026-08-04T19:00:31.492Z,Muse-2E72,AF8,472,-176.269531
2026-08-04T19:00:29.591Z,2026-08-04T19:00:31.492Z,Muse-2E72,AF8,473,-40.527344
2026-08-04T19:00:29.591Z,2026-08-04T19:00:31.492Z,Muse-2E72,AF8,474,594.726562
2026-08-04T19:00:29.591Z,2026-08-04T19:00:31.492Z,Muse-2E72,AF8,475,677.246094
2026-08-04T19:00:29.591Z,2026-08-04T19:00:31.492Z,Muse-2E72,AF8,476,-75.195312
2026-08-04T19:00:29.591Z,2026-08-04T19:00:31.492Z,Muse-2E72,AF8,477,158.691406
2026-08-04T19:00:29.591Z,2026-08-04T19:00:31.492Z,Muse-2E72,AF8,478,755.371094
2026-08-04T19:00:29.591Z,2026-08-04T19:00:31.492Z,Muse-2E72,AF8,479,736.816406
2026-08-04T19:00:29.591Z,2026-08-04T19:00:31.492Z,Muse-2E72,AF8,480,291.992188
2026-08-04T19:00:29.591Z,2026-08-04T19:00:31.492Z,Muse-2E72,TP9,469,-786.621094
2026-08-04T19:00:29.591Z,2026-08-04T19:00:31.492Z,Muse-2E72,TP9,470,317.871094
2026-08-04T19:00:29.591Z,2026-08-04T19:00:31.492Z,Muse-2E72,TP9,471,999.511719
2026-08-04T19:00:29.591Z,2026-08-04T19:00:31.492Z,Muse-2E72,TP9,472,327.636719
2026-08-04T19:00:29.591Z,2026-08-04T19:00:31.492Z,Muse-2E72,TP9,473,-673.339844
2026-08-04T19:00:29.591Z,2026-08-04T19:00:31.492Z,Muse-2E72,TP9,474,-238.769531
2026-08-04T19:00:29.591Z,2026-08-04T19:00:31.492Z,Muse-2E72,TP9,475,935.058594
2026-08-04T19:00:29.591Z,2026-08-04T19:00:31.492Z,Muse-2E72,TP9,476,474.609375
2026-08-04T19:00:29.591Z,2026-08-04T19:00:31.492Z,Muse-2E72,TP9,477,-637.207031
2026-08-04T19:00:29.591Z,2026-08-04T19:00:31.492Z,Muse-2E72,TP9,478,-512.695312
2026-08-04T19:00:29.591Z,2026-08-04T19:00:31.492Z,Muse-2E72,TP9,479,404.296875
2026-08-04T19:00:29.591Z,2026-08-04T19:00:31.492Z,Muse-2E72,TP9,480,838.867188
2026-08-04T19:00:29.591Z,2026-08-04T19:00:31.492Z,Muse-2E72,AF7,469,-497.070312
2026-08-04T19:00:29.591Z,2026-08-04T19:00:31.492Z,Muse-2E72,AF7,470,999.511719
2026-08-04T19:00:29.591Z,2026-08-04T19:00:31.492Z,Muse-2E72,AF7,471,468.750000
2026-08-04T19:00:29.591Z,2026-08-04T19:00:31.492Z,Muse-2E72,AF7,472,-924.316406
2026-08-04T19:00:29.591Z,2026-08-04T19:00:31.492Z,Muse-2E72,AF7,473,-1000.000000
2026-08-04T19:00:29.591Z,2026-08-04T19:00:31.492Z,Muse-2E72,AF7,474,-48.339844
2026-08-04T19:00:29.591Z,2026-08-04T19:00:31.492Z,Muse-2E72,AF7,475,827.636719
2026-08-04T19:00:29.591Z,2026-08-04T19:00:31.492Z,Muse-2E72,AF7,476,-617.675781
2026-08-04T19:00:29.591Z,2026-08-04T19:00:31.492Z,Muse-2E72,AF7,477,-932.128906
2026-08-04T19:00:29.591Z,2026-08-04T19:00:31.492Z,Muse-2E72,AF7,478,44.921875
2026-08-04T19:00:29.591Z,2026-08-04T19:00:31.492Z,Muse-2E72,AF7,479,999.511719
2026-08-04T19:00:29.591Z,2026-08-04T19:00:31.492Z,Muse-2E72,AF7,480,194.335938
2026-08-04T19:00:29.591Z,2026-08-04T19:00:31.535Z,Muse-2E72,TP10,481,-813.964844
2026-08-04T19:00:29.591Z,2026-08-04T19:00:31.535Z,Muse-2E72,TP10,482,-837.890625
2026-08-04T19:00:29.591Z,2026-08-04T19:00:31.535Z,Muse-2E72,TP10,483,278.808594
2026-08-04T19:00:29.591Z,2026-08-04T19:00:31.535Z,Muse-2E72,TP10,484,811.035156
2026-08-04T19:00:29.591Z,2026-08-04T19:00:31.535Z,Muse-2E72,TP10,485,-336.425781
2026-08-04T19:00:29.591Z,2026-08-04T19:00:31.535Z,Muse-2E72,TP10,486,-831.054688
2026-08-04T19:00:29.591Z,2026-08-04T19:00:31.535Z,Muse-2E72,TP10,487,49.804688
2026-08-04T19:00:29.591Z,2026-08-04T19:00:31.535Z,Muse-2E72,TP10,488,985.351562
2026-08-04T19:00:29.591Z,2026-08-04T19:00:31.535Z,Muse-2E72,TP10,489,89.843750
2026-08-04T19:00:29.591Z,2026-08-04T19:00:31.535Z,Muse-2E72,TP10,490,-1000.000000
2026-08-04T19:00:29.591Z,2026-08-04T19:00:31.535Z,Muse-2E72,TP10,491,-330.078125
2026-08-04T19:00:29.591Z,2026-08-04T19:00:31.535Z,Muse-2E72,TP10,492,903.808594
2026-08-04T19:00:29.591Z,2026-08-04T19:00:31.536Z,Muse-2E72,AF8,481,-29.296875
2026-08-04T19:00:29.591Z,2026-08-04T19:00:31.536Z,Muse-2E72,AF8,482,320.800781
2026-08-04T19:00:29.591Z,2026-08-04T19:00:31.536Z,Muse-2E72,AF8,483,756.347656
2026-08-04T19:00:29.591Z,2026-08-04T19:00:31.536Z,Muse-2E72,AF8,484,503.906250
2026-08-04T19:00:29.591Z,2026-08-04T19:00:31.536Z,Muse-2E72,AF8,485,-72.753906
2026-08-04T19:00:29.591Z,2026-08-04T19:00:31.536Z,Muse-2E72,AF8,486,-114.257812
2026-08-04T19:00:29.591Z,2026-08-04T19:00:31.536Z,Muse-2E72,AF8,487,679.687500
2026-08-04T19:00:29.591Z,2026-08-04T19:00:31.536Z,Muse-2E72,AF8,488,620.117188
2026-08-04T19:00:29.591Z,2026-08-04T19:00:31.536Z,Muse-2E72,AF8,489,7.324219
2026-08-04T19:00:29.591Z,2026-08-04T19:00:31.536Z,Muse-2E72,AF8,490,-173.828125
2026-08-04T19:00:29.591Z,2026-08-04T19:00:31.536Z,Muse-2E72,AF8,491,342.285156
2026-08-04T19:00:29.591Z,2026-08-04T19:00:31.536Z,Muse-2E72,AF8,492,901.855469
2026-08-04T19:00:29.591Z,2026-08-04T19:00:31.564Z,Muse-2E72,TP9,481,-123.046875
2026-08-04T19:00:29.591Z,2026-08-04T19:00:31.564Z,Muse-2E72,TP9,482,-909.667969
2026-08-04T19:00:29.591Z,2026-08-04T19:00:31.564Z,Muse-2E72,TP9,483,-38.574219
2026-08-04T19:00:29.591Z,2026-08-04T19:00:31.564Z,Muse-2E72,TP9,484,875.976562
2026-08-04T19:00:29.591Z,2026-08-04T19:00:31.564Z,Muse-2E72,TP9,485,100.097656
2026-08-04T19:00:29.591Z,2026-08-04T19:00:31.564Z,Muse-2E72,TP9,486,-586.425781
2026-08-04T19:00:29.591Z,2026-08-04T19:00:31.564Z,Muse-2E72,TP9,487,-97.656250
2026-08-04T19:00:29.591Z,2026-08-04T19:00:31.564Z,Muse-2E72,TP9,488,873.046875
2026-08-04T19:00:29.591Z,2026-08-04T19:00:31.564Z,Muse-2E72,TP9,489,487.304688
2026-08-04T19:00:29.591Z,2026-08-04T19:00:31.564Z,Muse-2E72,TP9,490,-603.027344
2026-08-04T19:00:29.591Z,2026-08-04T19:00:31.564Z,Muse-2E72,TP9,491,-487.304688
2026-08-04T19:00:29.591Z,2026-08-04T19:00:31.564Z,Muse-2E72,TP9,492,715.820312
2026-08-04T19:00:29.591Z,2026-08-04T19:00:31.566Z,Muse-2E72,AF7,481,-1000.000000
2026-08-04T19:00:29.591Z,2026-08-04T19:00:31.566Z,Muse-2E72,AF7,482,-729.492188
2026-08-04T19:00:29.591Z,2026-08-04T19:00:31.566Z,Muse-2E72,AF7,483,786.132812
2026-08-04T19:00:29.591Z,2026-08-04T19:00:31.566Z,Muse-2E72,AF7,484,299.804688
2026-08-04T19:00:29.591Z,2026-08-04T19:00:31.566Z,Muse-2E72,AF7,485,-886.230469
2026-08-04T19:00:29.591Z,2026-08-04T19:00:31.566Z,Muse-2E72,AF7,486,-1000.000000
2026-08-04T19:00:29.591Z,2026-08-04T19:00:31.566Z,Muse-2E72,AF7,487,242.675781
2026-08-04T19:00:29.591Z,2026-08-04T19:00:31.566Z,Muse-2E72,AF7,488,668.457031
2026-08-04T19:00:29.591Z,2026-08-04T19:00:31.566Z,Muse-2E72,AF7,489,-723.144531
2026-08-04T19:00:29.591Z,2026-08-04T19:00:31.566Z,Muse-2E72,AF7,490,-1000.000000
2026-08-04T19:00:29.591Z,2026-08-04T19:00:31.566Z,Muse-2E72,AF7,491,-145.019531
2026-08-04T19:00:29.591Z,2026-08-04T19:00:31.566Z,Muse-2E72,AF7,492,963.378906
2026-08-04T19:00:29.591Z,2026-08-04T19:00:31.581Z,Muse-2E72,TP10,493,251.464844
2026-08-04T19:00:29.591Z,2026-08-04T19:00:31.581Z,Muse-2E72,TP10,494,-958.984375
2026-08-04T19:00:29.591Z,2026-08-04T19:00:31.581Z,Muse-2E72,TP10,495,-593.261719
2026-08-04T19:00:29.591Z,2026-08-04T19:00:31.581Z,Muse-2E72,TP10,496,750.488281
2026-08-04T19:00:29.591Z,2026-08-04T19:00:31.581Z,Muse-2E72,TP10,497,530.761719
2026-08-04T19:00:29.591Z,2026-08-04T19:00:31.581Z,Muse-2E72,TP10,498,-722.656250
2026-08-04T19:00:29.591Z,2026-08-04T19:00:31.581Z,Muse-2E72,TP10,499,-840.820312
2026-08-04T19:00:29.591Z,2026-08-04T19:00:31.581Z,Muse-2E72,TP10,500,85.937500
2026-08-04T19:00:29.591Z,2026-08-04T19:00:31.581Z,Muse-2E72,TP10,501,783.691406
2026-08-04T19:00:29.591Z,2026-08-04T19:00:31.581Z,Muse-2E72,TP10,502,-321.289062
2026-08-04T19:00:29.591Z,2026-08-04T19:00:31.581Z,Muse-2E72,TP10,503,-1000.000000
2026-08-04T19:00:29.591Z,2026-08-04T19:00:31.581Z,Muse-2E72,TP10,504,-83.984375
2026-08-04T19:00:29.591Z,2026-08-04T19:00:31.582Z,Muse-2E72,AF8,493,220.703125
2026-08-04T19:00:29.591Z,2026-08-04T19:00:31.582Z,Muse-2E72,AF8,494,-401.367188
2026-08-04T19:00:29.591Z,2026-08-04T19:00:31.582Z,Muse-2E72,AF8,495,215.820312
2026-08-04T19:00:29.591Z,2026-08-04T19:00:31.582Z,Muse-2E72,AF8,496,915.527344
2026-08-04T19:00:29.591Z,2026-08-04T19:00:31.582Z,Muse-2E72,AF8,497,246.582031
2026-08-04T19:00:29.591Z,2026-08-04T19:00:31.582Z,Muse-2E72,AF8,498,-371.582031
2026-08-04T19:00:29.591Z,2026-08-04T19:00:31.582Z,Muse-2E72,AF8,499,115.234375
2026-08-04T19:00:29.591Z,2026-08-04T19:00:31.582Z,Muse-2E72,AF8,500,849.121094
2026-08-04T19:00:29.591Z,2026-08-04T19:00:31.582Z,Muse-2E72,AF8,501,455.566406
2026-08-04T19:00:29.591Z,2026-08-04T19:00:31.582Z,Muse-2E72,AF8,502,-386.718750
2026-08-04T19:00:29.591Z,2026-08-04T19:00:31.582Z,Muse-2E72,AF8,503,-244.140625
2026-08-04T19:00:29.591Z,2026-08-04T19:00:31.582Z,Muse-2E72,AF8,504,590.332031
2026-08-04T19:00:29.591Z,2026-08-04T19:00:31.582Z,Muse-2E72,TP9,493,532.714844
2026-08-04T19:00:29.591Z,2026-08-04T19:00:31.582Z,Muse-2E72,TP9,494,-516.601562
2026-08-04T19:00:29.591Z,2026-08-04T19:00:31.582Z,Muse-2E72,TP9,495,-858.886719
2026-08-04T19:00:29.591Z,2026-08-04T19:00:31.582Z,Muse-2E72,TP9,496,101.562500
2026-08-04T19:00:29.591Z,2026-08-04T19:00:31.582Z,Muse-2E72,TP9,497,853.027344
2026-08-04T19:00:29.591Z,2026-08-04T19:00:31.582Z,Muse-2E72,TP9,498,-165.527344
2026-08-04T19:00:29.591Z,2026-08-04T19:00:31.582Z,Muse-2E72,TP9,499,-894.042969
2026-08-04T19:00:29.591Z,2026-08-04T19:00:31.582Z,Muse-2E72,TP9,500,-164.550781
2026-08-04T19:00:29.591Z,2026-08-04T19:00:31.582Z,Muse-2E72,TP9,501,939.453125
2026-08-04T19:00:29.591Z,2026-08-04T19:00:31.582Z,Muse-2E72,TP9,502,128.906250
2026-08-04T19:00:29.591Z,2026-08-04T19:00:31.582Z,Muse-2E72,TP9,503,-927.246094
2026-08-04T19:00:29.591Z,2026-08-04T19:00:31.582Z,Muse-2E72,TP9,504,-226.562500
2026-08-04T19:00:29.591Z,2026-08-04T19:00:31.583Z,Muse-2E72,AF7,493,-347.656250
2026-08-04T19:00:29.591Z,2026-08-04T19:00:31.583Z,Muse-2E72,AF7,494,-1000.000000
2026-08-04T19:00:29.591Z,2026-08-04T19:00:31.583Z,Muse-2E72,AF7,495,-318.847656
2026-08-04T19:00:29.591Z,2026-08-04T19:00:31.583Z,Muse-2E72,AF7,496,999.511719
2026-08-04T19:00:29.591Z,2026-08-04T19:00:31.583Z,Muse-2E72,AF7,497,171.386719
2026-08-04T19:00:29.591Z,2026-08-04T19:00:31.583Z,Muse-2E72,AF7,498,-1000.000000
2026-08-04T19:00:29.591Z,2026-08-04T19:00:31.583Z,Muse-2E72,AF7,499,-808.593750
2026-08-04T19:00:29.591Z,2026-08-04T19:00:31.583Z,Muse-2E72,AF7,500,722.167969
2026-08-04T19:00:29.591Z,2026-08-04T19:00:31.583Z,Muse-2E72,AF7,501,353.515625
2026-08-04T19:00:29.591Z,2026-08-04T19:00:31.583Z,Muse-2E72,AF7,502,-1000.000000
2026-08-04T19:00:29.591Z,2026-08-04T19:00:31.583Z,Muse-2E72,AF7,503,-1000.000000
2026-08-04T19:00:29.591Z,2026-08-04T19:00:31.583Z,Muse-2E72,AF7,504,174.804688
2026-08-04T19:00:29.591Z,2026-08-04T19:00:31.625Z,Muse-2E72,TP10,505,999.511719
2026-08-04T19:00:29.591Z,2026-08-04T19:00:31.625Z,Muse-2E72,TP10,506,173.828125
2026-08-04T19:00:29.591Z,2026-08-04T19:00:31.625Z,Muse-2E72,TP10,507,-990.234375
2026-08-04T19:00:29.591Z,2026-08-04T19:00:31.625Z,Muse-2E72,TP10,508,-172.363281
2026-08-04T19:00:29.591Z,2026-08-04T19:00:31.625Z,Muse-2E72,TP10,509,999.511719
2026-08-04T19:00:29.591Z,2026-08-04T19:00:31.625Z,Muse-2E72,TP10,510,355.468750
2026-08-04T19:00:29.591Z,2026-08-04T19:00:31.625Z,Muse-2E72,TP10,511,-944.335938
2026-08-04T19:00:29.591Z,2026-08-04T19:00:31.625Z,Muse-2E72,TP10,512,-440.917969
2026-08-04T19:00:29.591Z,2026-08-04T19:00:31.625Z,Muse-2E72,TP10,513,833.007812
2026-08-04T19:00:29.591Z,2026-08-04T19:00:31.625Z,Muse-2E72,TP10,514,696.777344
2026-08-04T19:00:29.591Z,2026-08-04T19:00:31.625Z,Muse-2E72,TP10,515,-357.910156
2026-08-04T19:00:29.591Z,2026-08-04T19:00:31.625Z,Muse-2E72,TP10,516,-886.230469
2026-08-04T19:00:29.591Z,2026-08-04T19:00:31.627Z,Muse-2E72,AF8,505,567.871094
2026-08-04T19:00:29.591Z,2026-08-04T19:00:31.627Z,Muse-2E72,AF8,506,-279.785156
2026-08-04T19:00:29.591Z,2026-08-04T19:00:31.627Z,Muse-2E72,AF8,507,-354.003906
2026-08-04T19:00:29.591Z,2026-08-04T19:00:31.627Z,Muse-2E72,AF8,508,444.824219
2026-08-04T19:00:29.591Z,2026-08-04T19:00:31.627Z,Muse-2E72,AF8,509,765.625000
2026-08-04T19:00:29.591Z,2026-08-04T19:00:31.627Z,Muse-2E72,AF8,510,-39.550781
2026-08-04T19:00:29.591Z,2026-08-04T19:00:31.627Z,Muse-2E72,AF8,511,-408.691406
2026-08-04T19:00:29.591Z,2026-08-04T19:00:31.627Z,Muse-2E72,AF8,512,357.421875
2026-08-04T19:00:29.591Z,2026-08-04T19:00:31.627Z,Muse-2E72,AF8,513,818.847656
2026-08-04T19:00:29.591Z,2026-08-04T19:00:31.627Z,Muse-2E72,AF8,514,212.890625
2026-08-04T19:00:29.591Z,2026-08-04T19:00:31.627Z,Muse-2E72,AF8,515,-487.304688
2026-08-04T19:00:29.591Z,2026-08-04T19:00:31.627Z,Muse-2E72,AF8,516,-242.187500
2026-08-04T19:00:29.591Z,2026-08-04T19:00:31.627Z,Muse-2E72,TP9,505,999.511719
2026-08-04T19:00:29.591Z,2026-08-04T19:00:31.627Z,Muse-2E72,TP9,506,388.183594
2026-08-04T19:00:29.591Z,2026-08-04T19:00:31.627Z,Muse-2E72,TP9,507,-781.738281
2026-08-04T19:00:29.591Z,2026-08-04T19:00:31.627Z,Muse-2E72,TP9,508,-459.472656
2026-08-04T19:00:29.591Z,2026-08-04T19:00:31.627Z,Muse-2E72,TP9,509,736.816406
2026-08-04T19:00:29.591Z,2026-08-04T19:00:31.627Z,Muse-2E72,TP9,510,736.328125
2026-08-04T19:00:29.591Z,2026-08-04T19:00:31.627Z,Muse-2E72,TP9,511,-407.714844
2026-08-04T19:00:29.591Z,2026-08-04T19:00:31.627Z,Muse-2E72,TP9,512,-790.527344
2026-08-04T19:00:29.591Z,2026-08-04T19:00:31.627Z,Muse-2E72,TP9,513,145.019531
2026-08-04T19:00:29.591Z,2026-08-04T19:00:31.627Z,Muse-2E72,TP9,514,779.296875
2026-08-04T19:00:29.591Z,2026-08-04T19:00:31.627Z,Muse-2E72,TP9,515,-12.695312
2026-08-04T19:00:29.591Z,2026-08-04T19:00:31.627Z,Muse-2E72,TP9,516,-778.808594
2026-08-04T19:00:29.591Z,2026-08-04T19:00:31.628Z,Muse-2E72,AF7,505,721.679688
2026-08-04T19:00:29.591Z,2026-08-04T19:00:31.628Z,Muse-2E72,AF7,506,-830.078125
2026-08-04T19:00:29.591Z,2026-08-04T19:00:31.628Z,Muse-2E72,AF7,507,-1000.000000
2026-08-04T19:00:29.591Z,2026-08-04T19:00:31.628Z,Muse-2E72,AF7,508,58.105469
2026-08-04T19:00:29.591Z,2026-08-04T19:00:31.628Z,Muse-2E72,AF7,509,999.511719
2026-08-04T19:00:29.591Z,2026-08-04T19:00:31.628Z,Muse-2E72,AF7,510,-285.156250
2026-08-04T19:00:29.591Z,2026-08-04T19:00:31.628Z,Muse-2E72,AF7,511,-1000.000000
2026-08-04T19:00:29.591Z,2026-08-04T19:00:31.628Z,Muse-2E72,AF7,512,-145.019531
2026-08-04T19:00:29.591Z,2026-08-04T19:00:31.628Z,Muse-2E72,AF7,513,999.511719
2026-08-04T19:00:29.591Z,2026-08-04T19:00:31.628Z,Muse-2E72,AF7,514,197.753906
2026-08-04T19:00:29.591Z,2026-08-04T19:00:31.628Z,Muse-2E72,AF7,515,-1000.000000
2026-08-04T19:00:29.591Z,2026-08-04T19:00:31.628Z,Muse-2E72,AF7,516,-926.757812
2026-08-04T19:00:29.591Z,2026-08-04T19:00:31.672Z,Muse-2E72,TP10,517,17.578125
2026-08-04T19:00:29.591Z,2026-08-04T19:00:31.672Z,Muse-2E72,TP10,518,880.371094
2026-08-04T19:00:29.591Z,2026-08-04T19:00:31.672Z,Muse-2E72,TP10,519,-157.714844
2026-08-04T19:00:29.591Z,2026-08-04T19:00:31.672Z,Muse-2E72,TP10,520,-916.015625
2026-08-04T19:00:29.591Z,2026-08-04T19:00:31.672Z,Muse-2E72,TP10,521,-126.953125
2026-08-04T19:00:29.591Z,2026-08-04T19:00:31.672Z,Muse-2E72,TP10,522,966.308594
2026-08-04T19:00:29.591Z,2026-08-04T19:00:31.672Z,Muse-2E72,TP10,523,365.722656
2026-08-04T19:00:29.591Z,2026-08-04T19:00:31.672Z,Muse-2E72,TP10,524,-584.960938
2026-08-04T19:00:29.591Z,2026-08-04T19:00:31.672Z,Muse-2E72,TP10,525,-426.269531
2026-08-04T19:00:29.591Z,2026-08-04T19:00:31.672Z,Muse-2E72,TP10,526,917.968750
2026-08-04T19:00:29.591Z,2026-08-04T19:00:31.672Z,Muse-2E72,TP10,527,411.132812
2026-08-04T19:00:29.591Z,2026-08-04T19:00:31.672Z,Muse-2E72,TP10,528,-906.738281
2026-08-04T19:00:29.591Z,2026-08-04T19:00:31.672Z,Muse-2E72,AF8,517,628.417969
2026-08-04T19:00:29.591Z,2026-08-04T19:00:31.672Z,Muse-2E72,AF8,518,421.386719
2026-08-04T19:00:29.591Z,2026-08-04T19:00:31.672Z,Muse-2E72,AF8,519,-224.121094
2026-08-04T19:00:29.591Z,2026-08-04T19:00:31.672Z,Muse-2E72,AF8,520,-201.660156
2026-08-04T19:00:29.591Z,2026-08-04T19:00:31.672Z,Muse-2E72,AF8,521,422.851562
2026-08-04T19:00:29.591Z,2026-08-04T19:00:31.672Z,Muse-2E72,AF8,522,542.480469
2026-08-04T19:00:29.591Z,2026-08-04T19:00:31.672Z,Muse-2E72,AF8,523,293.457031
2026-08-04T19:00:29.591Z,2026-08-04T19:00:31.672Z,Muse-2E72,AF8,524,82.519531
2026-08-04T19:00:29.591Z,2026-08-04T19:00:31.672Z,Muse-2E72,AF8,525,178.222656
2026-08-04T19:00:29.591Z,2026-08-04T19:00:31.672Z,Muse-2E72,AF8,526,752.929688
2026-08-04T19:00:29.591Z,2026-08-04T19:00:31.672Z,Muse-2E72,AF8,527,117.187500
2026-08-04T19:00:29.591Z,2026-08-04T19:00:31.672Z,Muse-2E72,AF8,528,-481.445312
2026-08-04T19:00:29.591Z,2026-08-04T19:00:31.672Z,Muse-2E72,TP9,517,-194.824219
2026-08-04T19:00:29.591Z,2026-08-04T19:00:31.672Z,Muse-2E72,TP9,518,945.800781
2026-08-04T19:00:29.591Z,2026-08-04T19:00:31.672Z,Muse-2E72,TP9,519,378.417969
2026-08-04T19:00:29.591Z,2026-08-04T19:00:31.672Z,Muse-2E72,TP9,520,-710.449219
2026-08-04T19:00:29.591Z,2026-08-04T19:00:31.672Z,Muse-2E72,TP9,521,-354.003906
2026-08-04T19:00:29.591Z,2026-08-04T19:00:31.672Z,Muse-2E72,TP9,522,837.890625
2026-08-04T19:00:29.591Z,2026-08-04T19:00:31.672Z,Muse-2E72,TP9,523,539.550781
2026-08-04T19:00:29.591Z,2026-08-04T19:00:31.672Z,Muse-2E72,TP9,524,-204.101562
2026-08-04T19:00:29.591Z,2026-08-04T19:00:31.672Z,Muse-2E72,TP9,525,-663.574219
2026-08-04T19:00:29.591Z,2026-08-04T19:00:31.672Z,Muse-2E72,TP9,526,354.980469
2026-08-04T19:00:29.591Z,2026-08-04T19:00:31.672Z,Muse-2E72,TP9,527,723.144531
2026-08-04T19:00:29.591Z,2026-08-04T19:00:31.672Z,Muse-2E72,TP9,528,-443.847656
2026-08-04T19:00:29.591Z,2026-08-04T19:00:31.672Z,Muse-2E72,AF7,517,604.980469
2026-08-04T19:00:29.591Z,2026-08-04T19:00:31.672Z,Muse-2E72,AF7,518,475.097656
2026-08-04T19:00:29.591Z,2026-08-04T19:00:31.672Z,Muse-2E72,AF7,519,-942.871094
2026-08-04T19:00:29.591Z,2026-08-04T19:00:31.672Z,Muse-2E72,AF7,520,-1000.000000
2026-08-04T19:00:29.591Z,2026-08-04T19:00:31.672Z,Muse-2E72,AF7,521,19.042969
2026-08-04T19:00:29.591Z,2026-08-04T19:00:31.672Z,Muse-2E72,AF7,522,723.632812
2026-08-04T19:00:29.591Z,2026-08-04T19:00:31.672Z,Muse-2E72,AF7,523,-523.925781
2026-08-04T19:00:29.591Z,2026-08-04T19:00:31.672Z,Muse-2E72,AF7,524,-1000.000000
2026-08-04T19:00:29.591Z,2026-08-04T19:00:31.672Z,Muse-2E72,AF7,525,-245.605469
2026-08-04T19:00:29.591Z,2026-08-04T19:00:31.672Z,Muse-2E72,AF7,526,999.511719
2026-08-04T19:00:29.591Z,2026-08-04T19:00:31.672Z,Muse-2E72,AF7,527,81.542969
2026-08-04T19:00:29.591Z,2026-08-04T19:00:31.672Z,Muse-2E72,AF7,528,-1000.000000
2026-08-04T19:00:29.591Z,2026-08-04T19:00:31.715Z,Muse-2E72,TP10,529,-676.269531
2026-08-04T19:00:29.591Z,2026-08-04T19:00:31.715Z,Muse-2E72,TP10,530,493.652344
2026-08-04T19:00:29.591Z,2026-08-04T19:00:31.715Z,Muse-2E72,TP10,531,680.664062
2026-08-04T19:00:29.591Z,2026-08-04T19:00:31.715Z,Muse-2E72,TP10,532,-518.554688
2026-08-04T19:00:29.591Z,2026-08-04T19:00:31.715Z,Muse-2E72,TP10,533,-899.414062
2026-08-04T19:00:29.591Z,2026-08-04T19:00:31.715Z,Muse-2E72,TP10,534,59.082031
2026-08-04T19:00:29.591Z,2026-08-04T19:00:31.715Z,Muse-2E72,TP10,535,720.703125
2026-08-04T19:00:29.591Z,2026-08-04T19:00:31.715Z,Muse-2E72,TP10,536,-29.296875
2026-08-04T19:00:29.591Z,2026-08-04T19:00:31.715Z,Muse-2E72,TP10,537,-934.570312
2026-08-04T19:00:29.591Z,2026-08-04T19:00:31.715Z,Muse-2E72,TP10,538,-289.550781
2026-08-04T19:00:29.591Z,2026-08-04T19:00:31.715Z,Muse-2E72,TP10,539,999.511719
2026-08-04T19:00:29.591Z,2026-08-04T19:00:31.715Z,Muse-2E72,TP10,540,337.890625
2026-08-04T19:00:29.591Z,2026-08-04T19:00:31.717Z,Muse-2E72,AF8,529,1.953125
2026-08-04T19:00:29.591Z,2026-08-04T19:00:31.717Z,Muse-2E72,AF8,530,770.019531
2026-08-04T19:00:29.591Z,2026-08-04T19:00:31.717Z,Muse-2E72,AF8,531,409.667969
2026-08-04T19:00:29.591Z,2026-08-04T19:00:31.717Z,Muse-2E72,AF8,532,-375.488281
2026-08-04T19:00:29.591Z,2026-08-04T19:00:31.717Z,Muse-2E72,AF8,533,-297.851562
2026-08-04T19:00:29.591Z,2026-08-04T19:00:31.717Z,Muse-2E72,AF8,534,571.777344
2026-08-04T19:00:29.591Z,2026-08-04T19:00:31.717Z,Muse-2E72,AF8,535,680.175781
2026-08-04T19:00:29.591Z,2026-08-04T19:00:31.717Z,Muse-2E72,AF8,536,-243.164062
2026-08-04T19:00:29.591Z,2026-08-04T19:00:31.717Z,Muse-2E72,AF8,537,-440.917969
2026-08-04T19:00:29.591Z,2026-08-04T19:00:31.717Z,Muse-2E72,AF8,538,317.382812
2026-08-04T19:00:29.591Z,2026-08-04T19:00:31.717Z,Muse-2E72,AF8,539,638.183594
2026-08-04T19:00:29.591Z,2026-08-04T19:00:31.717Z,Muse-2E72,AF8,540,-16.601562
2026-08-04T19:00:29.591Z,2026-08-04T19:00:31.731Z,Muse-2E72,TP9,529,-863.769531
2026-08-04T19:00:29.591Z,2026-08-04T19:00:31.731Z,Muse-2E72,TP9,530,14.648438
2026-08-04T19:00:29.591Z,2026-08-04T19:00:31.731Z,Muse-2E72,TP9,531,792.968750
2026-08-04T19:00:29.591Z,2026-08-04T19:00:31.731Z,Muse-2E72,TP9,532,-157.714844
2026-08-04T19:00:29.591Z,2026-08-04T19:00:31.731Z,Muse-2E72,TP9,533,-861.328125
2026-08-04T19:00:29.591Z,2026-08-04T19:00:31.731Z,Muse-2E72,TP9,534,-185.546875
2026-08-04T19:00:29.591Z,2026-08-04T19:00:31.731Z,Muse-2E72,TP9,535,652.343750
2026-08-04T19:00:29.591Z,2026-08-04T19:00:31.731Z,Muse-2E72,TP9,536,363.769531
2026-08-04T19:00:29.591Z,2026-08-04T19:00:31.731Z,Muse-2E72,TP9,537,-739.746094
2026-08-04T19:00:29.591Z,2026-08-04T19:00:31.731Z,Muse-2E72,TP9,538,-454.589844
2026-08-04T19:00:29.591Z,2026-08-04T19:00:31.731Z,Muse-2E72,TP9,539,937.011719
2026-08-04T19:00:29.591Z,2026-08-04T19:00:31.731Z,Muse-2E72,TP9,540,552.734375
2026-08-04T19:00:29.591Z,2026-08-04T19:00:31.731Z,Muse-2E72,AF7,529,-605.468750
2026-08-04T19:00:29.591Z,2026-08-04T19:00:31.731Z,Muse-2E72,AF7,530,938.476562
2026-08-04T19:00:29.591Z,2026-08-04T19:00:31.731Z,Muse-2E72,AF7,531,243.164062
2026-08-04T19:00:29.591Z,2026-08-04T19:00:31.731Z,Muse-2E72,AF7,532,-1000.000000
2026-08-04T19:00:29.591Z,2026-08-04T19:00:31.731Z,Muse-2E72,AF7,533,-1000.000000
2026-08-04T19:00:29.591Z,2026-08-04T19:00:31.731Z,Muse-2E72,AF7,534,359.863281
2026-08-04T19:00:29.591Z,2026-08-04T19:00:31.731Z,Muse-2E72,AF7,535,617.187500
2026-08-04T19:00:29.591Z,2026-08-04T19:00:31.731Z,Muse-2E72,AF7,536,-895.507812
2026-08-04T19:00:29.591Z,2026-08-04T19:00:31.731Z,Muse-2E72,AF7,537,-1000.000000
2026-08-04T19:00:29.591Z,2026-08-04T19:00:31.731Z,Muse-2E72,AF7,538,-112.792969
2026-08-04T19:00:29.591Z,2026-08-04T19:00:31.731Z,Muse-2E72,AF7,539,931.640625
2026-08-04T19:00:29.591Z,2026-08-04T19:00:31.731Z,Muse-2E72,AF7,540,-319.824219
2026-08-04T19:00:29.591Z,2026-08-04T19:00:31.759Z,Muse-2E72,TP10,541,-983.398438
2026-08-04T19:00:29.591Z,2026-08-04T19:00:31.759Z,Muse-2E72,TP10,542,-506.835938
2026-08-04T19:00:29.591Z,2026-08-04T19:00:31.759Z,Muse-2E72,TP10,543,855.468750
2026-08-04T19:00:29.591Z,2026-08-04T19:00:31.759Z,Muse-2E72,TP10,544,770.507812
2026-08-04T19:00:29.591Z,2026-08-04T19:00:31.759Z,Muse-2E72,TP10,545,-479.980469
2026-08-04T19:00:29.591Z,2026-08-04T19:00:31.759Z,Muse-2E72,TP10,546,-698.730469
2026-08-04T19:00:29.591Z,2026-08-04T19:00:31.759Z,Muse-2E72,TP10,547,558.593750
2026-08-04T19:00:29.591Z,2026-08-04T19:00:31.759Z,Muse-2E72,TP10,548,888.183594
2026-08-04T19:00:29.591Z,2026-08-04T19:00:31.759Z,Muse-2E72,TP10,549,-336.914062
2026-08-04T19:00:29.591Z,2026-08-04T19:00:31.759Z,Muse-2E72,TP10,550,-702.636719
2026-08-04T19:00:29.591Z,2026-08-04T19:00:31.759Z,Muse-2E72,TP10,551,259.765625
2026-08-04T19:00:29.591Z,2026-08-04T19:00:31.759Z,Muse-2E72,TP10,552,956.054688
2026-08-04T19:00:29.591Z,2026-08-04T19:00:31.777Z,Muse-2E72,AF8,541,-412.109375
2026-08-04T19:00:29.591Z,2026-08-04T19:00:31.777Z,Muse-2E72,AF8,542,205.566406
2026-08-04T19:00:29.591Z,2026-08-04T19:00:31.777Z,Muse-2E72,AF8,543,745.605469
2026-08-04T19:00:29.591Z,2026-08-04T19:00:31.777Z,Muse-2E72,AF8,544,306.152344
2026-08-04T19:00:29.591Z,2026-08-04T19:00:31.777Z,Muse-2E72,AF8,545,-267.578125
2026-08-04T19:00:29.591Z,2026-08-04T19:00:31.777Z,Muse-2E72,AF8,546,120.117188
2026-08-04T19:00:29.591Z,2026-08-04T19:00:31.777Z,Muse-2E72,AF8,547,808.105469
2026-08-04T19:00:29.591Z,2026-08-04T19:00:31.777Z,Muse-2E72,AF8,548,414.062500
2026-08-04T19:00:29.591Z,2026-08-04T19:00:31.777Z,Muse-2E72,AF8,549,-220.703125
2026-08-04T19:00:29.591Z,2026-08-04T19:00:31.777Z,Muse-2E72,AF8,550,-163.574219
2026-08-04T19:00:29.591Z,2026-08-04T19:00:31.777Z,Muse-2E72,AF8,551,510.742188
2026-08-04T19:00:29.591Z,2026-08-04T19:00:31.777Z,Muse-2E72,AF8,552,484.375000
2026-08-04T19:00:29.591Z,2026-08-04T19:00:31.777Z,Muse-2E72,TP9,541,-700.195312
2026-08-04T19:00:29.591Z,2026-08-04T19:00:31.777Z,Muse-2E72,TP9,542,-580.566406
2026-08-04T19:00:29.591Z,2026-08-04T19:00:31.777Z,Muse-2E72,TP9,543,588.378906
2026-08-04T19:00:29.591Z,2026-08-04T19:00:31.777Z,Muse-2E72,TP9,544,803.710938
2026-08-04T19:00:29.591Z,2026-08-04T19:00:31.777Z,Muse-2E72,TP9,545,-199.707031
2026-08-04T19:00:29.591Z,2026-08-04T19:00:31.777Z,Muse-2E72,TP9,546,-606.445312
2026-08-04T19:00:29.591Z,2026-08-04T19:00:31.777Z,Muse-2E72,TP9,547,336.914062
2026-08-04T19:00:29.591Z,2026-08-04T19:00:31.777Z,Muse-2E72,TP9,548,912.109375
2026-08-04T19:00:29.591Z,2026-08-04T19:00:31.777Z,Muse-2E72,TP9,549,58.593750
2026-08-04T19:00:29.591Z,2026-08-04T19:00:31.777Z,Muse-2E72,TP9,550,-587.890625
2026-08-04T19:00:29.591Z,2026-08-04T19:00:31.777Z,Muse-2E72,TP9,551,-123.046875
2026-08-04T19:00:29.591Z,2026-08-04T19:00:31.777Z,Muse-2E72,TP9,552,851.562500
2026-08-04T19:00:29.591Z,2026-08-04T19:00:31.778Z,Muse-2E72,AF7,541,-1000.000000
2026-08-04T19:00:29.591Z,2026-08-04T19:00:31.778Z,Muse-2E72,AF7,542,-373.046875
2026-08-04T19:00:29.591Z,2026-08-04T19:00:31.778Z,Muse-2E72,AF7,543,999.511719
2026-08-04T19:00:29.591Z,2026-08-04T19:00:31.778Z,Muse-2E72,AF7,544,218.750000
2026-08-04T19:00:29.591Z,2026-08-04T19:00:31.778Z,Muse-2E72,AF7,545,-1000.000000
2026-08-04T19:00:29.591Z,2026-08-04T19:00:31.778Z,Muse-2E72,AF7,546,-546.875000
2026-08-04T19:00:29.591Z,2026-08-04T19:00:31.778Z,Muse-2E72,AF7,547,953.613281
2026-08-04T19:00:29.591Z,2026-08-04T19:00:31.778Z,Muse-2E72,AF7,548,360.839844
2026-08-04T19:00:29.591Z,2026-08-04T19:00:31.778Z,Muse-2E72,AF7,549,-997.558594
2026-08-04T19:00:29.591Z,2026-08-04T19:00:31.778Z,Muse-2E72,AF7,550,-1000.000000
2026-08-04T19:00:29.591Z,2026-08-04T19:00:31.778Z,Muse-2E72,AF7,551,193.847656
2026-08-04T19:00:29.591Z,2026-08-04T19:00:31.778Z,Muse-2E72,AF7,552,688.476562
2026-08-04T19:00:29.591Z,2026-08-04T19:00:31.820Z,Muse-2E72,TP10,553,155.761719
2026-08-04T19:00:29.591Z,2026-08-04T19:00:31.820Z,Muse-2E72,TP10,554,-935.546875
2026-08-04T19:00:29.591Z,2026-08-04T19:00:31.820Z,Muse-2E72,TP10,555,-350.585938
2026-08-04T19:00:29.591Z,2026-08-04T19:00:31.820Z,Muse-2E72,TP10,556,990.234375
2026-08-04T19:00:29.591Z,2026-08-04T19:00:31.820Z,Muse-2E72,TP10,557,360.351562
2026-08-04T19:00:29.591Z,2026-08-04T19:00:31.820Z,Muse-2E72,TP10,558,-905.761719
2026-08-04T19:00:29.591Z,2026-08-04T19:00:31.820Z,Muse-2E72,TP10,559,-526.855469
2026-08-04T19:00:29.591Z,2026-08-04T19:00:31.820Z,Muse-2E72,TP10,560,741.210938
2026-08-04T19:00:29.591Z,2026-08-04T19:00:31.820Z,Muse-2E72,TP10,561,647.949219
2026-08-04T19:00:29.591Z,2026-08-04T19:00:31.820Z,Muse-2E72,TP10,562,-549.804688
2026-08-04T19:00:29.591Z,2026-08-04T19:00:31.820Z,Muse-2E72,TP10,563,-866.210938
2026-08-04T19:00:29.591Z,2026-08-04T19:00:31.820Z,Muse-2E72,TP10,564,122.070312
2026-08-04T19:00:29.591Z,2026-08-04T19:00:31.822Z,Muse-2E72,AF8,553,-146.972656
2026-08-04T19:00:29.591Z,2026-08-04T19:00:31.822Z,Muse-2E72,AF8,554,-185.058594
2026-08-04T19:00:29.591Z,2026-08-04T19:00:31.822Z,Muse-2E72,AF8,555,310.058594
2026-08-04T19:00:29.591Z,2026-08-04T19:00:31.822Z,Muse-2E72,AF8,556,617.187500
2026-08-04T19:00:29.591Z,2026-08-04T19:00:31.822Z,Muse-2E72,AF8,557,109.863281
2026-08-04T19:00:29.591Z,2026-08-04T19:00:31.822Z,Muse-2E72,AF8,558,-225.585938
2026-08-04T19:00:29.591Z,2026-08-04T19:00:31.822Z,Muse-2E72,AF8,559,268.066406
2026-08-04T19:00:29.591Z,2026-08-04T19:00:31.822Z,Muse-2E72,AF8,560,798.828125
2026-08-04T19:00:29.591Z,2026-08-04T19:00:31.822Z,Muse-2E72,AF8,561,297.851562
2026-08-04T19:00:29.591Z,2026-08-04T19:00:31.822Z,Muse-2E72,AF8,562,-19.531250
2026-08-04T19:00:29.591Z,2026-08-04T19:00:31.822Z,Muse-2E72,AF8,563,59.570312
2026-08-04T19:00:29.591Z,2026-08-04T19:00:31.822Z,Muse-2E72,AF8,564,503.417969
2026-08-04T19:00:29.591Z,2026-08-04T19:00:31.822Z,Muse-2E72,TP9,553,548.828125
2026-08-04T19:00:29.591Z,2026-08-04T19:00:31.822Z,Muse-2E72,TP9,554,-579.101562
2026-08-04T19:00:29.591Z,2026-08-04T19:00:31.822Z,Muse-2E72,TP9,555,-598.632812
2026-08-04T19:00:29.591Z,2026-08-04T19:00:31.822Z,Muse-2E72,TP9,556,562.500000
2026-08-04T19:00:29.591Z,2026-08-04T19:00:31.822Z,Muse-2E72,TP9,557,613.281250
2026-08-04T19:00:29.591Z,2026-08-04T19:00:31.822Z,Muse-2E72,TP9,558,-457.519531
2026-08-04T19:00:29.591Z,2026-08-04T19:00:31.822Z,Muse-2E72,TP9,559,-710.449219
2026-08-04T19:00:29.591Z,2026-08-04T19:00:31.822Z,Muse-2E72,TP9,560,185.546875
2026-08-04T19:00:29.591Z,2026-08-04T19:00:31.822Z,Muse-2E72,TP9,561,783.691406
2026-08-04T19:00:29.591Z,2026-08-04T19:00:31.822Z,Muse-2E72,TP9,562,-108.886719
2026-08-04T19:00:29.591Z,2026-08-04T19:00:31.822Z,Muse-2E72,TP9,563,-838.378906
2026-08-04T19:00:29.591Z,2026-08-04T19:00:31.822Z,Muse-2E72,TP9,564,-151.855469
2026-08-04T19:00:29.591Z,2026-08-04T19:00:31.822Z,Muse-2E72,AF7,553,-687.011719
2026-08-04T19:00:29.591Z,2026-08-04T19:00:31.822Z,Muse-2E72,AF7,554,-1000.000000
2026-08-04T19:00:29.591Z,2026-08-04T19:00:31.822Z,Muse-2E72,AF7,555,-119.140625
2026-08-04T19:00:29.591Z,2026-08-04T19:00:31.822Z,Muse-2E72,AF7,556,982.910156
2026-08-04T19:00:29.591Z,2026-08-04T19:00:31.822Z,Muse-2E72,AF7,557,-127.929688
2026-08-04T19:00:29.591Z,2026-08-04T19:00:31.822Z,Muse-2E72,AF7,558,-1000.000000
2026-08-04T19:00:29.591Z,2026-08-04T19:00:31.822Z,Muse-2E72,AF7,559,-360.839844
2026-08-04T19:00:29.591Z,2026-08-04T19:00:31.822Z,Muse-2E72,AF7,560,999.511719
2026-08-04T19:00:29.591Z,2026-08-04T19:00:31.822Z,Muse-2E72,AF7,561,233.886719
2026-08-04T19:00:29.591Z,2026-08-04T19:00:31.822Z,Muse-2E72,AF7,562,-976.074219
2026-08-04T19:00:29.591Z,2026-08-04T19:00:31.822Z,Muse-2E72,AF7,563,-875.488281
2026-08-04T19:00:29.591Z,2026-08-04T19:00:31.822Z,Muse-2E72,AF7,564,579.589844
2026-08-04T19:00:29.591Z,2026-08-04T19:00:31.865Z,Muse-2E72,TP10,565,791.503906
2026-08-04T19:00:29.591Z,2026-08-04T19:00:31.865Z,Muse-2E72,TP10,566,-167.480469
2026-08-04T19:00:29.591Z,2026-08-04T19:00:31.865Z,Muse-2E72,TP10,567,-896.484375
2026-08-04T19:00:29.591Z,2026-08-04T19:00:31.865Z,Muse-2E72,TP10,568,-71.289062
2026-08-04T19:00:29.591Z,2026-08-04T19:00:31.865Z,Muse-2E72,TP10,569,999.511719
2026-08-04T19:00:29.591Z,2026-08-04T19:00:31.865Z,Muse-2E72,TP10,570,266.601562
2026-08-04T19:00:29.591Z,2026-08-04T19:00:31.865Z,Muse-2E72,TP10,571,-946.289062
2026-08-04T19:00:29.591Z,2026-08-04T19:00:31.865Z,Muse-2E72,TP10,572,-420.898438
2026-08-04T19:00:29.591Z,2026-08-04T19:00:31.865Z,Muse-2E72,TP10,573,669.921875
2026-08-04T19:00:29.591Z,2026-08-04T19:00:31.865Z,Muse-2E72,TP10,574,432.128906
2026-08-04T19:00:29.591Z,2026-08-04T19:00:31.865Z,Muse-2E72,TP10,575,-603.515625
2026-08-04T19:00:29.591Z,2026-08-04T19:00:31.865Z,Muse-2E72,TP10,576,-681.640625
2026-08-04T19:00:29.591Z,2026-08-04T19:00:31.867Z,Muse-2E72,AF8,565,740.722656
2026-08-04T19:00:29.591Z,2026-08-04T19:00:31.867Z,Muse-2E72,AF8,566,69.824219
2026-08-04T19:00:29.591Z,2026-08-04T19:00:31.867Z,Muse-2E72,AF8,567,-364.746094
2026-08-04T19:00:29.591Z,2026-08-04T19:00:31.867Z,Muse-2E72,AF8,568,390.136719
2026-08-04T19:00:29.591Z,2026-08-04T19:00:31.867Z,Muse-2E72,AF8,569,566.406250
2026-08-04T19:00:29.591Z,2026-08-04T19:00:31.867Z,Muse-2E72,AF8,570,-89.355469
2026-08-04T19:00:29.591Z,2026-08-04T19:00:31.867Z,Muse-2E72,AF8,571,-283.203125
2026-08-04T19:00:29.591Z,2026-08-04T19:00:31.867Z,Muse-2E72,AF8,572,184.570312
2026-08-04T19:00:29.591Z,2026-08-04T19:00:31.867Z,Muse-2E72,AF8,573,889.160156
2026-08-04T19:00:29.591Z,2026-08-04T19:00:31.867Z,Muse-2E72,AF8,574,188.476562
2026-08-04T19:00:29.591Z,2026-08-04T19:00:31.867Z,Muse-2E72,AF8,575,-553.222656
2026-08-04T19:00:29.591Z,2026-08-04T19:00:31.867Z,Muse-2E72,AF8,576,34.667969
2026-08-04T19:00:29.591Z,2026-08-04T19:00:31.867Z,Muse-2E72,TP9,565,859.863281
2026-08-04T19:00:29.591Z,2026-08-04T19:00:31.867Z,Muse-2E72,TP9,566,256.347656
2026-08-04T19:00:29.591Z,2026-08-04T19:00:31.867Z,Muse-2E72,TP9,567,-761.718750
2026-08-04T19:00:29.591Z,2026-08-04T19:00:31.867Z,Muse-2E72,TP9,568,-384.765625
2026-08-04T19:00:29.591Z,2026-08-04T19:00:31.867Z,Muse-2E72,TP9,569,889.648438
2026-08-04T19:00:29.591Z,2026-08-04T19:00:31.867Z,Muse-2E72,TP9,570,519.042969
2026-08-04T19:00:29.591Z,2026-08-04T19:00:31.867Z,Muse-2E72,TP9,571,-659.667969
2026-08-04T19:00:29.591Z,2026-08-04T19:00:31.867Z,Muse-2E72,TP9,572,-632.812500
2026-08-04T19:00:29.591Z,2026-08-04T19:00:31.867Z,Muse-2E72,TP9,573,250.488281
2026-08-04T19:00:29.591Z,2026-08-04T19:00:31.867Z,Muse-2E72,TP9,574,653.808594
2026-08-04T19:00:29.591Z,2026-08-04T19:00:31.867Z,Muse-2E72,TP9,575,-211.425781
2026-08-04T19:00:29.591Z,2026-08-04T19:00:31.867Z,Muse-2E72,TP9,576,-839.355469
2026-08-04T19:00:29.591Z,2026-08-04T19:00:31.867Z,Muse-2E72,AF7,565,604.492188
2026-08-04T19:00:29.591Z,2026-08-04T19:00:31.867Z,Muse-2E72,AF7,566,-898.925781
2026-08-04T19:00:29.591Z,2026-08-04T19:00:31.867Z,Muse-2E72,AF7,567,-1000.000000
2026-08-04T19:00:29.591Z,2026-08-04T19:00:31.867Z,Muse-2E72,AF7,568,48.828125
2026-08-04T19:00:29.591Z,2026-08-04T19:00:31.867Z,Muse-2E72,AF7,569,824.218750
2026-08-04T19:00:29.591Z,2026-08-04T19:00:31.867Z,Muse-2E72,AF7,570,-560.546875
2026-08-04T19:00:29.591Z,2026-08-04T19:00:31.867Z,Muse-2E72,AF7,571,-1000.000000
2026-08-04T19:00:29.591Z,2026-08-04T19:00:31.867Z,Muse-2E72,AF7,572,-218.750000
2026-08-04T19:00:29.591Z,2026-08-04T19:00:31.867Z,Muse-2E72,AF7,573,999.511719
2026-08-04T19:00:29.591Z,2026-08-04T19:00:31.867Z,Muse-2E72,AF7,574,19.531250
2026-08-04T19:00:29.591Z,2026-08-04T19:00:31.867Z,Muse-2E72,AF7,575,-1000.000000
2026-08-04T19:00:29.591Z,2026-08-04T19:00:31.867Z,Muse-2E72,AF7,576,-592.773438
2026-08-04T19:00:29.591Z,2026-08-04T19:00:31.910Z,Muse-2E72,TP10,577,470.214844
2026-08-04T19:00:29.591Z,2026-08-04T19:00:31.910Z,Muse-2E72,TP10,578,850.097656
2026-08-04T19:00:29.591Z,2026-08-04T19:00:31.910Z,Muse-2E72,TP10,579,-277.832031
2026-08-04T19:00:29.591Z,2026-08-04T19:00:31.910Z,Muse-2E72,TP10,580,-857.421875
2026-08-04T19:00:29.591Z,2026-08-04T19:00:31.910Z,Muse-2E72,TP10,581,116.699219
2026-08-04T19:00:29.591Z,2026-08-04T19:00:31.910Z,Muse-2E72,TP10,582,947.265625
2026-08-04T19:00:29.591Z,2026-08-04T19:00:31.910Z,Muse-2E72,TP10,583,206.054688
2026-08-04T19:00:29.591Z,2026-08-04T19:00:31.910Z,Muse-2E72,TP10,584,-603.027344
2026-08-04T19:00:29.591Z,2026-08-04T19:00:31.910Z,Muse-2E72,TP10,585,-8.789062
2026-08-04T19:00:29.591Z,2026-08-04T19:00:31.910Z,Muse-2E72,TP10,586,985.839844
2026-08-04T19:00:29.591Z,2026-08-04T19:00:31.910Z,Muse-2E72,TP10,587,526.367188
2026-08-04T19:00:29.591Z,2026-08-04T19:00:31.910Z,Muse-2E72,TP10,588,-624.511719
2026-08-04T19:00:29.591Z,2026-08-04T19:00:31.912Z,Muse-2E72,AF8,577,729.980469
2026-08-04T19:00:29.591Z,2026-08-04T19:00:31.912Z,Muse-2E72,AF8,578,353.027344
2026-08-04T19:00:29.591Z,2026-08-04T19:00:31.912Z,Muse-2E72,AF8,579,-211.425781
2026-08-04T19:00:29.591Z,2026-08-04T19:00:31.912Z,Muse-2E72,AF8,580,-110.351562
2026-08-04T19:00:29.591Z,2026-08-04T19:00:31.912Z,Muse-2E72,AF8,581,455.566406
2026-08-04T19:00:29.591Z,2026-08-04T19:00:31.912Z,Muse-2E72,AF8,582,550.292969
2026-08-04T19:00:29.591Z,2026-08-04T19:00:31.912Z,Muse-2E72,AF8,583,311.035156
2026-08-04T19:00:29.591Z,2026-08-04T19:00:31.912Z,Muse-2E72,AF8,584,196.289062
2026-08-04T19:00:29.591Z,2026-08-04T19:00:31.912Z,Muse-2E72,AF8,585,389.648438
2026-08-04T19:00:29.591Z,2026-08-04T19:00:31.912Z,Muse-2E72,AF8,586,483.886719
2026-08-04T19:00:29.591Z,2026-08-04T19:00:31.912Z,Muse-2E72,AF8,587,215.332031
2026-08-04T19:00:29.591Z,2026-08-04T19:00:31.912Z,Muse-2E72,AF8,588,48.828125
2026-08-04T19:00:29.591Z,2026-08-04T19:00:31.912Z,Muse-2E72,TP9,577,32.714844
2026-08-04T19:00:29.591Z,2026-08-04T19:00:31.912Z,Muse-2E72,TP9,578,880.371094
2026-08-04T19:00:29.591Z,2026-08-04T19:00:31.912Z,Muse-2E72,TP9,579,-40.039062
2026-08-04T19:00:29.591Z,2026-08-04T19:00:31.912Z,Muse-2E72,TP9,580,-811.523438
2026-08-04T19:00:29.591Z,2026-08-04T19:00:31.912Z,Muse-2E72,TP9,581,-162.597656
2026-08-04T19:00:29.591Z,2026-08-04T19:00:31.912Z,Muse-2E72,TP9,582,830.078125
2026-08-04T19:00:29.591Z,2026-08-04T19:00:31.912Z,Muse-2E72,TP9,583,513.671875
2026-08-04T19:00:29.591Z,2026-08-04T19:00:31.912Z,Muse-2E72,TP9,584,-325.195312
2026-08-04T19:00:29.591Z,2026-08-04T19:00:31.912Z,Muse-2E72,TP9,585,-189.941406
2026-08-04T19:00:29.591Z,2026-08-04T19:00:31.912Z,Muse-2E72,TP9,586,800.781250
2026-08-04T19:00:29.591Z,2026-08-04T19:00:31.912Z,Muse-2E72,TP9,587,668.457031
2026-08-04T19:00:29.591Z,2026-08-04T19:00:31.912Z,Muse-2E72,TP9,588,-322.753906
2026-08-04T19:00:29.591Z,2026-08-04T19:00:31.912Z,Muse-2E72,AF7,577,937.500000
2026-08-04T19:00:29.591Z,2026-08-04T19:00:31.912Z,Muse-2E72,AF7,578,297.363281
2026-08-04T19:00:29.591Z,2026-08-04T19:00:31.912Z,Muse-2E72,AF7,579,-1000.000000
2026-08-04T19:00:29.591Z,2026-08-04T19:00:31.912Z,Muse-2E72,AF7,580,-1000.000000
2026-08-04T19:00:29.591Z,2026-08-04T19:00:31.912Z,Muse-2E72,AF7,581,239.257812
2026-08-04T19:00:29.591Z,2026-08-04T19:00:31.912Z,Muse-2E72,AF7,582,794.921875
2026-08-04T19:00:29.591Z,2026-08-04T19:00:31.912Z,Muse-2E72,AF7,583,-581.542969
2026-08-04T19:00:29.591Z,2026-08-04T19:00:31.912Z,Muse-2E72,AF7,584,-1000.000000
2026-08-04T19:00:29.591Z,2026-08-04T19:00:31.912Z,Muse-2E72,AF7,585,43.945312
2026-08-04T19:00:29.591Z,2026-08-04T19:00:31.912Z,Muse-2E72,AF7,586,951.660156
2026-08-04T19:00:29.591Z,2026-08-04T19:00:31.912Z,Muse-2E72,AF7,587,-270.507812
2026-08-04T19:00:29.591Z,2026-08-04T19:00:31.912Z,Muse-2E72,AF7,588,-1000.000000
2026-08-04T19:00:29.591Z,2026-08-04T19:00:31.955Z,Muse-2E72,TP10,589,-442.382812
2026-08-04T19:00:29.591Z,2026-08-04T19:00:31.955Z,Muse-2E72,TP10,590,720.214844
2026-08-04T19:00:29.591Z,2026-08-04T19:00:31.955Z,Muse-2E72,TP10,591,687.500000
2026-08-04T19:00:29.591Z,2026-08-04T19:00:31.955Z,Muse-2E72,TP10,592,-101.562500
2026-08-04T19:00:29.591Z,2026-08-04T19:00:31.955Z,Muse-2E72,TP10,593,-394.531250
2026-08-04T19:00:29.591Z,2026-08-04T19:00:31.955Z,Muse-2E72,TP10,594,308.593750
2026-08-04T19:00:29.591Z,2026-08-04T19:00:31.955Z,Muse-2E72,TP10,595,855.468750
2026-08-04T19:00:29.591Z,2026-08-04T19:00:31.955Z,Muse-2E72,TP10,596,-4.394531
2026-08-04T19:00:29.591Z,2026-08-04T19:00:31.955Z,Muse-2E72,TP10,597,-583.496094
2026-08-04T19:00:29.591Z,2026-08-04T19:00:31.955Z,Muse-2E72,TP10,598,-7.812500
2026-08-04T19:00:29.591Z,2026-08-04T19:00:31.955Z,Muse-2E72,TP10,599,999.511719
2026-08-04T19:00:29.591Z,2026-08-04T19:00:31.955Z,Muse-2E72,TP10,600,153.808594
2026-08-04T19:00:29.591Z,2026-08-04T19:00:31.957Z,Muse-2E72,AF8,589,312.988281
2026-08-04T19:00:29.591Z,2026-08-04T19:00:31.957Z,Muse-2E72,AF8,590,572.265625
2026-08-04T19:00:29.591Z,2026-08-04T19:00:31.957Z,Muse-2E72,AF8,591,354.980469
2026-08-04T19:00:29.591Z,2026-08-04T19:00:31.957Z,Muse-2E72,AF8,592,162.109375
2026-08-04T19:00:29.591Z,2026-08-04T19:00:31.957Z,Muse-2E72,AF8,593,160.156250
2026-08-04T19:00:29.591Z,2026-08-04T19:00:31.957Z,Muse-2E72,AF8,594,504.882812
2026-08-04T19:00:29.591Z,2026-08-04T19:00:31.957Z,Muse-2E72,AF8,595,416.992188
2026-08-04T19:00:29.591Z,2026-08-04T19:00:31.957Z,Muse-2E72,AF8,596,249.511719
2026-08-04T19:00:29.591Z,2026-08-04T19:00:31.957Z,Muse-2E72,AF8,597,137.695312
2026-08-04T19:00:29.591Z,2026-08-04T19:00:31.957Z,Muse-2E72,AF8,598,392.578125
2026-08-04T19:00:29.591Z,2026-08-04T19:00:31.957Z,Muse-2E72,AF8,599,515.136719
2026-08-04T19:00:29.591Z,2026-08-04T19:00:31.957Z,Muse-2E72,AF8,600,-102.539062
2026-08-04T19:00:29.591Z,2026-08-04T19:00:31.957Z,Muse-2E72,TP9,589,-632.812500
2026-08-04T19:00:29.591Z,2026-08-04T19:00:31.957Z,Muse-2E72,TP9,590,243.652344
2026-08-04T19:00:29.591Z,2026-08-04T19:00:31.957Z,Muse-2E72,TP9,591,749.511719
2026-08-04T19:00:29.591Z,2026-08-04T19:00:31.957Z,Muse-2E72,TP9,592,99.121094
2026-08-04T19:00:29.591Z,2026-08-04T19:00:31.957Z,Muse-2E72,TP9,593,-458.984375
2026-08-04T19:00:29.591Z,2026-08-04T19:00:31.957Z,Muse-2E72,TP9,594,11.718750
2026-08-04T19:00:29.591Z,2026-08-04T19:00:31.957Z,Muse-2E72,TP9,595,773.437500
2026-08-04T19:00:29.591Z,2026-08-04T19:00:31.957Z,Muse-2E72,TP9,596,280.273438
2026-08-04T19:00:29.591Z,2026-08-04T19:00:31.957Z,Muse-2E72,TP9,597,-351.562500
2026-08-04T19:00:29.591Z,2026-08-04T19:00:31.957Z,Muse-2E72,TP9,598,-292.480469
2026-08-04T19:00:29.591Z,2026-08-04T19:00:31.957Z,Muse-2E72,TP9,599,896.484375
2026-08-04T19:00:29.591Z,2026-08-04T19:00:31.957Z,Muse-2E72,TP9,600,418.457031
2026-08-04T19:00:29.591Z,2026-08-04T19:00:31.957Z,Muse-2E72,AF7,589,-479.003906
2026-08-04T19:00:29.591Z,2026-08-04T19:00:31.957Z,Muse-2E72,AF7,590,936.035156
2026-08-04T19:00:29.591Z,2026-08-04T19:00:31.957Z,Muse-2E72,AF7,591,254.882812
2026-08-04T19:00:29.591Z,2026-08-04T19:00:31.957Z,Muse-2E72,AF7,592,-1000.000000
2026-08-04T19:00:29.591Z,2026-08-04T19:00:31.957Z,Muse-2E72,AF7,593,-970.703125
2026-08-04T19:00:29.591Z,2026-08-04T19:00:31.957Z,Muse-2E72,AF7,594,379.394531
2026-08-04T19:00:29.591Z,2026-08-04T19:00:31.957Z,Muse-2E72,AF7,595,419.921875
2026-08-04T19:00:29.591Z,2026-08-04T19:00:31.957Z,Muse-2E72,AF7,596,-871.582031
2026-08-04T19:00:29.591Z,2026-08-04T19:00:31.957Z,Muse-2E72,AF7,597,-1000.000000
2026-08-04T19:00:29.591Z,2026-08-04T19:00:31.957Z,Muse-2E72,AF7,598,183.593750
2026-08-04T19:00:29.591Z,2026-08-04T19:00:31.957Z,Muse-2E72,AF7,599,698.242188
2026-08-04T19:00:29.591Z,2026-08-04T19:00:31.957Z,Muse-2E72,AF7,600,-776.855469
2026-08-04T19:00:29.591Z,2026-08-04T19:00:32.015Z,Muse-2E72,TP10,601,-994.628906
2026-08-04T19:00:29.591Z,2026-08-04T19:00:32.015Z,Muse-2E72,TP10,602,-285.156250
2026-08-04T19:00:29.591Z,2026-08-04T19:00:32.015Z,Muse-2E72,TP10,603,881.835938
2026-08-04T19:00:29.591Z,2026-08-04T19:00:32.015Z,Muse-2E72,TP10,604,503.417969
2026-08-04T19:00:29.591Z,2026-08-04T19:00:32.015Z,Muse-2E72,TP10,605,-508.300781
2026-08-04T19:00:29.591Z,2026-08-04T19:00:32.015Z,Muse-2E72,TP10,606,-556.640625
2026-08-04T19:00:29.591Z,2026-08-04T19:00:32.015Z,Muse-2E72,TP10,607,542.480469
2026-08-04T19:00:29.591Z,2026-08-04T19:00:32.015Z,Muse-2E72,TP10,608,642.089844
2026-08-04T19:00:29.591Z,2026-08-04T19:00:32.015Z,Muse-2E72,TP10,609,-316.406250
2026-08-04T19:00:29.591Z,2026-08-04T19:00:32.015Z,Muse-2E72,TP10,610,-840.820312
2026-08-04T19:00:29.591Z,2026-08-04T19:00:32.015Z,Muse-2E72,TP10,611,192.871094
2026-08-04T19:00:29.591Z,2026-08-04T19:00:32.015Z,Muse-2E72,TP10,612,856.445312
2026-08-04T19:00:29.591Z,2026-08-04T19:00:32.017Z,Muse-2E72,AF8,601,-292.968750
2026-08-04T19:00:29.591Z,2026-08-04T19:00:32.017Z,Muse-2E72,AF8,602,208.496094
2026-08-04T19:00:29.591Z,2026-08-04T19:00:32.017Z,Muse-2E72,AF8,603,676.269531
2026-08-04T19:00:29.591Z,2026-08-04T19:00:32.017Z,Muse-2E72,AF8,604,187.011719
2026-08-04T19:00:29.591Z,2026-08-04T19:00:32.017Z,Muse-2E72,AF8,605,-452.148438
2026-08-04T19:00:29.591Z,2026-08-04T19:00:32.017Z,Muse-2E72,AF8,606,53.710938
2026-08-04T19:00:29.591Z,2026-08-04T19:00:32.017Z,Muse-2E72,AF8,607,799.804688
2026-08-04T19:00:29.591Z,2026-08-04T19:00:32.017Z,Muse-2E72,AF8,608,497.558594
2026-08-04T19:00:29.591Z,2026-08-04T19:00:32.017Z,Muse-2E72,AF8,609,-276.855469
2026-08-04T19:00:29.591Z,2026-08-04T19:00:32.017Z,Muse-2E72,AF8,610,-221.191406
2026-08-04T19:00:29.591Z,2026-08-04T19:00:32.017Z,Muse-2E72,AF8,611,541.992188
2026-08-04T19:00:29.591Z,2026-08-04T19:00:32.017Z,Muse-2E72,AF8,612,444.335938
2026-08-04T19:00:29.591Z,2026-08-04T19:00:32.017Z,Muse-2E72,TP9,601,-774.414062
2026-08-04T19:00:29.591Z,2026-08-04T19:00:32.017Z,Muse-2E72,TP9,602,-537.597656
2026-08-04T19:00:29.591Z,2026-08-04T19:00:32.017Z,Muse-2E72,TP9,603,460.937500
2026-08-04T19:00:29.591Z,2026-08-04T19:00:32.017Z,Muse-2E72,TP9,604,631.347656
2026-08-04T19:00:29.591Z,2026-08-04T19:00:32.017Z,Muse-2E72,TP9,605,-124.023438
2026-08-04T19:00:29.591Z,2026-08-04T19:00:32.017Z,Muse-2E72,TP9,606,-676.757812
2026-08-04T19:00:29.591Z,2026-08-04T19:00:32.017Z,Muse-2E72,TP9,607,-40.039062
2026-08-04T19:00:29.591Z,2026-08-04T19:00:32.017Z,Muse-2E72,TP9,608,770.019531
2026-08-04T19:00:29.591Z,2026-08-04T19:00:32.017Z,Muse-2E72,TP9,609,233.886719
2026-08-04T19:00:29.591Z,2026-08-04T19:00:32.017Z,Muse-2E72,TP9,610,-825.683594
2026-08-04T19:00:29.591Z,2026-08-04T19:00:32.017Z,Muse-2E72,TP9,611,-96.679688
2026-08-04T19:00:29.591Z,2026-08-04T19:00:32.017Z,Muse-2E72,TP9,612,919.433594
2026-08-04T19:00:29.591Z,2026-08-04T19:00:32.045Z,Muse-2E72,AF7,601,-1000.000000
2026-08-04T19:00:29.591Z,2026-08-04T19:00:32.045Z,Muse-2E72,AF7,602,-151.367188
2026-08-04T19:00:29.591Z,2026-08-04T19:00:32.045Z,Muse-2E72,AF7,603,945.312500
2026-08-04T19:00:29.591Z,2026-08-04T19:00:32.045Z,Muse-2E72,AF7,604,-82.519531
2026-08-04T19:00:29.591Z,2026-08-04T19:00:32.045Z,Muse-2E72,AF7,605,-1000.000000
2026-08-04T19:00:29.591Z,2026-08-04T19:00:32.045Z,Muse-2E72,AF7,606,-456.542969
2026-08-04T19:00:29.591Z,2026-08-04T19:00:32.045Z,Muse-2E72,AF7,607,999.511719
2026-08-04T19:00:29.591Z,2026-08-04T19:00:32.045Z,Muse-2E72,AF7,608,273.925781
2026-08-04T19:00:29.591Z,2026-08-04T19:00:32.045Z,Muse-2E72,AF7,609,-1000.000000
2026-08-04T19:00:29.591Z,2026-08-04T19:00:32.045Z,Muse-2E72,AF7,610,-938.476562
2026-08-04T19:00:29.591Z,2026-08-04T19:00:32.045Z,Muse-2E72,AF7,611,567.382812
2026-08-04T19:00:29.591Z,2026-08-04T19:00:32.045Z,Muse-2E72,AF7,612,418.457031
2026-08-04T19:00:29.591Z,2026-08-04T19:00:32.062Z,Muse-2E72,TP10,613,-281.250000
2026-08-04T19:00:29.591Z,2026-08-04T19:00:32.062Z,Muse-2E72,TP10,614,-951.660156
2026-08-04T19:00:29.591Z,2026-08-04T19:00:32.062Z,Muse-2E72,TP10,615,-138.183594
2026-08-04T19:00:29.591Z,2026-08-04T19:00:32.062Z,Muse-2E72,TP10,616,965.820312
2026-08-04T19:00:29.591Z,2026-08-04T19:00:32.062Z,Muse-2E72,TP10,617,59.082031
2026-08-04T19:00:29.591Z,2026-08-04T19:00:32.062Z,Muse-2E72,TP10,618,-952.148438
2026-08-04T19:00:29.591Z,2026-08-04T19:00:32.062Z,Muse-2E72,TP10,619,-274.414062
2026-08-04T19:00:29.591Z,2026-08-04T19:00:32.062Z,Muse-2E72,TP10,620,921.875000
2026-08-04T19:00:29.591Z,2026-08-04T19:00:32.062Z,Muse-2E72,TP10,621,427.246094
2026-08-04T19:00:29.591Z,2026-08-04T19:00:32.062Z,Muse-2E72,TP10,622,-786.132812
2026-08-04T19:00:29.591Z,2026-08-04T19:00:32.062Z,Muse-2E72,TP10,623,-627.441406
2026-08-04T19:00:29.591Z,2026-08-04T19:00:32.062Z,Muse-2E72,TP10,624,627.441406
2026-08-04T19:00:29.591Z,2026-08-04T19:00:32.062Z,Muse-2E72,AF8,613,-216.308594
2026-08-04T19:00:29.591Z,2026-08-04T19:00:32.062Z,Muse-2E72,AF8,614,-302.734375
2026-08-04T19:00:29.591Z,2026-08-04T19:00:32.062Z,Muse-2E72,AF8,615,475.097656
2026-08-04T19:00:29.591Z,2026-08-04T19:00:32.062Z,Muse-2E72,AF8,616,545.410156
2026-08-04T19:00:29.591Z,2026-08-04T19:00:32.062Z,Muse-2E72,AF8,617,-90.820312
2026-08-04T19:00:29.591Z,2026-08-04T19:00:32.062Z,Muse-2E72,AF8,618,-269.531250
2026-08-04T19:00:29.591Z,2026-08-04T19:00:32.062Z,Muse-2E72,AF8,619,197.753906
2026-08-04T19:00:29.591Z,2026-08-04T19:00:32.062Z,Muse-2E72,AF8,620,598.632812
2026-08-04T19:00:29.591Z,2026-08-04T19:00:32.062Z,Muse-2E72,AF8,621,153.320312
2026-08-04T19:00:29.591Z,2026-08-04T19:00:32.062Z,Muse-2E72,AF8,622,-348.632812
2026-08-04T19:00:29.591Z,2026-08-04T19:00:32.062Z,Muse-2E72,AF8,623,231.445312
2026-08-04T19:00:29.591Z,2026-08-04T19:00:32.062Z,Muse-2E72,AF8,624,807.128906
2026-08-04T19:00:29.591Z,2026-08-04T19:00:32.090Z,Muse-2E72,TP9,613,40.039062
2026-08-04T19:00:29.591Z,2026-08-04T19:00:32.090Z,Muse-2E72,TP9,614,-831.542969
2026-08-04T19:00:29.591Z,2026-08-04T19:00:32.090Z,Muse-2E72,TP9,615,-302.246094
2026-08-04T19:00:29.591Z,2026-08-04T19:00:32.090Z,Muse-2E72,TP9,616,948.242188
2026-08-04T19:00:29.591Z,2026-08-04T19:00:32.090Z,Muse-2E72,TP9,617,384.277344
2026-08-04T19:00:29.591Z,2026-08-04T19:00:32.090Z,Muse-2E72,TP9,618,-745.605469
2026-08-04T19:00:29.591Z,2026-08-04T19:00:32.090Z,Muse-2E72,TP9,619,-250.976562
2026-08-04T19:00:29.591Z,2026-08-04T19:00:32.090Z,Muse-2E72,TP9,620,826.171875
2026-08-04T19:00:29.591Z,2026-08-04T19:00:32.090Z,Muse-2E72,TP9,621,720.214844
2026-08-04T19:00:29.591Z,2026-08-04T19:00:32.090Z,Muse-2E72,TP9,622,-334.960938
2026-08-04T19:00:29.591Z,2026-08-04T19:00:32.090Z,Muse-2E72,TP9,623,-615.234375
2026-08-04T19:00:29.591Z,2026-08-04T19:00:32.090Z,Muse-2E72,TP9,624,529.785156
2026-08-04T19:00:29.591Z,2026-08-04T19:00:32.092Z,Muse-2E72,AF7,613,-1000.000000
2026-08-04T19:00:29.591Z,2026-08-04T19:00:32.092Z,Muse-2E72,AF7,614,-1000.000000
2026-08-04T19:00:29.591Z,2026-08-04T19:00:32.092Z,Muse-2E72,AF7,615,107.421875
2026-08-04T19:00:29.591Z,2026-08-04T19:00:32.092Z,Muse-2E72,AF7,616,732.910156
2026-08-04T19:00:29.591Z,2026-08-04T19:00:32.092Z,Muse-2E72,AF7,617,-690.917969
2026-08-04T19:00:29.591Z,2026-08-04T19:00:32.092Z,Muse-2E72,AF7,618,-1000.000000
2026-08-04T19:00:29.591Z,2026-08-04T19:00:32.092Z,Muse-2E72,AF7,619,-198.242188
2026-08-04T19:00:29.591Z,2026-08-04T19:00:32.092Z,Muse-2E72,AF7,620,963.867188
2026-08-04T19:00:29.591Z,2026-08-04T19:00:32.092Z,Muse-2E72,AF7,621,-77.636719
2026-08-04T19:00:29.591Z,2026-08-04T19:00:32.092Z,Muse-2E72,AF7,622,-1000.000000
2026-08-04T19:00:29.591Z,2026-08-04T19:00:32.092Z,Muse-2E72,AF7,623,-311.035156
2026-08-04T19:00:29.591Z,2026-08-04T19:00:32.092Z,Muse-2E72,AF7,624,999.511719
2026-08-04T19:00:29.591Z,2026-08-04T19:00:32.092Z,Muse-2E72,TP10,625,866.210938
2026-08-04T19:00:29.591Z,2026-08-04T19:00:32.092Z,Muse-2E72,TP10,626,-335.937500
2026-08-04T19:00:29.591Z,2026-08-04T19:00:32.092Z,Muse-2E72,TP10,627,-702.636719
2026-08-04T19:00:29.591Z,2026-08-04T19:00:32.092Z,Muse-2E72,TP10,628,287.109375
2026-08-04T19:00:29.591Z,2026-08-04T19:00:32.092Z,Muse-2E72,TP10,629,933.105469
2026-08-04T19:00:29.591Z,2026-08-04T19:00:32.092Z,Muse-2E72,TP10,630,-62.988281
2026-08-04T19:00:29.591Z,2026-08-04T19:00:32.092Z,Muse-2E72,TP10,631,-710.937500
2026-08-04T19:00:29.591Z,2026-08-04T19:00:32.092Z,Muse-2E72,TP10,632,61.035156
2026-08-04T19:00:29.591Z,2026-08-04T19:00:32.092Z,Muse-2E72,TP10,633,971.191406
2026-08-04T19:00:29.591Z,2026-08-04T19:00:32.092Z,Muse-2E72,TP10,634,346.679688
2026-08-04T19:00:29.591Z,2026-08-04T19:00:32.092Z,Muse-2E72,TP10,635,-789.062500
2026-08-04T19:00:29.591Z,2026-08-04T19:00:32.092Z,Muse-2E72,TP10,636,-353.027344
2026-08-04T19:00:29.591Z,2026-08-04T19:00:32.107Z,Muse-2E72,AF8,625,206.054688
2026-08-04T19:00:29.591Z,2026-08-04T19:00:32.107Z,Muse-2E72,AF8,626,-267.089844
2026-08-04T19:00:29.591Z,2026-08-04T19:00:32.107Z,Muse-2E72,AF8,627,67.871094
2026-08-04T19:00:29.591Z,2026-08-04T19:00:32.107Z,Muse-2E72,AF8,628,579.101562
2026-08-04T19:00:29.591Z,2026-08-04T19:00:32.107Z,Muse-2E72,AF8,629,386.718750
2026-08-04T19:00:29.591Z,2026-08-04T19:00:32.107Z,Muse-2E72,AF8,630,-133.300781
2026-08-04T19:00:29.591Z,2026-08-04T19:00:32.107Z,Muse-2E72,AF8,631,-264.160156
2026-08-04T19:00:29.591Z,2026-08-04T19:00:32.107Z,Muse-2E72,AF8,632,267.578125
2026-08-04T19:00:29.591Z,2026-08-04T19:00:32.107Z,Muse-2E72,AF8,633,440.429688
2026-08-04T19:00:29.591Z,2026-08-04T19:00:32.107Z,Muse-2E72,AF8,634,-15.136719
2026-08-04T19:00:29.591Z,2026-08-04T19:00:32.107Z,Muse-2E72,AF8,635,-108.886719
2026-08-04T19:00:29.591Z,2026-08-04T19:00:32.107Z,Muse-2E72,AF8,636,182.128906
2026-08-04T19:00:29.591Z,2026-08-04T19:00:32.107Z,Muse-2E72,TP9,625,901.367188
2026-08-04T19:00:29.591Z,2026-08-04T19:00:32.107Z,Muse-2E72,TP9,626,-34.667969
2026-08-04T19:00:29.591Z,2026-08-04T19:00:32.107Z,Muse-2E72,TP9,627,-671.386719
2026-08-04T19:00:29.591Z,2026-08-04T19:00:32.107Z,Muse-2E72,TP9,628,-81.542969
2026-08-04T19:00:29.591Z,2026-08-04T19:00:32.107Z,Muse-2E72,TP9,629,937.500000
2026-08-04T19:00:29.591Z,2026-08-04T19:00:32.107Z,Muse-2E72,TP9,630,352.050781
2026-08-04T19:00:29.591Z,2026-08-04T19:00:32.107Z,Muse-2E72,TP9,631,-483.886719
2026-08-04T19:00:29.591Z,2026-08-04T19:00:32.107Z,Muse-2E72,TP9,632,-172.851562
2026-08-04T19:00:29.591Z,2026-08-04T19:00:32.107Z,Muse-2E72,TP9,633,762.207031
2026-08-04T19:00:29.591Z,2026-08-04T19:00:32.107Z,Muse-2E72,TP9,634,562.988281
2026-08-04T19:00:29.591Z,2026-08-04T19:00:32.107Z,Muse-2E72,TP9,635,-433.593750
2026-08-04T19:00:29.591Z,2026-08-04T19:00:32.107Z,Muse-2E72,TP9,636,-539.062500
2026-08-04T19:00:29.591Z,2026-08-04T19:00:32.107Z,Muse-2E72,AF7,625,164.550781
2026-08-04T19:00:29.591Z,2026-08-04T19:00:32.107Z,Muse-2E72,AF7,626,-1000.000000
2026-08-04T19:00:29.591Z,2026-08-04T19:00:32.107Z,Muse-2E72,AF7,627,-820.800781
2026-08-04T19:00:29.591Z,2026-08-04T19:00:32.107Z,Muse-2E72,AF7,628,474.609375
2026-08-04T19:00:29.591Z,2026-08-04T19:00:32.107Z,Muse-2E72,AF7,629,498.046875
2026-08-04T19:00:29.591Z,2026-08-04T19:00:32.107Z,Muse-2E72,AF7,630,-908.691406
2026-08-04T19:00:29.591Z,2026-08-04T19:00:32.107Z,Muse-2E72,AF7,631,-1000.000000
2026-08-04T19:00:29.591Z,2026-08-04T19:00:32.107Z,Muse-2E72,AF7,632,-41.015625
2026-08-04T19:00:29.591Z,2026-08-04T19:00:32.107Z,Muse-2E72,AF7,633,601.074219
2026-08-04T19:00:29.591Z,2026-08-04T19:00:32.107Z,Muse-2E72,AF7,634,-604.003906
2026-08-04T19:00:29.591Z,2026-08-04T19:00:32.107Z,Muse-2E72,AF7,635,-993.164062
2026-08-04T19:00:29.591Z,2026-08-04T19:00:32.107Z,Muse-2E72,AF7,636,-212.890625
2026-08-04T19:00:29.591Z,2026-08-04T19:00:32.150Z,Muse-2E72,TP10,637,861.328125
2026-08-04T19:00:29.591Z,2026-08-04T19:00:32.150Z,Muse-2E72,TP10,638,532.714844
2026-08-04T19:00:29.591Z,2026-08-04T19:00:32.150Z,Muse-2E72,TP10,639,-376.953125
2026-08-04T19:00:29.591Z,2026-08-04T19:00:32.150Z,Muse-2E72,TP10,640,-652.832031
2026-08-04T19:00:29.591Z,2026-08-04T19:00:32.150Z,Muse-2E72,TP10,641,422.363281
2026-08-04T19:00:29.591Z,2026-08-04T19:00:32.150Z,Muse-2E72,TP10,642,532.226562
2026-08-04T19:00:29.591Z,2026-08-04T19:00:32.150Z,Muse-2E72,TP10,643,-498.535156
2026-08-04T19:00:29.591Z,2026-08-04T19:00:32.150Z,Muse-2E72,TP10,644,-810.058594
2026-08-04T19:00:29.591Z,2026-08-04T19:00:32.150Z,Muse-2E72,TP10,645,18.066406
2026-08-04T19:00:29.591Z,2026-08-04T19:00:32.150Z,Muse-2E72,TP10,646,653.808594
2026-08-04T19:00:29.591Z,2026-08-04T19:00:32.150Z,Muse-2E72,TP10,647,-98.144531
2026-08-04T19:00:29.591Z,2026-08-04T19:00:32.150Z,Muse-2E72,TP10,648,-804.199219
2026-08-04T19:00:29.591Z,2026-08-04T19:00:32.152Z,Muse-2E72,AF8,637,534.179688
2026-08-04T19:00:29.591Z,2026-08-04T19:00:32.152Z,Muse-2E72,AF8,638,582.519531
2026-08-04T19:00:29.591Z,2026-08-04T19:00:32.152Z,Muse-2E72,AF8,639,-24.414062
2026-08-04T19:00:29.591Z,2026-08-04T19:00:32.152Z,Muse-2E72,AF8,640,-192.871094
2026-08-04T19:00:29.591Z,2026-08-04T19:00:32.152Z,Muse-2E72,AF8,641,488.281250
2026-08-04T19:00:29.591Z,2026-08-04T19:00:32.152Z,Muse-2E72,AF8,642,768.066406
2026-08-04T19:00:29.591Z,2026-08-04T19:00:32.152Z,Muse-2E72,AF8,643,244.140625
2026-08-04T19:00:29.591Z,2026-08-04T19:00:32.152Z,Muse-2E72,AF8,644,-356.445312
2026-08-04T19:00:29.591Z,2026-08-04T19:00:32.152Z,Muse-2E72,AF8,645,325.195312
2026-08-04T19:00:29.591Z,2026-08-04T19:00:32.152Z,Muse-2E72,AF8,646,821.777344
2026-08-04T19:00:29.591Z,2026-08-04T19:00:32.152Z,Muse-2E72,AF8,647,94.238281
2026-08-04T19:00:29.591Z,2026-08-04T19:00:32.152Z,Muse-2E72,AF8,648,-515.625000
2026-08-04T19:00:29.591Z,2026-08-04T19:00:32.152Z,Muse-2E72,TP9,637,415.039062
2026-08-04T19:00:29.591Z,2026-08-04T19:00:32.152Z,Muse-2E72,TP9,638,605.468750
2026-08-04T19:00:29.591Z,2026-08-04T19:00:32.152Z,Muse-2E72,TP9,639,-7.812500
2026-08-04T19:00:29.591Z,2026-08-04T19:00:32.152Z,Muse-2E72,TP9,640,-683.593750
2026-08-04T19:00:29.591Z,2026-08-04T19:00:32.152Z,Muse-2E72,TP9,641,-20.019531
2026-08-04T19:00:29.591Z,2026-08-04T19:00:32.152Z,Muse-2E72,TP9,642,595.703125
2026-08-04T19:00:29.591Z,2026-08-04T19:00:32.152Z,Muse-2E72,TP9,643,-49.316406
2026-08-04T19:00:29.591Z,2026-08-04T19:00:32.152Z,Muse-2E72,TP9,644,-652.343750
2026-08-04T19:00:29.591Z,2026-08-04T19:00:32.152Z,Muse-2E72,TP9,645,-246.093750
2026-08-04T19:00:29.591Z,2026-08-04T19:00:32.152Z,Muse-2E72,TP9,646,622.558594
2026-08-04T19:00:29.591Z,2026-08-04T19:00:32.152Z,Muse-2E72,TP9,647,266.113281
2026-08-04T19:00:29.591Z,2026-08-04T19:00:32.152Z,Muse-2E72,TP9,648,-601.562500
2026-08-04T19:00:29.591Z,2026-08-04T19:00:32.152Z,Muse-2E72,AF7,637,981.445312
2026-08-04T19:00:29.591Z,2026-08-04T19:00:32.152Z,Muse-2E72,AF7,638,565.429688
2026-08-04T19:00:29.591Z,2026-08-04T19:00:32.152Z,Muse-2E72,AF7,639,-797.851562
2026-08-04T19:00:29.591Z,2026-08-04T19:00:32.152Z,Muse-2E72,AF7,640,-829.589844
2026-08-04T19:00:29.591Z,2026-08-04T19:00:32.152Z,Muse-2E72,AF7,641,702.636719
2026-08-04T19:00:29.591Z,2026-08-04T19:00:32.152Z,Muse-2E72,AF7,642,722.656250
2026-08-04T19:00:29.591Z,2026-08-04T19:00:32.152Z,Muse-2E72,AF7,643,-642.578125
2026-08-04T19:00:29.591Z,2026-08-04T19:00:32.152Z,Muse-2E72,AF7,644,-1000.000000
2026-08-04T19:00:29.591Z,2026-08-04T19:00:32.152Z,Muse-2E72,AF7,645,296.875000
2026-08-04T19:00:29.591Z,2026-08-04T19:00:32.152Z,Muse-2E72,AF7,646,862.304688
2026-08-04T19:00:29.591Z,2026-08-04T19:00:32.152Z,Muse-2E72,AF7,647,-602.050781
2026-08-04T19:00:29.591Z,2026-08-04T19:00:32.152Z,Muse-2E72,AF7,648,-1000.000000
2026-08-04T19:00:29.591Z,2026-08-04T19:00:32.195Z,Muse-2E72,TP10,649,-216.308594
2026-08-04T19:00:29.591Z,2026-08-04T19:00:32.195Z,Muse-2E72,TP10,650,886.718750
2026-08-04T19:00:29.591Z,2026-08-04T19:00:32.195Z,Muse-2E72,TP10,651,295.898438
2026-08-04T19:00:29.591Z,2026-08-04T19:00:32.195Z,Muse-2E72,TP10,652,-914.062500
2026-08-04T19:00:29.591Z,2026-08-04T19:00:32.195Z,Muse-2E72,TP10,653,-444.824219
2026-08-04T19:00:29.591Z,2026-08-04T19:00:32.195Z,Muse-2E72,TP10,654,893.066406
2026-08-04T19:00:29.591Z,2026-08-04T19:00:32.195Z,Muse-2E72,TP10,655,394.042969
2026-08-04T19:00:29.591Z,2026-08-04T19:00:32.195Z,Muse-2E72,TP10,656,-823.730469
2026-08-04T19:00:29.591Z,2026-08-04T19:00:32.195Z,Muse-2E72,TP10,657,-680.664062
2026-08-04T19:00:29.591Z,2026-08-04T19:00:32.195Z,Muse-2E72,TP10,658,429.199219
2026-08-04T19:00:29.591Z,2026-08-04T19:00:32.195Z,Muse-2E72,TP10,659,798.339844
2026-08-04T19:00:29.591Z,2026-08-04T19:00:32.195Z,Muse-2E72,TP10,660,-468.261719
2026-08-04T19:00:29.591Z,2026-08-04T19:00:32.197Z,Muse-2E72,AF8,649,317.382812
2026-08-04T19:00:29.591Z,2026-08-04T19:00:32.197Z,Muse-2E72,AF8,650,627.441406
2026-08-04T19:00:29.591Z,2026-08-04T19:00:32.197Z,Muse-2E72,AF8,651,-218.261719
2026-08-04T19:00:29.591Z,2026-08-04T19:00:32.197Z,Muse-2E72,AF8,652,-553.222656
2026-08-04T19:00:29.591Z,2026-08-04T19:00:32.197Z,Muse-2E72,AF8,653,95.703125
2026-08-04T19:00:29.591Z,2026-08-04T19:00:32.197Z,Muse-2E72,AF8,654,740.722656
2026-08-04T19:00:29.591Z,2026-08-04T19:00:32.197Z,Muse-2E72,AF8,655,177.734375
2026-08-04T19:00:29.591Z,2026-08-04T19:00:32.197Z,Muse-2E72,AF8,656,-543.945312
2026-08-04T19:00:29.591Z,2026-08-04T19:00:32.197Z,Muse-2E72,AF8,657,-91.796875
2026-08-04T19:00:29.591Z,2026-08-04T19:00:32.197Z,Muse-2E72,AF8,658,715.820312
2026-08-04T19:00:29.591Z,2026-08-04T19:00:32.197Z,Muse-2E72,AF8,659,156.738281
2026-08-04T19:00:29.591Z,2026-08-04T19:00:32.197Z,Muse-2E72,AF8,660,-577.636719
2026-08-04T19:00:29.591Z,2026-08-04T19:00:32.197Z,Muse-2E72,TP9,649,-393.066406
2026-08-04T19:00:29.591Z,2026-08-04T19:00:32.197Z,Muse-2E72,TP9,650,768.066406
2026-08-04T19:00:29.591Z,2026-08-04T19:00:32.197Z,Muse-2E72,TP9,651,522.949219
2026-08-04T19:00:29.591Z,2026-08-04T19:00:32.197Z,Muse-2E72,TP9,652,-587.402344
2026-08-04T19:00:29.591Z,2026-08-04T19:00:32.197Z,Muse-2E72,TP9,653,-623.535156
2026-08-04T19:00:29.591Z,2026-08-04T19:00:32.197Z,Muse-2E72,TP9,654,401.367188
2026-08-04T19:00:29.591Z,2026-08-04T19:00:32.197Z,Muse-2E72,TP9,655,735.839844
2026-08-04T19:00:29.591Z,2026-08-04T19:00:32.197Z,Muse-2E72,TP9,656,-197.265625
2026-08-04T19:00:29.591Z,2026-08-04T19:00:32.197Z,Muse-2E72,TP9,657,-859.863281
2026-08-04T19:00:29.591Z,2026-08-04T19:00:32.197Z,Muse-2E72,TP9,658,-6.835938
2026-08-04T19:00:29.591Z,2026-08-04T19:00:32.197Z,Muse-2E72,TP9,659,898.925781
2026-08-04T19:00:29.591Z,2026-08-04T19:00:32.197Z,Muse-2E72,TP9,660,-125.976562
2026-08-04T19:00:29.591Z,2026-08-04T19:00:32.197Z,Muse-2E72,AF7,649,-3.906250
2026-08-04T19:00:29.591Z,2026-08-04T19:00:32.197Z,Muse-2E72,AF7,650,847.167969
2026-08-04T19:00:29.591Z,2026-08-04T19:00:32.197Z,Muse-2E72,AF7,651,-521.484375
2026-08-04T19:00:29.591Z,2026-08-04T19:00:32.197Z,Muse-2E72,AF7,652,-1000.000000
2026-08-04T19:00:29.591Z,2026-08-04T19:00:32.197Z,Muse-2E72,AF7,653,-256.835938
2026-08-04T19:00:29.591Z,2026-08-04T19:00:32.197Z,Muse-2E72,AF7,654,999.511719
2026-08-04T19:00:29.591Z,2026-08-04T19:00:32.197Z,Muse-2E72,AF7,655,158.203125
2026-08-04T19:00:29.591Z,2026-08-04T19:00:32.197Z,Muse-2E72,AF7,656,-1000.000000
2026-08-04T19:00:29.591Z,2026-08-04T19:00:32.197Z,Muse-2E72,AF7,657,-610.839844
2026-08-04T19:00:29.591Z,2026-08-04T19:00:32.197Z,Muse-2E72,AF7,658,943.847656
2026-08-04T19:00:29.591Z,2026-08-04T19:00:32.197Z,Muse-2E72,AF7,659,244.140625
2026-08-04T19:00:29.591Z,2026-08-04T19:00:32.197Z,Muse-2E72,AF7,660,-1000.000000
2026-08-04T19:00:29.591Z,2026-08-04T19:00:32.242Z,Muse-2E72,TP10,661,-906.738281
2026-08-04T19:00:29.591Z,2026-08-04T19:00:32.242Z,Muse-2E72,TP10,662,281.250000
2026-08-04T19:00:29.591Z,2026-08-04T19:00:32.242Z,Muse-2E72,TP10,663,959.960938
2026-08-04T19:00:29.591Z,2026-08-04T19:00:32.242Z,Muse-2E72,TP10,664,-113.769531
2026-08-04T19:00:29.591Z,2026-08-04T19:00:32.242Z,Muse-2E72,TP10,665,-1000.000000
2026-08-04T19:00:29.591Z,2026-08-04T19:00:32.242Z,Muse-2E72,TP10,666,-125.000000
2026-08-04T19:00:29.591Z,2026-08-04T19:00:32.242Z,Muse-2E72,TP10,667,999.511719
2026-08-04T19:00:29.591Z,2026-08-04T19:00:32.242Z,Muse-2E72,TP10,668,230.468750
2026-08-04T19:00:29.591Z,2026-08-04T19:00:32.242Z,Muse-2E72,TP10,669,-1000.000000
2026-08-04T19:00:29.591Z,2026-08-04T19:00:32.242Z,Muse-2E72,TP10,670,-359.863281
2026-08-04T19:00:29.591Z,2026-08-04T19:00:32.242Z,Muse-2E72,TP10,671,992.187500
2026-08-04T19:00:29.591Z,2026-08-04T19:00:32.242Z,Muse-2E72,TP10,672,349.609375
2026-08-04T19:00:29.591Z,2026-08-04T19:00:32.242Z,Muse-2E72,AF8,661,-81.054688
2026-08-04T19:00:29.591Z,2026-08-04T19:00:32.242Z,Muse-2E72,AF8,662,694.824219
2026-08-04T19:00:29.591Z,2026-08-04T19:00:32.242Z,Muse-2E72,AF8,663,446.777344
2026-08-04T19:00:29.591Z,2026-08-04T19:00:32.242Z,Muse-2E72,AF8,664,-297.851562
2026-08-04T19:00:29.591Z,2026-08-04T19:00:32.242Z,Muse-2E72,AF8,665,-431.640625
2026-08-04T19:00:29.591Z,2026-08-04T19:00:32.242Z,Muse-2E72,AF8,666,319.824219
2026-08-04T19:00:29.591Z,2026-08-04T19:00:32.242Z,Muse-2E72,AF8,667,599.609375
2026-08-04T19:00:29.591Z,2026-08-04T19:00:32.242Z,Muse-2E72,AF8,668,-348.144531
2026-08-04T19:00:29.591Z,2026-08-04T19:00:32.242Z,Muse-2E72,AF8,669,-106.445312
2026-08-04T19:00:29.591Z,2026-08-04T19:00:32.242Z,Muse-2E72,AF8,670,649.902344
2026-08-04T19:00:29.591Z,2026-08-04T19:00:32.242Z,Muse-2E72,AF8,671,641.601562
2026-08-04T19:00:29.591Z,2026-08-04T19:00:32.242Z,Muse-2E72,AF8,672,99.609375
2026-08-04T19:00:29.591Z,2026-08-04T19:00:32.243Z,Muse-2E72,TP9,661,-845.703125
2026-08-04T19:00:29.591Z,2026-08-04T19:00:32.243Z,Muse-2E72,TP9,662,5.859375
2026-08-04T19:00:29.591Z,2026-08-04T19:00:32.243Z,Muse-2E72,TP9,663,959.472656
2026-08-04T19:00:29.591Z,2026-08-04T19:00:32.243Z,Muse-2E72,TP9,664,278.808594
2026-08-04T19:00:29.591Z,2026-08-04T19:00:32.243Z,Muse-2E72,TP9,665,-881.347656
2026-08-04T19:00:29.591Z,2026-08-04T19:00:32.243Z,Muse-2E72,TP9,666,-378.906250
2026-08-04T19:00:29.591Z,2026-08-04T19:00:32.243Z,Muse-2E72,TP9,667,918.457031
2026-08-04T19:00:29.591Z,2026-08-04T19:00:32.243Z,Muse-2E72,TP9,668,433.105469
2026-08-04T19:00:29.591Z,2026-08-04T19:00:32.243Z,Muse-2E72,TP9,669,-729.492188
2026-08-04T19:00:29.591Z,2026-08-04T19:00:32.243Z,Muse-2E72,TP9,670,-604.003906
2026-08-04T19:00:29.591Z,2026-08-04T19:00:32.243Z,Muse-2E72,TP9,671,470.703125
2026-08-04T19:00:29.591Z,2026-08-04T19:00:32.243Z,Muse-2E72,TP9,672,767.089844
2026-08-04T19:00:29.591Z,2026-08-04T19:00:32.243Z,Muse-2E72,AF7,661,-696.289062
2026-08-04T19:00:29.591Z,2026-08-04T19:00:32.243Z,Muse-2E72,AF7,662,766.113281
2026-08-04T19:00:29.591Z,2026-08-04T19:00:32.243Z,Muse-2E72,AF7,663,550.292969
2026-08-04T19:00:29.591Z,2026-08-04T19:00:32.243Z,Muse-2E72,AF7,664,-872.558594
2026-08-04T19:00:29.591Z,2026-08-04T19:00:32.243Z,Muse-2E72,AF7,665,-1000.000000
2026-08-04T19:00:29.591Z,2026-08-04T19:00:32.243Z,Muse-2E72,AF7,666,-26.855469
2026-08-04T19:00:29.591Z,2026-08-04T19:00:32.243Z,Muse-2E72,AF7,667,833.007812
2026-08-04T19:00:29.591Z,2026-08-04T19:00:32.243Z,Muse-2E72,AF7,668,-693.847656
2026-08-04T19:00:29.591Z,2026-08-04T19:00:32.243Z,Muse-2E72,AF7,669,-772.460938
2026-08-04T19:00:29.591Z,2026-08-04T19:00:32.243Z,Muse-2E72,AF7,670,290.527344
2026-08-04T19:00:29.591Z,2026-08-04T19:00:32.243Z,Muse-2E72,AF7,671,999.511719
2026-08-04T19:00:29.591Z,2026-08-04T19:00:32.243Z,Muse-2E72,AF7,672,178.710938
2026-08-04T19:00:29.591Z,2026-08-04T19:00:32.285Z,Muse-2E72,TP10,673,-895.019531
2026-08-04T19:00:29.591Z,2026-08-04T19:00:32.285Z,Muse-2E72,TP10,674,-770.996094
2026-08-04T19:00:29.591Z,2026-08-04T19:00:32.285Z,Muse-2E72,TP10,675,363.281250
2026-08-04T19:00:29.591Z,2026-08-04T19:00:32.285Z,Muse-2E72,TP10,676,838.867188
2026-08-04T19:00:29.591Z,2026-08-04T19:00:32.285Z,Muse-2E72,TP10,677,-396.484375
2026-08-04T19:00:29.591Z,2026-08-04T19:00:32.285Z,Muse-2E72,TP10,678,-947.265625
2026-08-04T19:00:29.591Z,2026-08-04T19:00:32.285Z,Muse-2E72,TP10,679,41.992188
2026-08-04T19:00:29.591Z,2026-08-04T19:00:32.285Z,Muse-2E72,TP10,680,927.734375
2026-08-04T19:00:29.591Z,2026-08-04T19:00:32.285Z,Muse-2E72,TP10,681,-116.210938
2026-08-04T19:00:29.591Z,2026-08-04T19:00:32.285Z,Muse-2E72,TP10,682,-981.933594
2026-08-04T19:00:29.591Z,2026-08-04T19:00:32.285Z,Muse-2E72,TP10,683,-206.054688
2026-08-04T19:00:29.591Z,2026-08-04T19:00:32.285Z,Muse-2E72,TP10,684,990.234375
2026-08-04T19:00:29.591Z,2026-08-04T19:00:32.287Z,Muse-2E72,AF8,673,-500.000000
2026-08-04T19:00:29.591Z,2026-08-04T19:00:32.287Z,Muse-2E72,AF8,674,-179.199219
2026-08-04T19:00:29.591Z,2026-08-04T19:00:32.287Z,Muse-2E72,AF8,675,618.164062
2026-08-04T19:00:29.591Z,2026-08-04T19:00:32.287Z,Muse-2E72,AF8,676,230.468750
2026-08-04T19:00:29.591Z,2026-08-04T19:00:32.287Z,Muse-2E72,AF8,677,-508.789062
2026-08-04T19:00:29.591Z,2026-08-04T19:00:32.287Z,Muse-2E72,AF8,678,-335.937500
2026-08-04T19:00:29.591Z,2026-08-04T19:00:32.287Z,Muse-2E72,AF8,679,442.871094
2026-08-04T19:00:29.591Z,2026-08-04T19:00:32.287Z,Muse-2E72,AF8,680,545.410156
2026-08-04T19:00:29.591Z,2026-08-04T19:00:32.287Z,Muse-2E72,AF8,681,15.136719
2026-08-04T19:00:29.591Z,2026-08-04T19:00:32.287Z,Muse-2E72,AF8,682,-424.804688
2026-08-04T19:00:29.591Z,2026-08-04T19:00:32.287Z,Muse-2E72,AF8,683,116.210938
2026-08-04T19:00:29.591Z,2026-08-04T19:00:32.287Z,Muse-2E72,AF8,684,712.890625
2026-08-04T19:00:29.591Z,2026-08-04T19:00:32.287Z,Muse-2E72,TP9,673,-289.062500
2026-08-04T19:00:29.591Z,2026-08-04T19:00:32.287Z,Muse-2E72,TP9,674,-933.105469
2026-08-04T19:00:29.591Z,2026-08-04T19:00:32.287Z,Muse-2E72,TP9,675,-21.972656
2026-08-04T19:00:29.591Z,2026-08-04T19:00:32.287Z,Muse-2E72,TP9,676,911.132812
2026-08-04T19:00:29.591Z,2026-08-04T19:00:32.287Z,Muse-2E72,TP9,677,-86.425781
2026-08-04T19:00:29.591Z,2026-08-04T19:00:32.287Z,Muse-2E72,TP9,678,-864.746094
2026-08-04T19:00:29.591Z,2026-08-04T19:00:32.287Z,Muse-2E72,TP9,679,-138.671875
2026-08-04T19:00:29.591Z,2026-08-04T19:00:32.287Z,Muse-2E72,TP9,680,790.039062
2026-08-04T19:00:29.591Z,2026-08-04T19:00:32.287Z,Muse-2E72,TP9,681,398.437500
2026-08-04T19:00:29.591Z,2026-08-04T19:00:32.287Z,Muse-2E72,TP9,682,-471.679688
2026-08-04T19:00:29.591Z,2026-08-04T19:00:32.287Z,Muse-2E72,TP9,683,-450.195312
2026-08-04T19:00:29.591Z,2026-08-04T19:00:32.287Z,Muse-2E72,TP9,684,803.710938
2026-08-04T19:00:29.591Z,2026-08-04T19:00:32.287Z,Muse-2E72,AF7,673,-1000.000000
2026-08-04T19:00:29.591Z,2026-08-04T19:00:32.287Z,Muse-2E72,AF7,674,-758.300781
2026-08-04T19:00:29.591Z,2026-08-04T19:00:32.287Z,Muse-2E72,AF7,675,798.828125
2026-08-04T19:00:29.591Z,2026-08-04T19:00:32.287Z,Muse-2E72,AF7,676,280.273438
2026-08-04T19:00:29.591Z,2026-08-04T19:00:32.287Z,Muse-2E72,AF7,677,-1000.000000
2026-08-04T19:00:29.591Z,2026-08-04T19:00:32.287Z,Muse-2E72,AF7,678,-1000.000000
2026-08-04T19:00:29.591Z,2026-08-04T19:00:32.287Z,Muse-2E72,AF7,679,246.093750
2026-08-04T19:00:29.591Z,2026-08-04T19:00:32.287Z,Muse-2E72,AF7,680,657.226562
2026-08-04T19:00:29.591Z,2026-08-04T19:00:32.287Z,Muse-2E72,AF7,681,-676.269531
2026-08-04T19:00:29.591Z,2026-08-04T19:00:32.287Z,Muse-2E72,AF7,682,-1000.000000
2026-08-04T19:00:29.591Z,2026-08-04T19:00:32.287Z,Muse-2E72,AF7,683,-139.160156
2026-08-04T19:00:29.591Z,2026-08-04T19:00:32.287Z,Muse-2E72,AF7,684,964.355469
2026-08-04T19:00:29.591Z,2026-08-04T19:00:32.330Z,Muse-2E72,TP10,685,281.250000
2026-08-04T19:00:29.591Z,2026-08-04T19:00:32.330Z,Muse-2E72,TP10,686,-985.351562
2026-08-04T19:00:29.591Z,2026-08-04T19:00:32.330Z,Muse-2E72,TP10,687,-542.480469
2026-08-04T19:00:29.591Z,2026-08-04T19:00:32.330Z,Muse-2E72,TP10,688,757.812500
2026-08-04T19:00:29.591Z,2026-08-04T19:00:32.330Z,Muse-2E72,TP10,689,412.109375
2026-08-04T19:00:29.591Z,2026-08-04T19:00:32.330Z,Muse-2E72,TP10,690,-743.164062
2026-08-04T19:00:29.591Z,2026-08-04T19:00:32.330Z,Muse-2E72,TP10,691,-788.085938
2026-08-04T19:00:29.591Z,2026-08-04T19:00:32.330Z,Muse-2E72,TP10,692,-9.277344
2026-08-04T19:00:29.591Z,2026-08-04T19:00:32.330Z,Muse-2E72,TP10,693,761.230469
2026-08-04T19:00:29.591Z,2026-08-04T19:00:32.330Z,Muse-2E72,TP10,694,-247.558594
2026-08-04T19:00:29.591Z,2026-08-04T19:00:32.330Z,Muse-2E72,TP10,695,-970.703125
2026-08-04T19:00:29.591Z,2026-08-04T19:00:32.330Z,Muse-2E72,TP10,696,43.457031
2026-08-04T19:00:29.591Z,2026-08-04T19:00:32.332Z,Muse-2E72,AF8,685,-84.472656
2026-08-04T19:00:29.591Z,2026-08-04T19:00:32.332Z,Muse-2E72,AF8,686,-608.398438
2026-08-04T19:00:29.591Z,2026-08-04T19:00:32.332Z,Muse-2E72,AF8,687,32.714844
2026-08-04T19:00:29.591Z,2026-08-04T19:00:32.332Z,Muse-2E72,AF8,688,846.679688
2026-08-04T19:00:29.591Z,2026-08-04T19:00:32.332Z,Muse-2E72,AF8,689,162.109375
2026-08-04T19:00:29.591Z,2026-08-04T19:00:32.332Z,Muse-2E72,AF8,690,-623.046875
2026-08-04T19:00:29.591Z,2026-08-04T19:00:32.332Z,Muse-2E72,AF8,691,-238.769531
2026-08-04T19:00:29.591Z,2026-08-04T19:00:32.332Z,Muse-2E72,AF8,692,769.042969
2026-08-04T19:00:29.591Z,2026-08-04T19:00:32.332Z,Muse-2E72,AF8,693,289.062500
2026-08-04T19:00:29.591Z,2026-08-04T19:00:32.332Z,Muse-2E72,AF8,694,-616.210938
2026-08-04T19:00:29.591Z,2026-08-04T19:00:32.332Z,Muse-2E72,AF8,695,-443.359375
2026-08-04T19:00:29.591Z,2026-08-04T19:00:32.332Z,Muse-2E72,AF8,696,342.285156
2026-08-04T19:00:29.591Z,2026-08-04T19:00:32.332Z,Muse-2E72,TP9,685,487.792969
2026-08-04T19:00:29.591Z,2026-08-04T19:00:32.332Z,Muse-2E72,TP9,686,-654.296875
2026-08-04T19:00:29.591Z,2026-08-04T19:00:32.332Z,Muse-2E72,TP9,687,-787.109375
2026-08-04T19:00:29.591Z,2026-08-04T19:00:32.332Z,Muse-2E72,TP9,688,95.214844
2026-08-04T19:00:29.591Z,2026-08-04T19:00:32.332Z,Muse-2E72,TP9,689,799.804688
2026-08-04T19:00:29.591Z,2026-08-04T19:00:32.332Z,Muse-2E72,TP9,690,-100.097656
2026-08-04T19:00:29.591Z,2026-08-04T19:00:32.332Z,Muse-2E72,TP9,691,-889.648438
2026-08-04T19:00:29.591Z,2026-08-04T19:00:32.332Z,Muse-2E72,TP9,692,-346.679688
2026-08-04T19:00:29.591Z,2026-08-04T19:00:32.332Z,Muse-2E72,TP9,693,862.304688
2026-08-04T19:00:29.591Z,2026-08-04T19:00:32.332Z,Muse-2E72,TP9,694,182.617188
2026-08-04T19:00:29.591Z,2026-08-04T19:00:32.332Z,Muse-2E72,TP9,695,-865.722656
2026-08-04T19:00:29.591Z,2026-08-04T19:00:32.332Z,Muse-2E72,TP9,696,-204.589844
2026-08-04T19:00:29.591Z,2026-08-04T19:00:32.332Z,Muse-2E72,AF7,685,-357.421875
2026-08-04T19:00:29.591Z,2026-08-04T19:00:32.332Z,Muse-2E72,AF7,686,-1000.000000
2026-08-04T19:00:29.591Z,2026-08-04T19:00:32.332Z,Muse-2E72,AF7,687,-314.941406
2026-08-04T19:00:29.591Z,2026-08-04T19:00:32.332Z,Muse-2E72,AF7,688,999.511719
2026-08-04T19:00:29.591Z,2026-08-04T19:00:32.332Z,Muse-2E72,AF7,689,151.855469
2026-08-04T19:00:29.591Z,2026-08-04T19:00:32.332Z,Muse-2E72,AF7,690,-1000.000000
2026-08-04T19:00:29.591Z,2026-08-04T19:00:32.332Z,Muse-2E72,AF7,691,-868.652344
2026-08-04T19:00:29.591Z,2026-08-04T19:00:32.332Z,Muse-2E72,AF7,692,656.250000
2026-08-04T19:00:29.591Z,2026-08-04T19:00:32.332Z,Muse-2E72,AF7,693,356.933594
2026-08-04T19:00:29.591Z,2026-08-04T19:00:32.332Z,Muse-2E72,AF7,694,-1000.000000
2026-08-04T19:00:29.591Z,2026-08-04T19:00:32.332Z,Muse-2E72,AF7,695,-1000.000000
2026-08-04T19:00:29.591Z,2026-08-04T19:00:32.332Z,Muse-2E72,AF7,696,154.296875
2026-08-04T19:00:29.591Z,2026-08-04T19:00:32.375Z,Muse-2E72,TP10,697,999.511719
2026-08-04T19:00:29.591Z,2026-08-04T19:00:32.375Z,Muse-2E72,TP10,698,8.300781
2026-08-04T19:00:29.591Z,2026-08-04T19:00:32.375Z,Muse-2E72,TP10,699,-966.308594
2026-08-04T19:00:29.591Z,2026-08-04T19:00:32.375Z,Muse-2E72,TP10,700,-148.437500
2026-08-04T19:00:29.591Z,2026-08-04T19:00:32.375Z,Muse-2E72,TP10,701,999.511719
2026-08-04T19:00:29.591Z,2026-08-04T19:00:32.375Z,Muse-2E72,TP10,702,321.289062
2026-08-04T19:00:29.591Z,2026-08-04T19:00:32.375Z,Muse-2E72,TP10,703,-1000.000000
2026-08-04T19:00:29.591Z,2026-08-04T19:00:32.375Z,Muse-2E72,TP10,704,-375.976562
2026-08-04T19:00:29.591Z,2026-08-04T19:00:32.375Z,Muse-2E72,TP10,705,999.511719
2026-08-04T19:00:29.591Z,2026-08-04T19:00:32.375Z,Muse-2E72,TP10,706,587.402344
2026-08-04T19:00:29.591Z,2026-08-04T19:00:32.375Z,Muse-2E72,TP10,707,-620.605469
2026-08-04T19:00:29.591Z,2026-08-04T19:00:32.375Z,Muse-2E72,TP10,708,-890.625000
2026-08-04T19:00:29.591Z,2026-08-04T19:00:32.377Z,Muse-2E72,AF8,697,502.441406
2026-08-04T19:00:29.591Z,2026-08-04T19:00:32.377Z,Muse-2E72,AF8,698,-373.535156
2026-08-04T19:00:29.591Z,2026-08-04T19:00:32.377Z,Muse-2E72,AF8,699,-519.042969
2026-08-04T19:00:29.591Z,2026-08-04T19:00:32.377Z,Muse-2E72,AF8,700,285.156250
2026-08-04T19:00:29.591Z,2026-08-04T19:00:32.377Z,Muse-2E72,AF8,701,648.925781
2026-08-04T19:00:29.591Z,2026-08-04T19:00:32.377Z,Muse-2E72,AF8,702,-190.429688
2026-08-04T19:00:29.591Z,2026-08-04T19:00:32.377Z,Muse-2E72,AF8,703,-559.570312
2026-08-04T19:00:29.591Z,2026-08-04T19:00:32.377Z,Muse-2E72,AF8,704,151.855469
2026-08-04T19:00:29.591Z,2026-08-04T19:00:32.377Z,Muse-2E72,AF8,705,698.242188
2026-08-04T19:00:29.591Z,2026-08-04T19:00:32.377Z,Muse-2E72,AF8,706,108.886719
2026-08-04T19:00:29.591Z,2026-08-04T19:00:32.377Z,Muse-2E72,AF8,707,-556.640625
2026-08-04T19:00:29.591Z,2026-08-04T19:00:32.377Z,Muse-2E72,AF8,708,-376.464844
2026-08-04T19:00:29.591Z,2026-08-04T19:00:32.377Z,Muse-2E72,TP9,697,969.726562
2026-08-04T19:00:29.591Z,2026-08-04T19:00:32.377Z,Muse-2E72,TP9,698,350.097656
2026-08-04T19:00:29.591Z,2026-08-04T19:00:32.377Z,Muse-2E72,TP9,699,-765.136719
2026-08-04T19:00:29.591Z,2026-08-04T19:00:32.377Z,Muse-2E72,TP9,700,-387.695312
2026-08-04T19:00:29.591Z,2026-08-04T19:00:32.377Z,Muse-2E72,TP9,701,731.445312
2026-08-04T19:00:29.591Z,2026-08-04T19:00:32.377Z,Muse-2E72,TP9,702,619.628906
2026-08-04T19:00:29.591Z,2026-08-04T19:00:32.377Z,Muse-2E72,TP9,703,-608.886719
2026-08-04T19:00:29.591Z,2026-08-04T19:00:32.377Z,Muse-2E72,TP9,704,-590.332031
2026-08-04T19:00:29.591Z,2026-08-04T19:00:32.377Z,Muse-2E72,TP9,705,588.867188
2026-08-04T19:00:29.591Z,2026-08-04T19:00:32.377Z,Muse-2E72,TP9,706,797.851562
2026-08-04T19:00:29.591Z,2026-08-04T19:00:32.377Z,Muse-2E72,TP9,707,-197.753906
2026-08-04T19:00:29.591Z,2026-08-04T19:00:32.377Z,Muse-2E72,TP9,708,-865.722656
2026-08-04T19:00:29.591Z,2026-08-04T19:00:32.377Z,Muse-2E72,AF7,697,696.289062
2026-08-04T19:00:29.591Z,2026-08-04T19:00:32.377Z,Muse-2E72,AF7,698,-831.542969
2026-08-04T19:00:29.591Z,2026-08-04T19:00:32.377Z,Muse-2E72,AF7,699,-1000.000000
2026-08-04T19:00:29.591Z,2026-08-04T19:00:32.377Z,Muse-2E72,AF7,700,23.437500
2026-08-04T19:00:29.591Z,2026-08-04T19:00:32.377Z,Muse-2E72,AF7,701,999.511719
2026-08-04T19:00:29.591Z,2026-08-04T19:00:32.377Z,Muse-2E72,AF7,702,-293.945312
2026-08-04T19:00:29.591Z,2026-08-04T19:00:32.377Z,Muse-2E72,AF7,703,-1000.000000
2026-08-04T19:00:29.591Z,2026-08-04T19:00:32.377Z,Muse-2E72,AF7,704,-52.246094
2026-08-04T19:00:29.591Z,2026-08-04T19:00:32.377Z,Muse-2E72,AF7,705,999.511719
2026-08-04T19:00:29.591Z,2026-08-04T19:00:32.377Z,Muse-2E72,AF7,706,143.554688
2026-08-04T19:00:29.591Z,2026-08-04T19:00:32.377Z,Muse-2E72,AF7,707,-1000.000000
2026-08-04T19:00:29.591Z,2026-08-04T19:00:32.377Z,Muse-2E72,AF7,708,-950.683594
2026-08-04T19:00:29.591Z,2026-08-04T19:00:32.420Z,Muse-2E72,TP10,709,157.714844
2026-08-04T19:00:29.591Z,2026-08-04T19:00:32.420Z,Muse-2E72,TP10,710,821.777344
2026-08-04T19:00:29.591Z,2026-08-04T19:00:32.420Z,Muse-2E72,TP10,711,-144.531250
2026-08-04T19:00:29.591Z,2026-08-04T19:00:32.420Z,Muse-2E72,TP10,712,-753.417969
2026-08-04T19:00:29.591Z,2026-08-04T19:00:32.420Z,Muse-2E72,TP10,713,-78.613281
2026-08-04T19:00:29.591Z,2026-08-04T19:00:32.420Z,Muse-2E72,TP10,714,964.843750
2026-08-04T19:00:29.591Z,2026-08-04T19:00:32.420Z,Muse-2E72,TP10,715,220.703125
2026-08-04T19:00:29.591Z,2026-08-04T19:00:32.420Z,Muse-2E72,TP10,716,-712.890625
2026-08-04T19:00:29.591Z,2026-08-04T19:00:32.420Z,Muse-2E72,TP10,717,-294.921875
2026-08-04T19:00:29.591Z,2026-08-04T19:00:32.420Z,Muse-2E72,TP10,718,963.867188
2026-08-04T19:00:29.591Z,2026-08-04T19:00:32.420Z,Muse-2E72,TP10,719,374.511719
2026-08-04T19:00:29.591Z,2026-08-04T19:00:32.420Z,Muse-2E72,TP10,720,-906.738281
2026-08-04T19:00:29.591Z,2026-08-04T19:00:32.422Z,Muse-2E72,AF8,709,501.464844
2026-08-04T19:00:29.591Z,2026-08-04T19:00:32.422Z,Muse-2E72,AF8,710,312.500000
2026-08-04T19:00:29.591Z,2026-08-04T19:00:32.422Z,Muse-2E72,AF8,711,-347.656250
2026-08-04T19:00:29.591Z,2026-08-04T19:00:32.422Z,Muse-2E72,AF8,712,-361.816406
2026-08-04T19:00:29.591Z,2026-08-04T19:00:32.422Z,Muse-2E72,AF8,713,262.695312
2026-08-04T19:00:29.591Z,2026-08-04T19:00:32.422Z,Muse-2E72,AF8,714,430.664062
2026-08-04T19:00:29.591Z,2026-08-04T19:00:32.422Z,Muse-2E72,AF8,715,241.210938
2026-08-04T19:00:29.591Z,2026-08-04T19:00:32.422Z,Muse-2E72,AF8,716,132.812500
2026-08-04T19:00:29.591Z,2026-08-04T19:00:32.422Z,Muse-2E72,AF8,717,48.339844
2026-08-04T19:00:29.591Z,2026-08-04T19:00:32.422Z,Muse-2E72,AF8,718,656.250000
2026-08-04T19:00:29.591Z,2026-08-04T19:00:32.422Z,Muse-2E72,AF8,719,17.578125
2026-08-04T19:00:29.591Z,2026-08-04T19:00:32.422Z,Muse-2E72,AF8,720,-571.777344
2026-08-04T19:00:29.591Z,2026-08-04T19:00:32.422Z,Muse-2E72,TP9,709,-125.488281
2026-08-04T19:00:29.591Z,2026-08-04T19:00:32.422Z,Muse-2E72,TP9,710,881.835938
2026-08-04T19:00:29.591Z,2026-08-04T19:00:32.422Z,Muse-2E72,TP9,711,326.171875
2026-08-04T19:00:29.591Z,2026-08-04T19:00:32.422Z,Muse-2E72,TP9,712,-585.449219
2026-08-04T19:00:29.591Z,2026-08-04T19:00:32.422Z,Muse-2E72,TP9,713,-324.218750
2026-08-04T19:00:29.591Z,2026-08-04T19:00:32.422Z,Muse-2E72,TP9,714,812.011719
2026-08-04T19:00:29.591Z,2026-08-04T19:00:32.422Z,Muse-2E72,TP9,715,465.820312
2026-08-04T19:00:29.591Z,2026-08-04T19:00:32.422Z,Muse-2E72,TP9,716,-337.890625
2026-08-04T19:00:29.591Z,2026-08-04T19:00:32.422Z,Muse-2E72,TP9,717,-458.496094
2026-08-04T19:00:29.591Z,2026-08-04T19:00:32.422Z,Muse-2E72,TP9,718,595.214844
2026-08-04T19:00:29.591Z,2026-08-04T19:00:32.422Z,Muse-2E72,TP9,719,678.222656
2026-08-04T19:00:29.591Z,2026-08-04T19:00:32.422Z,Muse-2E72,TP9,720,-447.753906
2026-08-04T19:00:29.591Z,2026-08-04T19:00:32.422Z,Muse-2E72,AF7,709,538.574219
2026-08-04T19:00:29.591Z,2026-08-04T19:00:32.422Z,Muse-2E72,AF7,710,456.054688
2026-08-04T19:00:29.591Z,2026-08-04T19:00:32.422Z,Muse-2E72,AF7,711,-896.484375
2026-08-04T19:00:29.591Z,2026-08-04T19:00:32.422Z,Muse-2E72,AF7,712,-1000.000000
2026-08-04T19:00:29.591Z,2026-08-04T19:00:32.422Z,Muse-2E72,AF7,713,22.460938
2026-08-04T19:00:29.591Z,2026-08-04T19:00:32.422Z,Muse-2E72,AF7,714,666.503906
2026-08-04T19:00:29.591Z,2026-08-04T19:00:32.422Z,Muse-2E72,AF7,715,-423.828125
2026-08-04T19:00:29.591Z,2026-08-04T19:00:32.422Z,Muse-2E72,AF7,716,-902.343750
2026-08-04T19:00:29.591Z,2026-08-04T19:00:32.422Z,Muse-2E72,AF7,717,-248.535156
2026-08-04T19:00:29.591Z,2026-08-04T19:00:32.422Z,Muse-2E72,AF7,718,999.511719
2026-08-04T19:00:29.591Z,2026-08-04T19:00:32.422Z,Muse-2E72,AF7,719,24.414062
2026-08-04T19:00:29.591Z,2026-08-04T19:00:32.422Z,Muse-2E72,AF7,720,-1000.000000
2026-08-04T19:00:29.591Z,2026-08-04T19:00:32.480Z,Muse-2E72,TP10,721,-679.199219
2026-08-04T19:00:29.591Z,2026-08-04T19:00:32.480Z,Muse-2E72,TP10,722,470.703125
2026-08-04T19:00:29.591Z,2026-08-04T19:00:32.480Z,Muse-2E72,TP10,723,577.636719
2026-08-04T19:00:29.591Z,2026-08-04T19:00:32.480Z,Muse-2E72,TP10,724,-547.851562
2026-08-04T19:00:29.591Z,2026-08-04T19:00:32.480Z,Muse-2E72,TP10,725,-808.593750
2026-08-04T19:00:29.591Z,2026-08-04T19:00:32.480Z,Muse-2E72,TP10,726,88.378906
2026-08-04T19:00:29.591Z,2026-08-04T19:00:32.480Z,Muse-2E72,TP10,727,643.554688
2026-08-04T19:00:29.591Z,2026-08-04T19:00:32.480Z,Muse-2E72,TP10,728,165.527344
2026-08-04T19:00:29.591Z,2026-08-04T19:00:32.480Z,Muse-2E72,TP10,729,-773.437500
2026-08-04T19:00:29.591Z,2026-08-04T19:00:32.480Z,Muse-2E72,TP10,730,-197.265625
2026-08-04T19:00:29.591Z,2026-08-04T19:00:32.480Z,Muse-2E72,TP10,731,999.511719
2026-08-04T19:00:29.591Z,2026-08-04T19:00:32.480Z,Muse-2E72,TP10,732,233.886719
2026-08-04T19:00:29.591Z,2026-08-04T19:00:32.482Z,Muse-2E72,AF8,721,-181.152344
2026-08-04T19:00:29.591Z,2026-08-04T19:00:32.482Z,Muse-2E72,AF8,722,673.828125
2026-08-04T19:00:29.591Z,2026-08-04T19:00:32.482Z,Muse-2E72,AF8,723,413.085938
2026-08-04T19:00:29.591Z,2026-08-04T19:00:32.482Z,Muse-2E72,AF8,724,-481.445312
2026-08-04T19:00:29.591Z,2026-08-04T19:00:32.482Z,Muse-2E72,AF8,725,-397.949219
2026-08-04T19:00:29.591Z,2026-08-04T19:00:32.482Z,Muse-2E72,AF8,726,590.820312
2026-08-04T19:00:29.591Z,2026-08-04T19:00:32.482Z,Muse-2E72,AF8,727,654.785156
2026-08-04T19:00:29.591Z,2026-08-04T19:00:32.482Z,Muse-2E72,AF8,728,-392.089844
2026-08-04T19:00:29.591Z,2026-08-04T19:00:32.482Z,Muse-2E72,AF8,729,-571.289062
2026-08-04T19:00:29.591Z,2026-08-04T19:00:32.482Z,Muse-2E72,AF8,730,251.953125
2026-08-04T19:00:29.591Z,2026-08-04T19:00:32.482Z,Muse-2E72,AF8,731,544.433594
2026-08-04T19:00:29.591Z,2026-08-04T19:00:32.482Z,Muse-2E72,AF8,732,-293.457031
2026-08-04T19:00:29.591Z,2026-08-04T19:00:32.482Z,Muse-2E72,TP9,721,-867.675781
2026-08-04T19:00:29.591Z,2026-08-04T19:00:32.482Z,Muse-2E72,TP9,722,-58.105469
2026-08-04T19:00:29.591Z,2026-08-04T19:00:32.482Z,Muse-2E72,TP9,723,742.187500
2026-08-04T19:00:29.591Z,2026-08-04T19:00:32.482Z,Muse-2E72,TP9,724,-89.843750
2026-08-04T19:00:29.591Z,2026-08-04T19:00:32.482Z,Muse-2E72,TP9,725,-784.667969
2026-08-04T19:00:29.591Z,2026-08-04T19:00:32.482Z,Muse-2E72,TP9,726,-143.554688
2026-08-04T19:00:29.591Z,2026-08-04T19:00:32.482Z,Muse-2E72,TP9,727,570.800781
2026-08-04T19:00:29.591Z,2026-08-04T19:00:32.482Z,Muse-2E72,TP9,728,447.265625
2026-08-04T19:00:29.591Z,2026-08-04T19:00:32.482Z,Muse-2E72,TP9,729,-588.867188
2026-08-04T19:00:29.591Z,2026-08-04T19:00:32.482Z,Muse-2E72,TP9,730,-446.777344
2026-08-04T19:00:29.591Z,2026-08-04T19:00:32.482Z,Muse-2E72,TP9,731,940.917969
2026-08-04T19:00:29.591Z,2026-08-04T19:00:32.482Z,Muse-2E72,TP9,732,446.777344
2026-08-04T19:00:29.591Z,2026-08-04T19:00:32.482Z,Muse-2E72,AF7,721,-640.136719
2026-08-04T19:00:29.591Z,2026-08-04T19:00:32.482Z,Muse-2E72,AF7,722,920.410156
2026-08-04T19:00:29.591Z,2026-08-04T19:00:32.482Z,Muse-2E72,AF7,723,298.339844
2026-08-04T19:00:29.591Z,2026-08-04T19:00:32.482Z,Muse-2E72,AF7,724,-1000.000000
2026-08-04T19:00:29.591Z,2026-08-04T19:00:32.482Z,Muse-2E72,AF7,725,-1000.000000
2026-08-04T19:00:29.591Z,2026-08-04T19:00:32.482Z,Muse-2E72,AF7,726,390.136719
2026-08-04T19:00:29.591Z,2026-08-04T19:00:32.482Z,Muse-2E72,AF7,727,594.238281
2026-08-04T19:00:29.591Z,2026-08-04T19:00:32.482Z,Muse-2E72,AF7,728,-895.507812
2026-08-04T19:00:29.591Z,2026-08-04T19:00:32.482Z,Muse-2E72,AF7,729,-1000.000000
2026-08-04T19:00:29.591Z,2026-08-04T19:00:32.482Z,Muse-2E72,AF7,730,-47.851562
2026-08-04T19:00:29.591Z,2026-08-04T19:00:32.482Z,Muse-2E72,AF7,731,801.757812
2026-08-04T19:00:29.591Z,2026-08-04T19:00:32.482Z,Muse-2E72,AF7,732,-583.007812
2026-08-04T19:00:29.591Z,2026-08-04T19:00:32.509Z,Muse-2E72,TP10,733,-997.070312
2026-08-04T19:00:29.591Z,2026-08-04T19:00:32.509Z,Muse-2E72,TP10,734,-479.003906
2026-08-04T19:00:29.591Z,2026-08-04T19:00:32.509Z,Muse-2E72,TP10,735,915.039062
2026-08-04T19:00:29.591Z,2026-08-04T19:00:32.509Z,Muse-2E72,TP10,736,450.683594
2026-08-04T19:00:29.591Z,2026-08-04T19:00:32.509Z,Muse-2E72,TP10,737,-894.042969
2026-08-04T19:00:29.591Z,2026-08-04T19:00:32.509Z,Muse-2E72,TP10,738,-444.335938
2026-08-04T19:00:29.591Z,2026-08-04T19:00:32.509Z,Muse-2E72,TP10,739,825.683594
2026-08-04T19:00:29.591Z,2026-08-04T19:00:32.509Z,Muse-2E72,TP10,740,787.109375
2026-08-04T19:00:29.591Z,2026-08-04T19:00:32.509Z,Muse-2E72,TP10,741,-390.625000
2026-08-04T19:00:29.591Z,2026-08-04T19:00:32.509Z,Muse-2E72,TP10,742,-905.273438
2026-08-04T19:00:29.591Z,2026-08-04T19:00:32.509Z,Muse-2E72,TP10,743,193.359375
2026-08-04T19:00:29.591Z,2026-08-04T19:00:32.509Z,Muse-2E72,TP10,744,999.511719
2026-08-04T19:00:29.591Z,2026-08-04T19:00:32.540Z,Muse-2E72,AF8,733,-598.144531
2026-08-04T19:00:29.591Z,2026-08-04T19:00:32.540Z,Muse-2E72,AF8,734,182.617188
2026-08-04T19:00:29.591Z,2026-08-04T19:00:32.540Z,Muse-2E72,AF8,735,764.160156
2026-08-04T19:00:29.591Z,2026-08-04T19:00:32.540Z,Muse-2E72,AF8,736,7.324219
2026-08-04T19:00:29.591Z,2026-08-04T19:00:32.540Z,Muse-2E72,AF8,737,-577.148438
2026-08-04T19:00:29.591Z,2026-08-04T19:00:32.540Z,Muse-2E72,AF8,738,-97.167969
2026-08-04T19:00:29.591Z,2026-08-04T19:00:32.540Z,Muse-2E72,AF8,739,674.316406
2026-08-04T19:00:29.591Z,2026-08-04T19:00:32.540Z,Muse-2E72,AF8,740,291.015625
2026-08-04T19:00:29.591Z,2026-08-04T19:00:32.540Z,Muse-2E72,AF8,741,-633.789062
2026-08-04T19:00:29.591Z,2026-08-04T19:00:32.540Z,Muse-2E72,AF8,742,-8.789062
2026-08-04T19:00:29.591Z,2026-08-04T19:00:32.540Z,Muse-2E72,AF8,743,757.324219
2026-08-04T19:00:29.591Z,2026-08-04T19:00:32.540Z,Muse-2E72,AF8,744,362.304688
2026-08-04T19:00:29.591Z,2026-08-04T19:00:32.542Z,Muse-2E72,TP9,733,-813.964844
2026-08-04T19:00:29.591Z,2026-08-04T19:00:32.542Z,Muse-2E72,TP9,734,-505.371094
2026-08-04T19:00:29.591Z,2026-08-04T19:00:32.542Z,Muse-2E72,TP9,735,781.250000
2026-08-04T19:00:29.591Z,2026-08-04T19:00:32.542Z,Muse-2E72,TP9,736,796.386719
2026-08-04T19:00:29.591Z,2026-08-04T19:00:32.542Z,Muse-2E72,TP9,737,-420.410156
2026-08-04T19:00:29.591Z,2026-08-04T19:00:32.542Z,Muse-2E72,TP9,738,-437.988281
2026-08-04T19:00:29.591Z,2026-08-04T19:00:32.542Z,Muse-2E72,TP9,739,620.117188
2026-08-04T19:00:29.591Z,2026-08-04T19:00:32.542Z,Muse-2E72,TP9,740,829.101562
2026-08-04T19:00:29.591Z,2026-08-04T19:00:32.542Z,Muse-2E72,TP9,741,-29.785156
2026-08-04T19:00:29.591Z,2026-08-04T19:00:32.542Z,Muse-2E72,TP9,742,-790.527344
2026-08-04T19:00:29.591Z,2026-08-04T19:00:32.542Z,Muse-2E72,TP9,743,7.812500
2026-08-04T19:00:29.591Z,2026-08-04T19:00:32.542Z,Muse-2E72,TP9,744,974.609375
2026-08-04T19:00:29.591Z,2026-08-04T19:00:32.542Z,Muse-2E72,AF7,733,-1000.000000
2026-08-04T19:00:29.591Z,2026-08-04T19:00:32.542Z,Muse-2E72,AF7,734,-266.601562
2026-08-04T19:00:29.591Z,2026-08-04T19:00:32.542Z,Muse-2E72,AF7,735,999.511719
2026-08-04T19:00:29.591Z,2026-08-04T19:00:32.542Z,Muse-2E72,AF7,736,145.507812
2026-08-04T19:00:29.591Z,2026-08-04T19:00:32.542Z,Muse-2E72,AF7,737,-1000.000000
2026-08-04T19:00:29.591Z,2026-08-04T19:00:32.542Z,Muse-2E72,AF7,738,-492.675781
2026-08-04T19:00:29.591Z,2026-08-04T19:00:32.542Z,Muse-2E72,AF7,739,910.156250
2026-08-04T19:00:29.591Z,2026-08-04T19:00:32.542Z,Muse-2E72,AF7,740,285.644531
2026-08-04T19:00:29.591Z,2026-08-04T19:00:32.542Z,Muse-2E72,AF7,741,-1000.000000
2026-08-04T19:00:29.591Z,2026-08-04T19:00:32.542Z,Muse-2E72,AF7,742,-514.648438
2026-08-04T19:00:29.591Z,2026-08-04T19:00:32.542Z,Muse-2E72,AF7,743,852.539062
2026-08-04T19:00:29.591Z,2026-08-04T19:00:32.542Z,Muse-2E72,AF7,744,685.058594
2026-08-04T19:00:29.591Z,2026-08-04T19:00:32.570Z,Muse-2E72,TP10,745,282.714844
2026-08-04T19:00:29.591Z,2026-08-04T19:00:32.570Z,Muse-2E72,TP10,746,-639.648438
2026-08-04T19:00:29.591Z,2026-08-04T19:00:32.570Z,Muse-2E72,TP10,747,-198.242188
2026-08-04T19:00:29.591Z,2026-08-04T19:00:32.570Z,Muse-2E72,TP10,748,824.218750
2026-08-04T19:00:29.591Z,2026-08-04T19:00:32.570Z,Muse-2E72,TP10,749,506.347656
2026-08-04T19:00:29.591Z,2026-08-04T19:00:32.570Z,Muse-2E72,TP10,750,-293.457031
2026-08-04T19:00:29.591Z,2026-08-04T19:00:32.570Z,Muse-2E72,TP10,751,-137.695312
2026-08-04T19:00:29.591Z,2026-08-04T19:00:32.570Z,Muse-2E72,TP10,752,672.851562
2026-08-04T19:00:29.591Z,2026-08-04T19:00:32.570Z,Muse-2E72,TP10,753,696.777344
2026-08-04T19:00:29.591Z,2026-08-04T19:00:32.570Z,Muse-2E72,TP10,754,-173.339844
2026-08-04T19:00:29.591Z,2026-08-04T19:00:32.570Z,Muse-2E72,TP10,755,-630.859375
2026-08-04T19:00:29.591Z,2026-08-04T19:00:32.570Z,Muse-2E72,TP10,756,218.750000
2026-08-04T19:00:29.591Z,2026-08-04T19:00:32.572Z,Muse-2E72,AF8,745,-131.347656
2026-08-04T19:00:29.591Z,2026-08-04T19:00:32.572Z,Muse-2E72,AF8,746,-228.027344
2026-08-04T19:00:29.591Z,2026-08-04T19:00:32.572Z,Muse-2E72,AF8,747,59.082031
2026-08-04T19:00:29.591Z,2026-08-04T19:00:32.572Z,Muse-2E72,AF8,748,351.074219
2026-08-04T19:00:29.591Z,2026-08-04T19:00:32.572Z,Muse-2E72,AF8,749,143.554688
2026-08-04T19:00:29.591Z,2026-08-04T19:00:32.572Z,Muse-2E72,AF8,750,39.062500
2026-08-04T19:00:29.591Z,2026-08-04T19:00:32.572Z,Muse-2E72,AF8,751,166.992188
2026-08-04T19:00:29.591Z,2026-08-04T19:00:32.572Z,Muse-2E72,AF8,752,451.660156
2026-08-04T19:00:29.591Z,2026-08-04T19:00:32.572Z,Muse-2E72,AF8,753,395.019531
2026-08-04T19:00:29.591Z,2026-08-04T19:00:32.572Z,Muse-2E72,AF8,754,-123.046875
2026-08-04T19:00:29.591Z,2026-08-04T19:00:32.572Z,Muse-2E72,AF8,755,-302.246094
2026-08-04T19:00:29.591Z,2026-08-04T19:00:32.572Z,Muse-2E72,AF8,756,235.839844
2026-08-04T19:00:29.591Z,2026-08-04T19:00:32.572Z,Muse-2E72,TP9,745,524.902344
2026-08-04T19:00:29.591Z,2026-08-04T19:00:32.572Z,Muse-2E72,TP9,746,-267.578125
2026-08-04T19:00:29.591Z,2026-08-04T19:00:32.572Z,Muse-2E72,TP9,747,-299.316406
2026-08-04T19:00:29.591Z,2026-08-04T19:00:32.572Z,Muse-2E72,TP9,748,482.910156
2026-08-04T19:00:29.591Z,2026-08-04T19:00:32.572Z,Muse-2E72,TP9,749,573.730469
2026-08-04T19:00:29.591Z,2026-08-04T19:00:32.572Z,Muse-2E72,TP9,750,19.042969
2026-08-04T19:00:29.591Z,2026-08-04T19:00:32.572Z,Muse-2E72,TP9,751,-110.351562
2026-08-04T19:00:29.591Z,2026-08-04T19:00:32.572Z,Muse-2E72,TP9,752,416.992188
2026-08-04T19:00:29.591Z,2026-08-04T19:00:32.572Z,Muse-2E72,TP9,753,629.882812
2026-08-04T19:00:29.591Z,2026-08-04T19:00:32.572Z,Muse-2E72,TP9,754,12.695312
2026-08-04T19:00:29.591Z,2026-08-04T19:00:32.572Z,Muse-2E72,TP9,755,-503.906250
2026-08-04T19:00:29.591Z,2026-08-04T19:00:32.572Z,Muse-2E72,TP9,756,-95.214844
2026-08-04T19:00:29.591Z,2026-08-04T19:00:32.586Z,Muse-2E72,AF7,745,-570.312500
2026-08-04T19:00:29.591Z,2026-08-04T19:00:32.586Z,Muse-2E72,AF7,746,-1000.000000
2026-08-04T19:00:29.591Z,2026-08-04T19:00:32.586Z,Muse-2E72,AF7,747,-389.648438
2026-08-04T19:00:29.591Z,2026-08-04T19:00:32.586Z,Muse-2E72,AF7,748,646.972656
2026-08-04T19:00:29.591Z,2026-08-04T19:00:32.586Z,Muse-2E72,AF7,749,-132.812500
2026-08-04T19:00:29.591Z,2026-08-04T19:00:32.586Z,Muse-2E72,AF7,750,-939.453125
2026-08-04T19:00:29.591Z,2026-08-04T19:00:32.586Z,Muse-2E72,AF7,751,-634.765625
2026-08-04T19:00:29.591Z,2026-08-04T19:00:32.586Z,Muse-2E72,AF7,752,604.492188
2026-08-04T19:00:29.591Z,2026-08-04T19:00:32.586Z,Muse-2E72,AF7,753,416.503906
2026-08-04T19:00:29.591Z,2026-08-04T19:00:32.586Z,Muse-2E72,AF7,754,-805.175781
2026-08-04T19:00:29.591Z,2026-08-04T19:00:32.586Z,Muse-2E72,AF7,755,-1000.000000
2026-08-04T19:00:29.591Z,2026-08-04T19:00:32.586Z,Muse-2E72,AF7,756,152.343750
2026-08-04T19:00:29.591Z,2026-08-04T19:00:32.615Z,Muse-2E72,TP10,757,451.660156
2026-08-04T19:00:29.591Z,2026-08-04T19:00:32.615Z,Muse-2E72,TP10,758,-208.984375
2026-08-04T19:00:29.591Z,2026-08-04T19:00:32.615Z,Muse-2E72,TP10,759,-439.453125
2026-08-04T19:00:29.591Z,2026-08-04T19:00:32.615Z,Muse-2E72,TP10,760,-146.972656
2026-08-04T19:00:29.591Z,2026-08-04T19:00:32.615Z,Muse-2E72,TP10,761,842.285156
2026-08-04T19:00:29.591Z,2026-08-04T19:00:32.615Z,Muse-2E72,TP10,762,333.496094
2026-08-04T19:00:29.591Z,2026-08-04T19:00:32.615Z,Muse-2E72,TP10,763,-745.117188
2026-08-04T19:00:29.591Z,2026-08-04T19:00:32.615Z,Muse-2E72,TP10,764,-391.113281
2026-08-04T19:00:29.591Z,2026-08-04T19:00:32.615Z,Muse-2E72,TP10,765,557.128906
2026-08-04T19:00:29.591Z,2026-08-04T19:00:32.615Z,Muse-2E72,TP10,766,519.042969
2026-08-04T19:00:29.591Z,2026-08-04T19:00:32.615Z,Muse-2E72,TP10,767,-366.210938
2026-08-04T19:00:29.591Z,2026-08-04T19:00:32.615Z,Muse-2E72,TP10,768,-625.488281
2026-08-04T19:00:29.591Z,2026-08-04T19:00:32.617Z,Muse-2E72,AF8,757,779.785156
2026-08-04T19:00:29.591Z,2026-08-04T19:00:32.617Z,Muse-2E72,AF8,758,384.277344
2026-08-04T19:00:29.591Z,2026-08-04T19:00:32.617Z,Muse-2E72,AF8,759,-412.597656
2026-08-04T19:00:29.591Z,2026-08-04T19:00:32.617Z,Muse-2E72,AF8,760,159.667969
2026-08-04T19:00:29.591Z,2026-08-04T19:00:32.617Z,Muse-2E72,AF8,761,597.167969
2026-08-04T19:00:29.591Z,2026-08-04T19:00:32.617Z,Muse-2E72,AF8,762,95.703125
2026-08-04T19:00:29.591Z,2026-08-04T19:00:32.617Z,Muse-2E72,AF8,763,-271.484375
2026-08-04T19:00:29.591Z,2026-08-04T19:00:32.617Z,Muse-2E72,AF8,764,65.429688
2026-08-04T19:00:29.591Z,2026-08-04T19:00:32.617Z,Muse-2E72,AF8,765,793.945312
2026-08-04T19:00:29.591Z,2026-08-04T19:00:32.617Z,Muse-2E72,AF8,766,306.152344
2026-08-04T19:00:29.591Z,2026-08-04T19:00:32.617Z,Muse-2E72,AF8,767,-518.066406
2026-08-04T19:00:29.591Z,2026-08-04T19:00:32.617Z,Muse-2E72,AF8,768,-84.472656
2026-08-04T19:00:29.591Z,2026-08-04T19:00:32.617Z,Muse-2E72,TP9,757,346.679688
2026-08-04T19:00:29.591Z,2026-08-04T19:00:32.617Z,Muse-2E72,TP9,758,130.859375
2026-08-04T19:00:29.591Z,2026-08-04T19:00:32.617Z,Muse-2E72,TP9,759,-171.386719
2026-08-04T19:00:29.591Z,2026-08-04T19:00:32.617Z,Muse-2E72,TP9,760,-376.464844
2026-08-04T19:00:29.591Z,2026-08-04T19:00:32.617Z,Muse-2E72,TP9,761,536.132812
2026-08-04T19:00:29.591Z,2026-08-04T19:00:32.617Z,Muse-2E72,TP9,762,501.464844
2026-08-04T19:00:29.591Z,2026-08-04T19:00:32.617Z,Muse-2E72,TP9,763,-392.089844
2026-08-04T19:00:29.591Z,2026-08-04T19:00:32.617Z,Muse-2E72,TP9,764,-498.046875
2026-08-04T19:00:29.591Z,2026-08-04T19:00:32.617Z,Muse-2E72,TP9,765,219.726562
2026-08-04T19:00:29.591Z,2026-08-04T19:00:32.617Z,Muse-2E72,TP9,766,662.109375
2026-08-04T19:00:29.591Z,2026-08-04T19:00:32.617Z,Muse-2E72,TP9,767,-45.898438
2026-08-04T19:00:29.591Z,2026-08-04T19:00:32.617Z,Muse-2E72,TP9,768,-666.992188
2026-08-04T19:00:29.591Z,2026-08-04T19:00:32.617Z,Muse-2E72,AF7,757,954.101562
2026-08-04T19:00:29.591Z,2026-08-04T19:00:32.617Z,Muse-2E72,AF7,758,-176.269531
2026-08-04T19:00:29.591Z,2026-08-04T19:00:32.617Z,Muse-2E72,AF7,759,-1000.000000
2026-08-04T19:00:29.591Z,2026-08-04T19:00:32.617Z,Muse-2E72,AF7,760,-56.640625
2026-08-04T19:00:29.591Z,2026-08-04T19:00:32.617Z,Muse-2E72,AF7,761,738.769531
2026-08-04T19:00:29.591Z,2026-08-04T19:00:32.617Z,Muse-2E72,AF7,762,-595.703125
2026-08-04T19:00:29.591Z,2026-08-04T19:00:32.617Z,Muse-2E72,AF7,763,-1000.000000
2026-08-04T19:00:29.591Z,2026-08-04T19:00:32.617Z,Muse-2E72,AF7,764,-312.500000
2026-08-04T19:00:29.591Z,2026-08-04T19:00:32.617Z,Muse-2E72,AF7,765,999.511719
2026-08-04T19:00:29.591Z,2026-08-04T19:00:32.617Z,Muse-2E72,AF7,766,119.628906
2026-08-04T19:00:29.591Z,2026-08-04T19:00:32.617Z,Muse-2E72,AF7,767,-1000.000000
2026-08-04T19:00:29.591Z,2026-08-04T19:00:32.617Z,Muse-2E72,AF7,768,-700.195312
2026-08-04T19:00:29.591Z,2026-08-04T19:00:32.660Z,Muse-2E72,TP10,769,486.328125
2026-08-04T19:00:29.591Z,2026-08-04T19:00:32.660Z,Muse-2E72,TP10,770,811.035156
2026-08-04T19:00:29.591Z,2026-08-04T19:00:32.660Z,Muse-2E72,TP10,771,-279.785156
2026-08-04T19:00:29.591Z,2026-08-04T19:00:32.660Z,Muse-2E72,TP10,772,-846.679688
2026-08-04T19:00:29.591Z,2026-08-04T19:00:32.660Z,Muse-2E72,TP10,773,38.085938
2026-08-04T19:00:29.591Z,2026-08-04T19:00:32.660Z,Muse-2E72,TP10,774,929.199219
2026-08-04T19:00:29.591Z,2026-08-04T19:00:32.660Z,Muse-2E72,TP10,775,93.261719
2026-08-04T19:00:29.591Z,2026-08-04T19:00:32.660Z,Muse-2E72,TP10,776,-819.824219
2026-08-04T19:00:29.591Z,2026-08-04T19:00:32.660Z,Muse-2E72,TP10,777,-96.191406
2026-08-04T19:00:29.591Z,2026-08-04T19:00:32.660Z,Muse-2E72,TP10,778,999.511719
2026-08-04T19:00:29.591Z,2026-08-04T19:00:32.660Z,Muse-2E72,TP10,779,352.050781
2026-08-04T19:00:29.591Z,2026-08-04T19:00:32.660Z,Muse-2E72,TP10,780,-717.285156
2026-08-04T19:00:29.591Z,2026-08-04T19:00:32.662Z,Muse-2E72,AF8,769,620.605469
2026-08-04T19:00:29.591Z,2026-08-04T19:00:32.662Z,Muse-2E72,AF8,770,261.718750
2026-08-04T19:00:29.591Z,2026-08-04T19:00:32.662Z,Muse-2E72,AF8,771,-413.574219
2026-08-04T19:00:29.591Z,2026-08-04T19:00:32.662Z,Muse-2E72,AF8,772,-310.058594
2026-08-04T19:00:29.591Z,2026-08-04T19:00:32.662Z,Muse-2E72,AF8,773,455.078125
2026-08-04T19:00:29.591Z,2026-08-04T19:00:32.662Z,Muse-2E72,AF8,774,508.789062
2026-08-04T19:00:29.591Z,2026-08-04T19:00:32.662Z,Muse-2E72,AF8,775,-142.089844
2026-08-04T19:00:29.591Z,2026-08-04T19:00:32.662Z,Muse-2E72,AF8,776,-395.019531
2026-08-04T19:00:29.591Z,2026-08-04T19:00:32.662Z,Muse-2E72,AF8,777,273.925781
2026-08-04T19:00:29.591Z,2026-08-04T19:00:32.662Z,Muse-2E72,AF8,778,496.093750
2026-08-04T19:00:29.591Z,2026-08-04T19:00:32.662Z,Muse-2E72,AF8,779,-169.921875
2026-08-04T19:00:29.591Z,2026-08-04T19:00:32.662Z,Muse-2E72,AF8,780,-561.035156
2026-08-04T19:00:29.591Z,2026-08-04T19:00:32.662Z,Muse-2E72,TP9,769,150.390625
2026-08-04T19:00:29.591Z,2026-08-04T19:00:32.662Z,Muse-2E72,TP9,770,841.308594
2026-08-04T19:00:29.591Z,2026-08-04T19:00:32.662Z,Muse-2E72,TP9,771,-15.136719
2026-08-04T19:00:29.591Z,2026-08-04T19:00:32.662Z,Muse-2E72,TP9,772,-766.601562
2026-08-04T19:00:29.591Z,2026-08-04T19:00:32.662Z,Muse-2E72,TP9,773,-73.242188
2026-08-04T19:00:29.591Z,2026-08-04T19:00:32.662Z,Muse-2E72,TP9,774,901.367188
2026-08-04T19:00:29.591Z,2026-08-04T19:00:32.662Z,Muse-2E72,TP9,775,467.773438
2026-08-04T19:00:29.591Z,2026-08-04T19:00:32.662Z,Muse-2E72,TP9,776,-504.394531
2026-08-04T19:00:29.591Z,2026-08-04T19:00:32.662Z,Muse-2E72,TP9,777,-180.175781
2026-08-04T19:00:29.591Z,2026-08-04T19:00:32.662Z,Muse-2E72,TP9,778,967.285156
2026-08-04T19:00:29.591Z,2026-08-04T19:00:32.662Z,Muse-2E72,TP9,779,521.484375
2026-08-04T19:00:29.591Z,2026-08-04T19:00:32.662Z,Muse-2E72,TP9,780,-347.167969
2026-08-04T19:00:29.591Z,2026-08-04T19:00:32.662Z,Muse-2E72,AF7,769,780.273438
2026-08-04T19:00:29.591Z,2026-08-04T19:00:32.662Z,Muse-2E72,AF7,770,303.710938
2026-08-04T19:00:29.591Z,2026-08-04T19:00:32.662Z,Muse-2E72,AF7,771,-1000.000000
2026-08-04T19:00:29.591Z,2026-08-04T19:00:32.662Z,Muse-2E72,AF7,772,-1000.000000
2026-08-04T19:00:29.591Z,2026-08-04T19:00:32.662Z,Muse-2E72,AF7,773,350.585938
2026-08-04T19:00:29.591Z,2026-08-04T19:00:32.662Z,Muse-2E72,AF7,774,672.363281
2026-08-04T19:00:29.591Z,2026-08-04T19:00:32.662Z,Muse-2E72,AF7,775,-799.316406
2026-08-04T19:00:29.591Z,2026-08-04T19:00:32.662Z,Muse-2E72,AF7,776,-1000.000000
2026-08-04T19:00:29.591Z,2026-08-04T19:00:32.662Z,Muse-2E72,AF7,777,136.718750
2026-08-04T19:00:29.591Z,2026-08-04T19:00:32.662Z,Muse-2E72,AF7,778,882.812500
2026-08-04T19:00:29.591Z,2026-08-04T19:00:32.662Z,Muse-2E72,AF7,779,-473.144531
2026-08-04T19:00:29.591Z,2026-08-04T19:00:32.662Z,Muse-2E72,AF7,780,-1000.000000
2026-08-04T19:00:29.591Z,2026-08-04T19:00:32.705Z,Muse-2E72,TP10,781,-364.257812
2026-08-04T19:00:29.591Z,2026-08-04T19:00:32.705Z,Muse-2E72,TP10,782,791.992188
2026-08-04T19:00:29.591Z,2026-08-04T19:00:32.705Z,Muse-2E72,TP10,783,460.449219
2026-08-04T19:00:29.591Z,2026-08-04T19:00:32.705Z,Muse-2E72,TP10,784,-470.703125
2026-08-04T19:00:29.591Z,2026-08-04T19:00:32.705Z,Muse-2E72,TP10,785,-261.718750
2026-08-04T19:00:29.591Z,2026-08-04T19:00:32.705Z,Muse-2E72,TP10,786,477.539062
2026-08-04T19:00:29.591Z,2026-08-04T19:00:32.705Z,Muse-2E72,TP10,787,823.242188
2026-08-04T19:00:29.591Z,2026-08-04T19:00:32.705Z,Muse-2E72,TP10,788,-261.230469
2026-08-04T19:00:29.591Z,2026-08-04T19:00:32.705Z,Muse-2E72,TP10,789,-649.902344
2026-08-04T19:00:29.591Z,2026-08-04T19:00:32.705Z,Muse-2E72,TP10,790,212.890625
2026-08-04T19:00:29.591Z,2026-08-04T19:00:32.705Z,Muse-2E72,TP10,791,953.613281
2026-08-04T19:00:29.591Z,2026-08-04T19:00:32.705Z,Muse-2E72,TP10,792,78.613281
2026-08-04T19:00:29.591Z,2026-08-04T19:00:32.706Z,Muse-2E72,AF8,781,-51.269531
2026-08-04T19:00:29.591Z,2026-08-04T19:00:32.706Z,Muse-2E72,AF8,782,600.097656
2026-08-04T19:00:29.591Z,2026-08-04T19:00:32.706Z,Muse-2E72,AF8,783,160.644531
2026-08-04T19:00:29.591Z,2026-08-04T19:00:32.706Z,Muse-2E72,AF8,784,-235.839844
2026-08-04T19:00:29.591Z,2026-08-04T19:00:32.706Z,Muse-2E72,AF8,785,-75.195312
2026-08-04T19:00:29.591Z,2026-08-04T19:00:32.706Z,Muse-2E72,AF8,786,592.773438
2026-08-04T19:00:29.591Z,2026-08-04T19:00:32.706Z,Muse-2E72,AF8,787,306.640625
2026-08-04T19:00:29.591Z,2026-08-04T19:00:32.706Z,Muse-2E72,AF8,788,175.292969
2026-08-04T19:00:29.591Z,2026-08-04T19:00:32.706Z,Muse-2E72,AF8,789,246.582031
2026-08-04T19:00:29.591Z,2026-08-04T19:00:32.706Z,Muse-2E72,AF8,790,227.539062
2026-08-04T19:00:29.591Z,2026-08-04T19:00:32.706Z,Muse-2E72,AF8,791,434.082031
2026-08-04T19:00:29.591Z,2026-08-04T19:00:32.706Z,Muse-2E72,AF8,792,-265.625000
2026-08-04T19:00:29.591Z,2026-08-04T19:00:32.706Z,Muse-2E72,TP9,781,-470.214844
2026-08-04T19:00:29.591Z,2026-08-04T19:00:32.706Z,Muse-2E72,TP9,782,297.851562
2026-08-04T19:00:29.591Z,2026-08-04T19:00:32.706Z,Muse-2E72,TP9,783,702.148438
2026-08-04T19:00:29.591Z,2026-08-04T19:00:32.706Z,Muse-2E72,TP9,784,52.734375
2026-08-04T19:00:29.591Z,2026-08-04T19:00:32.706Z,Muse-2E72,TP9,785,-379.882812
2026-08-04T19:00:29.591Z,2026-08-04T19:00:32.706Z,Muse-2E72,TP9,786,94.726562
2026-08-04T19:00:29.591Z,2026-08-04T19:00:32.706Z,Muse-2E72,TP9,787,826.660156
2026-08-04T19:00:29.591Z,2026-08-04T19:00:32.706Z,Muse-2E72,TP9,788,10.742188
2026-08-04T19:00:29.591Z,2026-08-04T19:00:32.706Z,Muse-2E72,TP9,789,-495.605469
2026-08-04T19:00:29.591Z,2026-08-04T19:00:32.706Z,Muse-2E72,TP9,790,-11.718750
2026-08-04T19:00:29.591Z,2026-08-04T19:00:32.706Z,Muse-2E72,TP9,791,904.785156
2026-08-04T19:00:29.591Z,2026-08-04T19:00:32.706Z,Muse-2E72,TP9,792,425.292969
2026-08-04T19:00:29.591Z,2026-08-04T19:00:32.708Z,Muse-2E72,AF7,781,-321.777344
2026-08-04T19:00:29.591Z,2026-08-04T19:00:32.708Z,Muse-2E72,AF7,782,999.511719
2026-08-04T19:00:29.591Z,2026-08-04T19:00:32.708Z,Muse-2E72,AF7,783,168.457031
2026-08-04T19:00:29.591Z,2026-08-04T19:00:32.708Z,Muse-2E72,AF7,784,-1000.000000
2026-08-04T19:00:29.591Z,2026-08-04T19:00:32.708Z,Muse-2E72,AF7,785,-852.050781
2026-08-04T19:00:29.591Z,2026-08-04T19:00:32.708Z,Muse-2E72,AF7,786,588.378906
2026-08-04T19:00:29.591Z,2026-08-04T19:00:32.708Z,Muse-2E72,AF7,787,292.480469
2026-08-04T19:00:29.591Z,2026-08-04T19:00:32.708Z,Muse-2E72,AF7,788,-614.746094
2026-08-04T19:00:29.591Z,2026-08-04T19:00:32.708Z,Muse-2E72,AF7,789,-644.531250
2026-08-04T19:00:29.591Z,2026-08-04T19:00:32.708Z,Muse-2E72,AF7,790,152.832031
2026-08-04T19:00:29.591Z,2026-08-04T19:00:32.708Z,Muse-2E72,AF7,791,687.011719
2026-08-04T19:00:29.591Z,2026-08-04T19:00:32.708Z,Muse-2E72,AF7,792,-777.343750
2026-08-04T19:00:29.591Z,2026-08-04T19:00:32.765Z,Muse-2E72,TP10,793,-961.914062
2026-08-04T19:00:29.591Z,2026-08-04T19:00:32.765Z,Muse-2E72,TP10,794,-285.644531
2026-08-04T19:00:29.591Z,2026-08-04T19:00:32.765Z,Muse-2E72,TP10,795,928.222656
2026-08-04T19:00:29.591Z,2026-08-04T19:00:32.765Z,Muse-2E72,TP10,796,314.941406
2026-08-04T19:00:29.591Z,2026-08-04T19:00:32.765Z,Muse-2E72,TP10,797,-786.132812
2026-08-04T19:00:29.591Z,2026-08-04T19:00:32.765Z,Muse-2E72,TP10,798,-328.125000
2026-08-04T19:00:29.591Z,2026-08-04T19:00:32.765Z,Muse-2E72,TP10,799,636.718750
2026-08-04T19:00:29.591Z,2026-08-04T19:00:32.765Z,Muse-2E72,TP10,800,535.644531
2026-08-04T19:00:29.591Z,2026-08-04T19:00:32.765Z,Muse-2E72,TP10,801,-147.949219
2026-08-04T19:00:29.591Z,2026-08-04T19:00:32.765Z,Muse-2E72,TP10,802,-640.625000
2026-08-04T19:00:29.591Z,2026-08-04T19:00:32.765Z,Muse-2E72,TP10,803,-71.289062
2026-08-04T19:00:29.591Z,2026-08-04T19:00:32.765Z,Muse-2E72,TP10,804,508.789062
2026-08-04T19:00:29.591Z,2026-08-04T19:00:32.767Z,Muse-2E72,AF8,793,-496.093750
2026-08-04T19:00:29.591Z,2026-08-04T19:00:32.767Z,Muse-2E72,AF8,794,98.144531
2026-08-04T19:00:29.591Z,2026-08-04T19:00:32.767Z,Muse-2E72,AF8,795,595.703125
2026-08-04T19:00:29.591Z,2026-08-04T19:00:32.767Z,Muse-2E72,AF8,796,170.410156
2026-08-04T19:00:29.591Z,2026-08-04T19:00:32.767Z,Muse-2E72,AF8,797,-399.414062
2026-08-04T19:00:29.591Z,2026-08-04T19:00:32.767Z,Muse-2E72,AF8,798,-166.992188
2026-08-04T19:00:29.591Z,2026-08-04T19:00:32.767Z,Muse-2E72,AF8,799,665.039062
2026-08-04T19:00:29.591Z,2026-08-04T19:00:32.767Z,Muse-2E72,AF8,800,549.316406
2026-08-04T19:00:29.591Z,2026-08-04T19:00:32.767Z,Muse-2E72,AF8,801,-368.652344
2026-08-04T19:00:29.591Z,2026-08-04T19:00:32.767Z,Muse-2E72,AF8,802,-328.613281
2026-08-04T19:00:29.591Z,2026-08-04T19:00:32.767Z,Muse-2E72,AF8,803,471.679688
2026-08-04T19:00:29.591Z,2026-08-04T19:00:32.767Z,Muse-2E72,AF8,804,257.812500
2026-08-04T19:00:29.591Z,2026-08-04T19:00:32.767Z,Muse-2E72,TP9,793,-732.910156
2026-08-04T19:00:29.591Z,2026-08-04T19:00:32.767Z,Muse-2E72,TP9,794,-506.347656
2026-08-04T19:00:29.591Z,2026-08-04T19:00:32.767Z,Muse-2E72,TP9,795,559.570312
2026-08-04T19:00:29.591Z,2026-08-04T19:00:32.767Z,Muse-2E72,TP9,796,611.328125
2026-08-04T19:00:29.591Z,2026-08-04T19:00:32.767Z,Muse-2E72,TP9,797,-308.593750
2026-08-04T19:00:29.591Z,2026-08-04T19:00:32.767Z,Muse-2E72,TP9,798,-385.742188
2026-08-04T19:00:29.591Z,2026-08-04T19:00:32.767Z,Muse-2E72,TP9,799,309.082031
2026-08-04T19:00:29.591Z,2026-08-04T19:00:32.767Z,Muse-2E72,TP9,800,550.292969
2026-08-04T19:00:29.591Z,2026-08-04T19:00:32.767Z,Muse-2E72,TP9,801,232.421875
2026-08-04T19:00:29.591Z,2026-08-04T19:00:32.767Z,Muse-2E72,TP9,802,-510.742188
2026-08-04T19:00:29.591Z,2026-08-04T19:00:32.767Z,Muse-2E72,TP9,803,-340.332031
2026-08-04T19:00:29.591Z,2026-08-04T19:00:32.767Z,Muse-2E72,TP9,804,447.265625
2026-08-04T19:00:29.591Z,2026-08-04T19:00:32.767Z,Muse-2E72,AF7,793,-1000.000000
2026-08-04T19:00:29.591Z,2026-08-04T19:00:32.767Z,Muse-2E72,AF7,794,-146.972656
2026-08-04T19:00:29.591Z,2026-08-04T19:00:32.767Z,Muse-2E72,AF7,795,899.902344
2026-08-04T19:00:29.591Z,2026-08-04T19:00:32.767Z,Muse-2E72,AF7,796,-182.617188
2026-08-04T19:00:29.591Z,2026-08-04T19:00:32.767Z,Muse-2E72,AF7,797,-1000.000000
2026-08-04T19:00:29.591Z,2026-08-04T19:00:32.767Z,Muse-2E72,AF7,798,-594.238281
2026-08-04T19:00:29.591Z,2026-08-04T19:00:32.767Z,Muse-2E72,AF7,799,888.183594
2026-08-04T19:00:29.591Z,2026-08-04T19:00:32.767Z,Muse-2E72,AF7,800,539.062500
2026-08-04T19:00:29.591Z,2026-08-04T19:00:32.767Z,Muse-2E72,AF7,801,-958.496094
2026-08-04T19:00:29.591Z,2026-08-04T19:00:32.767Z,Muse-2E72,AF7,802,-1000.000000
2026-08-04T19:00:29.591Z,2026-08-04T19:00:32.767Z,Muse-2E72,AF7,803,459.472656
2026-08-04T19:00:29.591Z,2026-08-04T19:00:32.767Z,Muse-2E72,AF7,804,439.941406
2026-08-04T19:00:29.591Z,2026-08-04T19:00:32.794Z,Muse-2E72,TP10,805,-68.847656
2026-08-04T19:00:29.591Z,2026-08-04T19:00:32.794Z,Muse-2E72,TP10,806,-824.218750
2026-08-04T19:00:29.591Z,2026-08-04T19:00:32.794Z,Muse-2E72,TP10,807,-164.062500
2026-08-04T19:00:29.591Z,2026-08-04T19:00:32.794Z,Muse-2E72,TP10,808,890.136719
2026-08-04T19:00:29.591Z,2026-08-04T19:00:32.794Z,Muse-2E72,TP10,809,372.070312
2026-08-04T19:00:29.591Z,2026-08-04T19:00:32.794Z,Muse-2E72,TP10,810,-715.820312
2026-08-04T19:00:29.591Z,2026-08-04T19:00:32.794Z,Muse-2E72,TP10,811,-350.585938
2026-08-04T19:00:29.591Z,2026-08-04T19:00:32.794Z,Muse-2E72,TP10,812,872.558594
2026-08-04T19:00:29.591Z,2026-08-04T19:00:32.794Z,Muse-2E72,TP10,813,592.285156
2026-08-04T19:00:29.591Z,2026-08-04T19:00:32.794Z,Muse-2E72,TP10,814,-483.886719
2026-08-04T19:00:29.591Z,2026-08-04T19:00:32.794Z,Muse-2E72,TP10,815,-617.187500
2026-08-04T19:00:29.591Z,2026-08-04T19:00:32.794Z,Muse-2E72,TP10,816,567.382812
2026-08-04T19:00:29.591Z,2026-08-04T19:00:32.797Z,Muse-2E72,AF8,805,-354.003906
2026-08-04T19:00:29.591Z,2026-08-04T19:00:32.797Z,Muse-2E72,AF8,806,-370.117188
2026-08-04T19:00:29.591Z,2026-08-04T19:00:32.797Z,Muse-2E72,AF8,807,303.710938
2026-08-04T19:00:29.591Z,2026-08-04T19:00:32.797Z,Muse-2E72,AF8,808,531.738281
2026-08-04T19:00:29.591Z,2026-08-04T19:00:32.797Z,Muse-2E72,AF8,809,-127.929688
2026-08-04T19:00:29.591Z,2026-08-04T19:00:32.797Z,Muse-2E72,AF8,810,-299.316406
2026-08-04T19:00:29.591Z,2026-08-04T19:00:32.797Z,Muse-2E72,AF8,811,117.187500
2026-08-04T19:00:29.591Z,2026-08-04T19:00:32.797Z,Muse-2E72,AF8,812,390.625000
2026-08-04T19:00:29.591Z,2026-08-04T19:00:32.797Z,Muse-2E72,AF8,813,166.015625
2026-08-04T19:00:29.591Z,2026-08-04T19:00:32.797Z,Muse-2E72,AF8,814,-379.882812
2026-08-04T19:00:29.591Z,2026-08-04T19:00:32.797Z,Muse-2E72,AF8,815,149.414062
2026-08-04T19:00:29.591Z,2026-08-04T19:00:32.797Z,Muse-2E72,AF8,816,771.484375
2026-08-04T19:00:29.591Z,2026-08-04T19:00:32.797Z,Muse-2E72,TP9,805,241.210938
2026-08-04T19:00:29.591Z,2026-08-04T19:00:32.797Z,Muse-2E72,TP9,806,-654.296875
2026-08-04T19:00:29.591Z,2026-08-04T19:00:32.797Z,Muse-2E72,TP9,807,-250.976562
2026-08-04T19:00:29.591Z,2026-08-04T19:00:32.797Z,Muse-2E72,TP9,808,866.699219
2026-08-04T19:00:29.591Z,2026-08-04T19:00:32.797Z,Muse-2E72,TP9,809,604.492188
2026-08-04T19:00:29.591Z,2026-08-04T19:00:32.797Z,Muse-2E72,TP9,810,-440.917969
2026-08-04T19:00:29.591Z,2026-08-04T19:00:32.797Z,Muse-2E72,TP9,811,-299.804688
2026-08-04T19:00:29.591Z,2026-08-04T19:00:32.797Z,Muse-2E72,TP9,812,791.503906
2026-08-04T19:00:29.591Z,2026-08-04T19:00:32.797Z,Muse-2E72,TP9,813,710.449219
2026-08-04T19:00:29.591Z,2026-08-04T19:00:32.797Z,Muse-2E72,TP9,814,-220.214844
2026-08-04T19:00:29.591Z,2026-08-04T19:00:32.797Z,Muse-2E72,TP9,815,-538.085938
2026-08-04T19:00:29.591Z,2026-08-04T19:00:32.797Z,Muse-2E72,TP9,816,535.156250
2026-08-04T19:00:29.591Z,2026-08-04T19:00:32.797Z,Muse-2E72,AF7,805,-953.613281
2026-08-04T19:00:29.591Z,2026-08-04T19:00:32.797Z,Muse-2E72,AF7,806,-1000.000000
2026-08-04T19:00:29.591Z,2026-08-04T19:00:32.797Z,Muse-2E72,AF7,807,-12.695312
2026-08-04T19:00:29.591Z,2026-08-04T19:00:32.797Z,Muse-2E72,AF7,808,751.953125
2026-08-04T19:00:29.591Z,2026-08-04T19:00:32.797Z,Muse-2E72,AF7,809,-531.250000
2026-08-04T19:00:29.591Z,2026-08-04T19:00:32.797Z,Muse-2E72,AF7,810,-1000.000000
2026-08-04T19:00:29.591Z,2026-08-04T19:00:32.797Z,Muse-2E72,AF7,811,-342.285156
2026-08-04T19:00:29.591Z,2026-08-04T19:00:32.797Z,Muse-2E72,AF7,812,752.929688
2026-08-04T19:00:29.591Z,2026-08-04T19:00:32.797Z,Muse-2E72,AF7,813,5.371094
2026-08-04T19:00:29.591Z,2026-08-04T19:00:32.797Z,Muse-2E72,AF7,814,-1000.000000
2026-08-04T19:00:29.591Z,2026-08-04T19:00:32.797Z,Muse-2E72,AF7,815,-339.355469
2026-08-04T19:00:29.591Z,2026-08-04T19:00:32.797Z,Muse-2E72,AF7,816,999.511719
2026-08-04T19:00:29.591Z,2026-08-04T19:00:32.842Z,Muse-2E72,TP10,817,850.097656
2026-08-04T19:00:29.591Z,2026-08-04T19:00:32.842Z,Muse-2E72,TP10,818,-287.109375
2026-08-04T19:00:29.591Z,2026-08-04T19:00:32.842Z,Muse-2E72,TP10,819,-657.714844
2026-08-04T19:00:29.591Z,2026-08-04T19:00:32.842Z,Muse-2E72,TP10,820,257.812500
2026-08-04T19:00:29.591Z,2026-08-04T19:00:32.842Z,Muse-2E72,TP10,821,974.609375
2026-08-04T19:00:29.591Z,2026-08-04T19:00:32.842Z,Muse-2E72,TP10,822,-156.738281
2026-08-04T19:00:29.591Z,2026-08-04T19:00:32.842Z,Muse-2E72,TP10,823,-446.289062
2026-08-04T19:00:29.591Z,2026-08-04T19:00:32.842Z,Muse-2E72,TP10,824,655.761719
2026-08-04T19:00:29.591Z,2026-08-04T19:00:32.842Z,Muse-2E72,TP10,825,979.980469
2026-08-04T19:00:29.591Z,2026-08-04T19:00:32.842Z,Muse-2E72,TP10,826,381.835938
2026-08-04T19:00:29.591Z,2026-08-04T19:00:32.842Z,Muse-2E72,TP10,827,-670.898438
2026-08-04T19:00:29.591Z,2026-08-04T19:00:32.842Z,Muse-2E72,TP10,828,-327.636719
2026-08-04T19:00:29.591Z,2026-08-04T19:00:32.842Z,Muse-2E72,AF8,817,168.945312
2026-08-04T19:00:29.591Z,2026-08-04T19:00:32.842Z,Muse-2E72,AF8,818,-277.343750
2026-08-04T19:00:29.591Z,2026-08-04T19:00:32.842Z,Muse-2E72,AF8,819,-8.789062
2026-08-04T19:00:29.591Z,2026-08-04T19:00:32.842Z,Muse-2E72,AF8,820,516.601562
2026-08-04T19:00:29.591Z,2026-08-04T19:00:32.842Z,Muse-2E72,AF8,821,333.984375
2026-08-04T19:00:29.591Z,2026-08-04T19:00:32.842Z,Muse-2E72,AF8,822,-159.179688
2026-08-04T19:00:29.591Z,2026-08-04T19:00:32.842Z,Muse-2E72,AF8,823,134.277344
2026-08-04T19:00:29.591Z,2026-08-04T19:00:32.842Z,Muse-2E72,AF8,824,443.359375
2026-08-04T19:00:29.591Z,2026-08-04T19:00:32.842Z,Muse-2E72,AF8,825,429.199219
2026-08-04T19:00:29.591Z,2026-08-04T19:00:32.842Z,Muse-2E72,AF8,826,-100.585938
2026-08-04T19:00:29.591Z,2026-08-04T19:00:32.842Z,Muse-2E72,AF8,827,-498.535156
2026-08-04T19:00:29.591Z,2026-08-04T19:00:32.842Z,Muse-2E72,AF8,828,66.406250
2026-08-04T19:00:29.591Z,2026-08-04T19:00:32.855Z,Muse-2E72,TP9,817,864.746094
2026-08-04T19:00:29.591Z,2026-08-04T19:00:32.855Z,Muse-2E72,TP9,818,-36.132812
2026-08-04T19:00:29.591Z,2026-08-04T19:00:32.855Z,Muse-2E72,TP9,819,-520.019531
2026-08-04T19:00:29.591Z,2026-08-04T19:00:32.855Z,Muse-2E72,TP9,820,38.085938
2026-08-04T19:00:29.591Z,2026-08-04T19:00:32.855Z,Muse-2E72,TP9,821,960.937500
2026-08-04T19:00:29.591Z,2026-08-04T19:00:32.855Z,Muse-2E72,TP9,822,208.007812
2026-08-04T19:00:29.591Z,2026-08-04T19:00:32.855Z,Muse-2E72,TP9,823,-238.281250
2026-08-04T19:00:29.591Z,2026-08-04T19:00:32.855Z,Muse-2E72,TP9,824,550.781250
2026-08-04T19:00:29.591Z,2026-08-04T19:00:32.855Z,Muse-2E72,TP9,825,897.460938
2026-08-04T19:00:29.591Z,2026-08-04T19:00:32.855Z,Muse-2E72,TP9,826,567.871094
2026-08-04T19:00:29.591Z,2026-08-04T19:00:32.855Z,Muse-2E72,TP9,827,-305.175781
2026-08-04T19:00:29.591Z,2026-08-04T19:00:32.855Z,Muse-2E72,TP9,828,-480.957031
2026-08-04T19:00:29.591Z,2026-08-04T19:00:32.856Z,Muse-2E72,AF7,817,190.917969
2026-08-04T19:00:29.591Z,2026-08-04T19:00:32.856Z,Muse-2E72,AF7,818,-1000.000000
2026-08-04T19:00:29.591Z,2026-08-04T19:00:32.856Z,Muse-2E72,AF7,819,-809.570312
2026-08-04T19:00:29.591Z,2026-08-04T19:00:32.856Z,Muse-2E72,AF7,820,465.332031
2026-08-04T19:00:29.591Z,2026-08-04T19:00:32.856Z,Muse-2E72,AF7,821,460.937500
2026-08-04T19:00:29.591Z,2026-08-04T19:00:32.856Z,Muse-2E72,AF7,822,-877.441406
2026-08-04T19:00:29.591Z,2026-08-04T19:00:32.856Z,Muse-2E72,AF7,823,-767.578125
2026-08-04T19:00:29.591Z,2026-08-04T19:00:32.856Z,Muse-2E72,AF7,824,145.507812
2026-08-04T19:00:29.591Z,2026-08-04T19:00:32.856Z,Muse-2E72,AF7,825,748.535156
2026-08-04T19:00:29.591Z,2026-08-04T19:00:32.856Z,Muse-2E72,AF7,826,-500.000000
2026-08-04T19:00:29.591Z,2026-08-04T19:00:32.856Z,Muse-2E72,AF7,827,-1000.000000
2026-08-04T19:00:29.591Z,2026-08-04T19:00:32.856Z,Muse-2E72,AF7,828,-275.878906
2026-08-04T19:00:29.591Z,2026-08-04T19:00:32.884Z,Muse-2E72,TP10,829,795.898438
2026-08-04T19:00:29.591Z,2026-08-04T19:00:32.884Z,Muse-2E72,TP10,830,560.058594
2026-08-04T19:00:29.591Z,2026-08-04T19:00:32.884Z,Muse-2E72,TP10,831,-465.332031
2026-08-04T19:00:29.591Z,2026-08-04T19:00:32.884Z,Muse-2E72,TP10,832,-619.628906
2026-08-04T19:00:29.591Z,2026-08-04T19:00:32.884Z,Muse-2E72,TP10,833,446.289062
2026-08-04T19:00:29.591Z,2026-08-04T19:00:32.884Z,Muse-2E72,TP10,834,541.503906
2026-08-04T19:00:29.591Z,2026-08-04T19:00:32.884Z,Muse-2E72,TP10,835,-167.480469
2026-08-04T19:00:29.591Z,2026-08-04T19:00:32.884Z,Muse-2E72,TP10,836,-666.503906
2026-08-04T19:00:29.591Z,2026-08-04T19:00:32.884Z,Muse-2E72,TP10,837,19.531250
2026-08-04T19:00:29.591Z,2026-08-04T19:00:32.884Z,Muse-2E72,TP10,838,893.554688
2026-08-04T19:00:29.591Z,2026-08-04T19:00:32.884Z,Muse-2E72,TP10,839,-11.718750
2026-08-04T19:00:29.591Z,2026-08-04T19:00:32.884Z,Muse-2E72,TP10,840,-865.234375
2026-08-04T19:00:29.591Z,2026-08-04T19:00:32.902Z,Muse-2E72,AF8,829,559.570312
2026-08-04T19:00:29.591Z,2026-08-04T19:00:32.902Z,Muse-2E72,AF8,830,438.476562
2026-08-04T19:00:29.591Z,2026-08-04T19:00:32.902Z,Muse-2E72,AF8,831,-72.265625
2026-08-04T19:00:29.591Z,2026-08-04T19:00:32.902Z,Muse-2E72,AF8,832,-176.269531
2026-08-04T19:00:29.591Z,2026-08-04T19:00:32.902Z,Muse-2E72,AF8,833,498.535156
2026-08-04T19:00:29.591Z,2026-08-04T19:00:32.902Z,Muse-2E72,AF8,834,746.582031
2026-08-04T19:00:29.591Z,2026-08-04T19:00:32.902Z,Muse-2E72,AF8,835,63.964844
2026-08-04T19:00:29.591Z,2026-08-04T19:00:32.902Z,Muse-2E72,AF8,836,-412.109375
2026-08-04T19:00:29.591Z,2026-08-04T19:00:32.902Z,Muse-2E72,AF8,837,407.714844
2026-08-04T19:00:29.591Z,2026-08-04T19:00:32.902Z,Muse-2E72,AF8,838,586.425781
2026-08-04T19:00:29.591Z,2026-08-04T19:00:32.902Z,Muse-2E72,AF8,839,-152.832031
2026-08-04T19:00:29.591Z,2026-08-04T19:00:32.902Z,Muse-2E72,AF8,840,-486.816406
2026-08-04T19:00:29.591Z,2026-08-04T19:00:32.902Z,Muse-2E72,TP9,829,369.140625
2026-08-04T19:00:29.591Z,2026-08-04T19:00:32.902Z,Muse-2E72,TP9,830,748.535156
2026-08-04T19:00:29.591Z,2026-08-04T19:00:32.902Z,Muse-2E72,TP9,831,-15.625000
2026-08-04T19:00:29.591Z,2026-08-04T19:00:32.902Z,Muse-2E72,TP9,832,-672.851562
2026-08-04T19:00:29.591Z,2026-08-04T19:00:32.902Z,Muse-2E72,TP9,833,126.953125
2026-08-04T19:00:29.591Z,2026-08-04T19:00:32.902Z,Muse-2E72,TP9,834,535.644531
2026-08-04T19:00:29.591Z,2026-08-04T19:00:32.902Z,Muse-2E72,TP9,835,126.464844
2026-08-04T19:00:29.591Z,2026-08-04T19:00:32.902Z,Muse-2E72,TP9,836,-497.070312
2026-08-04T19:00:29.591Z,2026-08-04T19:00:32.902Z,Muse-2E72,TP9,837,-201.660156
2026-08-04T19:00:29.591Z,2026-08-04T19:00:32.902Z,Muse-2E72,TP9,838,899.414062
2026-08-04T19:00:29.591Z,2026-08-04T19:00:32.902Z,Muse-2E72,TP9,839,353.027344
2026-08-04T19:00:29.591Z,2026-08-04T19:00:32.902Z,Muse-2E72,TP9,840,-692.382812
2026-08-04T19:00:29.591Z,2026-08-04T19:00:32.903Z,Muse-2E72,AF7,829,999.511719
2026-08-04T19:00:29.591Z,2026-08-04T19:00:32.903Z,Muse-2E72,AF7,830,306.152344
2026-08-04T19:00:29.591Z,2026-08-04T19:00:32.903Z,Muse-2E72,AF7,831,-1000.000000
2026-08-04T19:00:29.591Z,2026-08-04T19:00:32.903Z,Muse-2E72,AF7,832,-737.304688
2026-08-04T19:00:29.591Z,2026-08-04T19:00:32.903Z,Muse-2E72,AF7,833,744.628906
2026-08-04T19:00:29.591Z,2026-08-04T19:00:32.903Z,Muse-2E72,AF7,834,758.789062
2026-08-04T19:00:29.591Z,2026-08-04T19:00:32.903Z,Muse-2E72,AF7,835,-651.367188
2026-08-04T19:00:29.591Z,2026-08-04T19:00:32.903Z,Muse-2E72,AF7,836,-1000.000000
2026-08-04T19:00:29.591Z,2026-08-04T19:00:32.903Z,Muse-2E72,AF7,837,392.089844
2026-08-04T19:00:29.591Z,2026-08-04T19:00:32.903Z,Muse-2E72,AF7,838,574.218750
2026-08-04T19:00:29.591Z,2026-08-04T19:00:32.903Z,Muse-2E72,AF7,839,-900.390625
2026-08-04T19:00:29.591Z,2026-08-04T19:00:32.903Z,Muse-2E72,AF7,840,-1000.000000
2026-08-04T19:00:29.591Z,2026-08-04T19:00:32.945Z,Muse-2E72,TP10,841,-263.671875
2026-08-04T19:00:29.591Z,2026-08-04T19:00:32.945Z,Muse-2E72,TP10,842,822.753906
2026-08-04T19:00:29.591Z,2026-08-04T19:00:32.945Z,Muse-2E72,TP10,843,325.683594
2026-08-04T19:00:29.591Z,2026-08-04T19:00:32.945Z,Muse-2E72,TP10,844,-840.332031
2026-08-04T19:00:29.591Z,2026-08-04T19:00:32.945Z,Muse-2E72,TP10,845,-533.203125
2026-08-04T19:00:29.591Z,2026-08-04T19:00:32.945Z,Muse-2E72,TP10,846,579.101562
2026-08-04T19:00:29.591Z,2026-08-04T19:00:32.945Z,Muse-2E72,TP10,847,594.238281
2026-08-04T19:00:29.591Z,2026-08-04T19:00:32.945Z,Muse-2E72,TP10,848,-420.898438
2026-08-04T19:00:29.591Z,2026-08-04T19:00:32.945Z,Muse-2E72,TP10,849,-668.457031
2026-08-04T19:00:29.591Z,2026-08-04T19:00:32.945Z,Muse-2E72,TP10,850,281.250000
2026-08-04T19:00:29.591Z,2026-08-04T19:00:32.945Z,Muse-2E72,TP10,851,846.191406
2026-08-04T19:00:29.591Z,2026-08-04T19:00:32.945Z,Muse-2E72,TP10,852,-228.027344
2026-08-04T19:00:29.591Z,2026-08-04T19:00:32.947Z,Muse-2E72,AF8,841,297.363281
2026-08-04T19:00:29.591Z,2026-08-04T19:00:32.947Z,Muse-2E72,AF8,842,649.902344
2026-08-04T19:00:29.591Z,2026-08-04T19:00:32.947Z,Muse-2E72,AF8,843,-145.507812
2026-08-04T19:00:29.591Z,2026-08-04T19:00:32.947Z,Muse-2E72,AF8,844,-485.839844
2026-08-04T19:00:29.591Z,2026-08-04T19:00:32.947Z,Muse-2E72,AF8,845,139.648438
2026-08-04T19:00:29.591Z,2026-08-04T19:00:32.947Z,Muse-2E72,AF8,846,808.105469
2026-08-04T19:00:29.591Z,2026-08-04T19:00:32.947Z,Muse-2E72,AF8,847,322.265625
2026-08-04T19:00:29.591Z,2026-08-04T19:00:32.947Z,Muse-2E72,AF8,848,-303.710938
2026-08-04T19:00:29.591Z,2026-08-04T19:00:32.947Z,Muse-2E72,AF8,849,-62.500000
2026-08-04T19:00:29.591Z,2026-08-04T19:00:32.947Z,Muse-2E72,AF8,850,641.601562
2026-08-04T19:00:29.591Z,2026-08-04T19:00:32.947Z,Muse-2E72,AF8,851,337.890625
2026-08-04T19:00:29.591Z,2026-08-04T19:00:32.947Z,Muse-2E72,AF8,852,-353.515625
2026-08-04T19:00:29.591Z,2026-08-04T19:00:32.947Z,Muse-2E72,TP9,841,-334.472656
2026-08-04T19:00:29.591Z,2026-08-04T19:00:32.947Z,Muse-2E72,TP9,842,771.484375
2026-08-04T19:00:29.591Z,2026-08-04T19:00:32.947Z,Muse-2E72,TP9,843,472.656250
2026-08-04T19:00:29.591Z,2026-08-04T19:00:32.947Z,Muse-2E72,TP9,844,-567.871094
2026-08-04T19:00:29.591Z,2026-08-04T19:00:32.947Z,Muse-2E72,TP9,845,-608.886719
2026-08-04T19:00:29.591Z,2026-08-04T19:00:32.947Z,Muse-2E72,TP9,846,253.417969
2026-08-04T19:00:29.591Z,2026-08-04T19:00:32.947Z,Muse-2E72,TP9,847,735.839844
2026-08-04T19:00:29.591Z,2026-08-04T19:00:32.947Z,Muse-2E72,TP9,848,69.824219
2026-08-04T19:00:29.591Z,2026-08-04T19:00:32.947Z,Muse-2E72,TP9,849,-613.769531
2026-08-04T19:00:29.591Z,2026-08-04T19:00:32.947Z,Muse-2E72,TP9,850,25.390625
2026-08-04T19:00:29.591Z,2026-08-04T19:00:32.947Z,Muse-2E72,TP9,851,897.949219
2026-08-04T19:00:29.591Z,2026-08-04T19:00:32.947Z,Muse-2E72,TP9,852,45.410156
2026-08-04T19:00:29.591Z,2026-08-04T19:00:32.947Z,Muse-2E72,AF7,841,-61.523438
2026-08-04T19:00:29.591Z,2026-08-04T19:00:32.947Z,Muse-2E72,AF7,842,848.632812
2026-08-04T19:00:29.591Z,2026-08-04T19:00:32.947Z,Muse-2E72,AF7,843,-464.843750
2026-08-04T19:00:29.591Z,2026-08-04T19:00:32.947Z,Muse-2E72,AF7,844,-1000.000000
2026-08-04T19:00:29.591Z,2026-08-04T19:00:32.947Z,Muse-2E72,AF7,845,-294.921875
2026-08-04T19:00:29.591Z,2026-08-04T19:00:32.947Z,Muse-2E72,AF7,846,999.511719
2026-08-04T19:00:29.591Z,2026-08-04T19:00:32.947Z,Muse-2E72,AF7,847,202.148438
2026-08-04T19:00:29.591Z,2026-08-04T19:00:32.947Z,Muse-2E72,AF7,848,-1000.000000
2026-08-04T19:00:29.591Z,2026-08-04T19:00:32.947Z,Muse-2E72,AF7,849,-773.437500
2026-08-04T19:00:29.591Z,2026-08-04T19:00:32.947Z,Muse-2E72,AF7,850,726.074219
2026-08-04T19:00:29.591Z,2026-08-04T19:00:32.947Z,Muse-2E72,AF7,851,378.417969
2026-08-04T19:00:29.591Z,2026-08-04T19:00:32.947Z,Muse-2E72,AF7,852,-1000.000000
2026-08-04T19:00:29.591Z,2026-08-04T19:00:33.005Z,Muse-2E72,TP10,853,-1000.000000
2026-08-04T19:00:29.591Z,2026-08-04T19:00:33.005Z,Muse-2E72,TP10,854,12.207031
2026-08-04T19:00:29.591Z,2026-08-04T19:00:33.005Z,Muse-2E72,TP10,855,999.511719
2026-08-04T19:00:29.591Z,2026-08-04T19:00:33.005Z,Muse-2E72,TP10,856,-112.792969
2026-08-04T19:00:29.591Z,2026-08-04T19:00:33.005Z,Muse-2E72,TP10,857,-641.113281
2026-08-04T19:00:29.591Z,2026-08-04T19:00:33.005Z,Muse-2E72,TP10,858,512.207031
2026-08-04T19:00:29.591Z,2026-08-04T19:00:33.005Z,Muse-2E72,TP10,859,984.375000
2026-08-04T19:00:29.591Z,2026-08-04T19:00:33.005Z,Muse-2E72,TP10,860,333.496094
2026-08-04T19:00:29.591Z,2026-08-04T19:00:33.005Z,Muse-2E72,TP10,861,-820.800781
2026-08-04T19:00:29.591Z,2026-08-04T19:00:33.005Z,Muse-2E72,TP10,862,-227.539062
2026-08-04T19:00:29.591Z,2026-08-04T19:00:33.005Z,Muse-2E72,TP10,863,973.632812
2026-08-04T19:00:29.591Z,2026-08-04T19:00:33.005Z,Muse-2E72,TP10,864,582.031250
2026-08-04T19:00:29.591Z,2026-08-04T19:00:33.007Z,Muse-2E72,AF8,853,-103.515625
2026-08-04T19:00:29.591Z,2026-08-04T19:00:33.007Z,Muse-2E72,AF8,854,619.140625
2026-08-04T19:00:29.591Z,2026-08-04T19:00:33.007Z,Muse-2E72,AF8,855,435.546875
2026-08-04T19:00:29.591Z,2026-08-04T19:00:33.007Z,Muse-2E72,AF8,856,-235.839844
2026-08-04T19:00:29.591Z,2026-08-04T19:00:33.007Z,Muse-2E72,AF8,857,-164.550781
2026-08-04T19:00:29.591Z,2026-08-04T19:00:33.007Z,Muse-2E72,AF8,858,302.246094
2026-08-04T19:00:29.591Z,2026-08-04T19:00:33.007Z,Muse-2E72,AF8,859,621.093750
2026-08-04T19:00:29.591Z,2026-08-04T19:00:33.007Z,Muse-2E72,AF8,860,22.460938
2026-08-04T19:00:29.591Z,2026-08-04T19:00:33.007Z,Muse-2E72,AF8,861,86.914062
2026-08-04T19:00:29.591Z,2026-08-04T19:00:33.007Z,Muse-2E72,AF8,862,602.539062
2026-08-04T19:00:29.591Z,2026-08-04T19:00:33.007Z,Muse-2E72,AF8,863,596.191406
2026-08-04T19:00:29.591Z,2026-08-04T19:00:33.007Z,Muse-2E72,AF8,864,189.453125
2026-08-04T19:00:29.591Z,2026-08-04T19:00:33.007Z,Muse-2E72,TP9,853,-890.136719
2026-08-04T19:00:29.591Z,2026-08-04T19:00:33.007Z,Muse-2E72,TP9,854,-159.179688
2026-08-04T19:00:29.591Z,2026-08-04T19:00:33.007Z,Muse-2E72,TP9,855,999.511719
2026-08-04T19:00:29.591Z,2026-08-04T19:00:33.007Z,Muse-2E72,TP9,856,276.367188
2026-08-04T19:00:29.591Z,2026-08-04T19:00:33.007Z,Muse-2E72,TP9,857,-448.242188
2026-08-04T19:00:29.591Z,2026-08-04T19:00:33.007Z,Muse-2E72,TP9,858,417.968750
2026-08-04T19:00:29.591Z,2026-08-04T19:00:33.007Z,Muse-2E72,TP9,859,868.164062
2026-08-04T19:00:29.591Z,2026-08-04T19:00:33.007Z,Muse-2E72,TP9,860,561.523438
2026-08-04T19:00:29.591Z,2026-08-04T19:00:33.007Z,Muse-2E72,TP9,861,-395.019531
2026-08-04T19:00:29.591Z,2026-08-04T19:00:33.007Z,Muse-2E72,TP9,862,-295.898438
2026-08-04T19:00:29.591Z,2026-08-04T19:00:33.007Z,Muse-2E72,TP9,863,659.179688
2026-08-04T19:00:29.591Z,2026-08-04T19:00:33.007Z,Muse-2E72,TP9,864,811.523438
2026-08-04T19:00:29.591Z,2026-08-04T19:00:33.007Z,Muse-2E72,AF7,853,-892.578125
2026-08-04T19:00:29.591Z,2026-08-04T19:00:33.007Z,Muse-2E72,AF7,854,483.886719
2026-08-04T19:00:29.591Z,2026-08-04T19:00:33.007Z,Muse-2E72,AF7,855,647.460938
2026-08-04T19:00:29.591Z,2026-08-04T19:00:33.007Z,Muse-2E72,AF7,856,-827.636719
2026-08-04T19:00:29.591Z,2026-08-04T19:00:33.007Z,Muse-2E72,AF7,857,-906.738281
2026-08-04T19:00:29.591Z,2026-08-04T19:00:33.007Z,Muse-2E72,AF7,858,113.281250
2026-08-04T19:00:29.591Z,2026-08-04T19:00:33.007Z,Muse-2E72,AF7,859,893.554688
2026-08-04T19:00:29.591Z,2026-08-04T19:00:33.007Z,Muse-2E72,AF7,860,-412.109375
2026-08-04T19:00:29.591Z,2026-08-04T19:00:33.007Z,Muse-2E72,AF7,861,-702.148438
2026-08-04T19:00:29.591Z,2026-08-04T19:00:33.007Z,Muse-2E72,AF7,862,259.277344
2026-08-04T19:00:29.591Z,2026-08-04T19:00:33.007Z,Muse-2E72,AF7,863,988.769531
2026-08-04T19:00:29.591Z,2026-08-04T19:00:33.007Z,Muse-2E72,AF7,864,198.730469
2026-08-04T19:00:29.591Z,2026-08-04T19:00:33.035Z,Muse-2E72,TP10,865,-557.617188
2026-08-04T19:00:29.591Z,2026-08-04T19:00:33.035Z,Muse-2E72,TP10,866,-787.597656
2026-08-04T19:00:29.591Z,2026-08-04T19:00:33.035Z,Muse-2E72,TP10,867,276.367188
2026-08-04T19:00:29.591Z,2026-08-04T19:00:33.035Z,Muse-2E72,TP10,868,855.468750
2026-08-04T19:00:29.591Z,2026-08-04T19:00:33.035Z,Muse-2E72,TP10,869,-184.570312
2026-08-04T19:00:29.591Z,2026-08-04T19:00:33.035Z,Muse-2E72,TP10,870,-833.984375
2026-08-04T19:00:29.591Z,2026-08-04T19:00:33.035Z,Muse-2E72,TP10,871,69.335938
2026-08-04T19:00:29.591Z,2026-08-04T19:00:33.035Z,Muse-2E72,TP10,872,851.562500
2026-08-04T19:00:29.591Z,2026-08-04T19:00:33.035Z,Muse-2E72,TP10,873,13.671875
2026-08-04T19:00:29.591Z,2026-08-04T19:00:33.035Z,Muse-2E72,TP10,874,-799.804688
2026-08-04T19:00:29.591Z,2026-08-04T19:00:33.035Z,Muse-2E72,TP10,875,-168.457031
2026-08-04T19:00:29.591Z,2026-08-04T19:00:33.035Z,Muse-2E72,TP10,876,768.554688
2026-08-04T19:00:29.591Z,2026-08-04T19:00:33.037Z,Muse-2E72,AF8,865,-431.640625
2026-08-04T19:00:29.591Z,2026-08-04T19:00:33.037Z,Muse-2E72,AF8,866,-208.496094
2026-08-04T19:00:29.591Z,2026-08-04T19:00:33.037Z,Muse-2E72,AF8,867,500.488281
2026-08-04T19:00:29.591Z,2026-08-04T19:00:33.037Z,Muse-2E72,AF8,868,387.207031
2026-08-04T19:00:29.591Z,2026-08-04T19:00:33.037Z,Muse-2E72,AF8,869,-162.109375
2026-08-04T19:00:29.591Z,2026-08-04T19:00:33.037Z,Muse-2E72,AF8,870,-217.285156
2026-08-04T19:00:29.591Z,2026-08-04T19:00:33.037Z,Muse-2E72,AF8,871,474.609375
2026-08-04T19:00:29.591Z,2026-08-04T19:00:33.037Z,Muse-2E72,AF8,872,697.265625
2026-08-04T19:00:29.591Z,2026-08-04T19:00:33.037Z,Muse-2E72,AF8,873,138.183594
2026-08-04T19:00:29.591Z,2026-08-04T19:00:33.037Z,Muse-2E72,AF8,874,-363.769531
2026-08-04T19:00:29.591Z,2026-08-04T19:00:33.037Z,Muse-2E72,AF8,875,91.796875
2026-08-04T19:00:29.591Z,2026-08-04T19:00:33.037Z,Muse-2E72,AF8,876,744.628906
2026-08-04T19:00:29.591Z,2026-08-04T19:00:33.037Z,Muse-2E72,TP9,865,-154.296875
2026-08-04T19:00:29.591Z,2026-08-04T19:00:33.037Z,Muse-2E72,TP9,866,-804.687500
2026-08-04T19:00:29.591Z,2026-08-04T19:00:33.037Z,Muse-2E72,TP9,867,62.011719
2026-08-04T19:00:29.591Z,2026-08-04T19:00:33.037Z,Muse-2E72,TP9,868,886.230469
2026-08-04T19:00:29.591Z,2026-08-04T19:00:33.037Z,Muse-2E72,TP9,869,164.062500
2026-08-04T19:00:29.591Z,2026-08-04T19:00:33.037Z,Muse-2E72,TP9,870,-610.839844
2026-08-04T19:00:29.591Z,2026-08-04T19:00:33.037Z,Muse-2E72,TP9,871,-33.203125
2026-08-04T19:00:29.591Z,2026-08-04T19:00:33.037Z,Muse-2E72,TP9,872,718.750000
2026-08-04T19:00:29.591Z,2026-08-04T19:00:33.037Z,Muse-2E72,TP9,873,329.589844
2026-08-04T19:00:29.591Z,2026-08-04T19:00:33.037Z,Muse-2E72,TP9,874,-343.750000
2026-08-04T19:00:29.591Z,2026-08-04T19:00:33.037Z,Muse-2E72,TP9,875,-282.714844
2026-08-04T19:00:29.591Z,2026-08-04T19:00:33.037Z,Muse-2E72,TP9,876,580.566406
2026-08-04T19:00:29.591Z,2026-08-04T19:00:33.037Z,Muse-2E72,AF7,865,-1000.000000
2026-08-04T19:00:29.591Z,2026-08-04T19:00:33.037Z,Muse-2E72,AF7,866,-873.046875
2026-08-04T19:00:29.591Z,2026-08-04T19:00:33.037Z,Muse-2E72,AF7,867,615.234375
2026-08-04T19:00:29.591Z,2026-08-04T19:00:33.037Z,Muse-2E72,AF7,868,396.484375
2026-08-04T19:00:29.591Z,2026-08-04T19:00:33.037Z,Muse-2E72,AF7,869,-929.687500
2026-08-04T19:00:29.591Z,2026-08-04T19:00:33.037Z,Muse-2E72,AF7,870,-1000.000000
2026-08-04T19:00:29.591Z,2026-08-04T19:00:33.037Z,Muse-2E72,AF7,871,122.070312
2026-08-04T19:00:29.591Z,2026-08-04T19:00:33.037Z,Muse-2E72,AF7,872,836.914062
2026-08-04T19:00:29.591Z,2026-08-04T19:00:33.037Z,Muse-2E72,AF7,873,-339.843750
2026-08-04T19:00:29.591Z,2026-08-04T19:00:33.037Z,Muse-2E72,AF7,874,-1000.000000
2026-08-04T19:00:29.591Z,2026-08-04T19:00:33.037Z,Muse-2E72,AF7,875,-209.472656
2026-08-04T19:00:29.591Z,2026-08-04T19:00:33.037Z,Muse-2E72,AF7,876,999.511719
2026-08-04T19:00:29.591Z,2026-08-04T19:00:33.080Z,Muse-2E72,TP10,877,353.515625
2026-08-04T19:00:29.591Z,2026-08-04T19:00:33.080Z,Muse-2E72,TP10,878,-435.058594
2026-08-04T19:00:29.591Z,2026-08-04T19:00:33.080Z,Muse-2E72,TP10,879,-568.847656
2026-08-04T19:00:29.591Z,2026-08-04T19:00:33.080Z,Muse-2E72,TP10,880,540.527344
2026-08-04T19:00:29.591Z,2026-08-04T19:00:33.080Z,Muse-2E72,TP10,881,661.621094
2026-08-04T19:00:29.591Z,2026-08-04T19:00:33.080Z,Muse-2E72,TP10,882,-534.179688
2026-08-04T19:00:29.591Z,2026-08-04T19:00:33.080Z,Muse-2E72,TP10,883,-814.941406
2026-08-04T19:00:29.591Z,2026-08-04T19:00:33.080Z,Muse-2E72,TP10,884,-100.097656
2026-08-04T19:00:29.591Z,2026-08-04T19:00:33.080Z,Muse-2E72,TP10,885,676.269531
2026-08-04T19:00:29.591Z,2026-08-04T19:00:33.080Z,Muse-2E72,TP10,886,-88.378906
2026-08-04T19:00:29.591Z,2026-08-04T19:00:33.080Z,Muse-2E72,TP10,887,-879.882812
2026-08-04T19:00:29.591Z,2026-08-04T19:00:33.080Z,Muse-2E72,TP10,888,45.898438
2026-08-04T19:00:29.591Z,2026-08-04T19:00:33.082Z,Muse-2E72,AF8,877,304.687500
2026-08-04T19:00:29.591Z,2026-08-04T19:00:33.082Z,Muse-2E72,AF8,878,-494.628906
2026-08-04T19:00:29.591Z,2026-08-04T19:00:33.082Z,Muse-2E72,AF8,879,-74.707031
2026-08-04T19:00:29.591Z,2026-08-04T19:00:33.082Z,Muse-2E72,AF8,880,763.671875
2026-08-04T19:00:29.591Z,2026-08-04T19:00:33.082Z,Muse-2E72,AF8,881,184.570312
2026-08-04T19:00:29.591Z,2026-08-04T19:00:33.082Z,Muse-2E72,AF8,882,-468.750000
2026-08-04T19:00:29.591Z,2026-08-04T19:00:33.082Z,Muse-2E72,AF8,883,-172.363281
2026-08-04T19:00:29.591Z,2026-08-04T19:00:33.082Z,Muse-2E72,AF8,884,728.515625
2026-08-04T19:00:29.591Z,2026-08-04T19:00:33.082Z,Muse-2E72,AF8,885,435.546875
2026-08-04T19:00:29.591Z,2026-08-04T19:00:33.082Z,Muse-2E72,AF8,886,-472.167969
2026-08-04T19:00:29.591Z,2026-08-04T19:00:33.082Z,Muse-2E72,AF8,887,-434.082031
2026-08-04T19:00:29.591Z,2026-08-04T19:00:33.082Z,Muse-2E72,AF8,888,106.933594
2026-08-04T19:00:29.591Z,2026-08-04T19:00:33.082Z,Muse-2E72,TP9,877,517.089844
2026-08-04T19:00:29.591Z,2026-08-04T19:00:33.082Z,Muse-2E72,TP9,878,-58.105469
2026-08-04T19:00:29.591Z,2026-08-04T19:00:33.082Z,Muse-2E72,TP9,879,-589.355469
2026-08-04T19:00:29.591Z,2026-08-04T19:00:33.082Z,Muse-2E72,TP9,880,208.496094
2026-08-04T19:00:29.591Z,2026-08-04T19:00:33.082Z,Muse-2E72,TP9,881,793.945312
2026-08-04T19:00:29.591Z,2026-08-04T19:00:33.082Z,Muse-2E72,TP9,882,-132.324219
2026-08-04T19:00:29.591Z,2026-08-04T19:00:33.082Z,Muse-2E72,TP9,883,-697.265625
2026-08-04T19:00:29.591Z,2026-08-04T19:00:33.082Z,Muse-2E72,TP9,884,-295.410156
2026-08-04T19:00:29.591Z,2026-08-04T19:00:33.082Z,Muse-2E72,TP9,885,764.160156
2026-08-04T19:00:29.591Z,2026-08-04T19:00:33.082Z,Muse-2E72,TP9,886,412.109375
2026-08-04T19:00:29.591Z,2026-08-04T19:00:33.082Z,Muse-2E72,TP9,887,-645.507812
2026-08-04T19:00:29.591Z,2026-08-04T19:00:33.082Z,Muse-2E72,TP9,888,26.367188
2026-08-04T19:00:29.591Z,2026-08-04T19:00:33.082Z,Muse-2E72,AF7,877,66.894531
2026-08-04T19:00:29.591Z,2026-08-04T19:00:33.082Z,Muse-2E72,AF7,878,-1000.000000
2026-08-04T19:00:29.591Z,2026-08-04T19:00:33.082Z,Muse-2E72,AF7,879,-464.843750
2026-08-04T19:00:29.591Z,2026-08-04T19:00:33.082Z,Muse-2E72,AF7,880,999.511719
2026-08-04T19:00:29.591Z,2026-08-04T19:00:33.082Z,Muse-2E72,AF7,881,144.042969
2026-08-04T19:00:29.591Z,2026-08-04T19:00:33.082Z,Muse-2E72,AF7,882,-1000.000000
2026-08-04T19:00:29.591Z,2026-08-04T19:00:33.082Z,Muse-2E72,AF7,883,-915.039062
2026-08-04T19:00:29.591Z,2026-08-04T19:00:33.082Z,Muse-2E72,AF7,884,532.226562
2026-08-04T19:00:29.591Z,2026-08-04T19:00:33.082Z,Muse-2E72,AF7,885,506.835938
2026-08-04T19:00:29.591Z,2026-08-04T19:00:33.082Z,Muse-2E72,AF7,886,-961.914062
2026-08-04T19:00:29.591Z,2026-08-04T19:00:33.082Z,Muse-2E72,AF7,887,-1000.000000
2026-08-04T19:00:29.591Z,2026-08-04T19:00:33.082Z,Muse-2E72,AF7,888,58.105469
2026-08-04T19:00:29.591Z,2026-08-04T19:00:33.140Z,Muse-2E72,TP10,889,999.511719
2026-08-04T19:00:29.591Z,2026-08-04T19:00:33.140Z,Muse-2E72,TP10,890,203.613281
2026-08-04T19:00:29.591Z,2026-08-04T19:00:33.140Z,Muse-2E72,TP10,891,-879.882812
2026-08-04T19:00:29.591Z,2026-08-04T19:00:33.140Z,Muse-2E72,TP10,892,-202.148438
2026-08-04T19:00:29.591Z,2026-08-04T19:00:33.140Z,Muse-2E72,TP10,893,999.511719
2026-08-04T19:00:29.591Z,2026-08-04T19:00:33.140Z,Muse-2E72,TP10,894,365.722656
2026-08-04T19:00:29.591Z,2026-08-04T19:00:33.140Z,Muse-2E72,TP10,895,-909.667969
2026-08-04T19:00:29.591Z,2026-08-04T19:00:33.140Z,Muse-2E72,TP10,896,-374.511719
2026-08-04T19:00:29.591Z,2026-08-04T19:00:33.140Z,Muse-2E72,TP10,897,888.183594
2026-08-04T19:00:29.591Z,2026-08-04T19:00:33.140Z,Muse-2E72,TP10,898,792.968750
2026-08-04T19:00:29.591Z,2026-08-04T19:00:33.140Z,Muse-2E72,TP10,899,-250.488281
2026-08-04T19:00:29.591Z,2026-08-04T19:00:33.140Z,Muse-2E72,TP10,900,-811.035156
2026-08-04T19:00:29.591Z,2026-08-04T19:00:33.141Z,Muse-2E72,AF8,889,413.085938
2026-08-04T19:00:29.591Z,2026-08-04T19:00:33.141Z,Muse-2E72,AF8,890,-213.867188
2026-08-04T19:00:29.591Z,2026-08-04T19:00:33.141Z,Muse-2E72,AF8,891,-459.960938
2026-08-04T19:00:29.591Z,2026-08-04T19:00:33.141Z,Muse-2E72,AF8,892,293.457031
2026-08-04T19:00:29.591Z,2026-08-04T19:00:33.141Z,Muse-2E72,AF8,893,665.527344
2026-08-04T19:00:29.591Z,2026-08-04T19:00:33.141Z,Muse-2E72,AF8,894,69.824219
2026-08-04T19:00:29.591Z,2026-08-04T19:00:33.141Z,Muse-2E72,AF8,895,-249.023438
2026-08-04T19:00:29.591Z,2026-08-04T19:00:33.141Z,Muse-2E72,AF8,896,349.121094
2026-08-04T19:00:29.591Z,2026-08-04T19:00:33.141Z,Muse-2E72,AF8,897,683.105469
2026-08-04T19:00:29.591Z,2026-08-04T19:00:33.141Z,Muse-2E72,AF8,898,216.796875
2026-08-04T19:00:29.591Z,2026-08-04T19:00:33.141Z,Muse-2E72,AF8,899,-358.886719
2026-08-04T19:00:29.591Z,2026-08-04T19:00:33.141Z,Muse-2E72,AF8,900,-335.449219
2026-08-04T19:00:29.591Z,2026-08-04T19:00:33.142Z,Muse-2E72,TP9,889,999.511719
2026-08-04T19:00:29.591Z,2026-08-04T19:00:33.142Z,Muse-2E72,TP9,890,444.824219
2026-08-04T19:00:29.591Z,2026-08-04T19:00:33.142Z,Muse-2E72,TP9,891,-582.519531
2026-08-04T19:00:29.591Z,2026-08-04T19:00:33.142Z,Muse-2E72,TP9,892,-266.113281
2026-08-04T19:00:29.591Z,2026-08-04T19:00:33.142Z,Muse-2E72,TP9,893,804.199219
2026-08-04T19:00:29.591Z,2026-08-04T19:00:33.142Z,Muse-2E72,TP9,894,689.453125
2026-08-04T19:00:29.591Z,2026-08-04T19:00:33.142Z,Muse-2E72,TP9,895,-411.132812
2026-08-04T19:00:29.591Z,2026-08-04T19:00:33.142Z,Muse-2E72,TP9,896,-354.492188
2026-08-04T19:00:29.591Z,2026-08-04T19:00:33.142Z,Muse-2E72,TP9,897,778.320312
2026-08-04T19:00:29.591Z,2026-08-04T19:00:33.142Z,Muse-2E72,TP9,898,845.703125
2026-08-04T19:00:29.591Z,2026-08-04T19:00:33.142Z,Muse-2E72,TP9,899,130.371094
2026-08-04T19:00:29.591Z,2026-08-04T19:00:33.142Z,Muse-2E72,TP9,900,-588.378906
2026-08-04T19:00:29.591Z,2026-08-04T19:00:33.143Z,Muse-2E72,AF7,889,746.582031
2026-08-04T19:00:29.591Z,2026-08-04T19:00:33.143Z,Muse-2E72,AF7,890,-712.890625
2026-08-04T19:00:29.591Z,2026-08-04T19:00:33.143Z,Muse-2E72,AF7,891,-1000.000000
2026-08-04T19:00:29.591Z,2026-08-04T19:00:33.143Z,Muse-2E72,AF7,892,16.601562
2026-08-04T19:00:29.591Z,2026-08-04T19:00:33.143Z,Muse-2E72,AF7,893,999.511719
2026-08-04T19:00:29.591Z,2026-08-04T19:00:33.143Z,Muse-2E72,AF7,894,-139.160156
2026-08-04T19:00:29.591Z,2026-08-04T19:00:33.143Z,Muse-2E72,AF7,895,-1000.000000
2026-08-04T19:00:29.591Z,2026-08-04T19:00:33.143Z,Muse-2E72,AF7,896,-54.687500
2026-08-04T19:00:29.591Z,2026-08-04T19:00:33.143Z,Muse-2E72,AF7,897,999.511719
2026-08-04T19:00:29.591Z,2026-08-04T19:00:33.143Z,Muse-2E72,AF7,898,165.527344
2026-08-04T19:00:29.591Z,2026-08-04T19:00:33.143Z,Muse-2E72,AF7,899,-1000.000000
2026-08-04T19:00:29.591Z,2026-08-04T19:00:33.143Z,Muse-2E72,AF7,900,-1000.000000
2026-08-04T19:00:29.591Z,2026-08-04T19:00:33.171Z,Muse-2E72,TP10,901,59.570312
2026-08-04T19:00:29.591Z,2026-08-04T19:00:33.171Z,Muse-2E72,TP10,902,893.554688
2026-08-04T19:00:29.591Z,2026-08-04T19:00:33.171Z,Muse-2E72,TP10,903,92.773438
2026-08-04T19:00:29.591Z,2026-08-04T19:00:33.171Z,Muse-2E72,TP10,904,-411.621094
2026-08-04T19:00:29.591Z,2026-08-04T19:00:33.171Z,Muse-2E72,TP10,905,47.363281
2026-08-04T19:00:29.591Z,2026-08-04T19:00:33.171Z,Muse-2E72,TP10,906,844.238281
2026-08-04T19:00:29.591Z,2026-08-04T19:00:33.171Z,Muse-2E72,TP10,907,546.386719
2026-08-04T19:00:29.591Z,2026-08-04T19:00:33.171Z,Muse-2E72,TP10,908,-326.660156
2026-08-04T19:00:29.591Z,2026-08-04T19:00:33.171Z,Muse-2E72,TP10,909,-398.437500
2026-08-04T19:00:29.591Z,2026-08-04T19:00:33.171Z,Muse-2E72,TP10,910,861.816406
2026-08-04T19:00:29.591Z,2026-08-04T19:00:33.171Z,Muse-2E72,TP10,911,317.871094
2026-08-04T19:00:29.591Z,2026-08-04T19:00:33.171Z,Muse-2E72,TP10,912,-727.050781
2026-08-04T19:00:29.591Z,2026-08-04T19:00:33.186Z,Muse-2E72,AF8,901,429.199219
2026-08-04T19:00:29.591Z,2026-08-04T19:00:33.186Z,Muse-2E72,AF8,902,388.183594
2026-08-04T19:00:29.591Z,2026-08-04T19:00:33.186Z,Muse-2E72,AF8,903,200.683594
2026-08-04T19:00:29.591Z,2026-08-04T19:00:33.186Z,Muse-2E72,AF8,904,18.554688
2026-08-04T19:00:29.591Z,2026-08-04T19:00:33.186Z,Muse-2E72,AF8,905,82.031250
2026-08-04T19:00:29.591Z,2026-08-04T19:00:33.186Z,Muse-2E72,AF8,906,651.855469
2026-08-04T19:00:29.591Z,2026-08-04T19:00:33.186Z,Muse-2E72,AF8,907,277.832031
2026-08-04T19:00:29.591Z,2026-08-04T19:00:33.186Z,Muse-2E72,AF8,908,-416.503906
2026-08-04T19:00:29.591Z,2026-08-04T19:00:33.186Z,Muse-2E72,AF8,909,60.058594
2026-08-04T19:00:29.591Z,2026-08-04T19:00:33.186Z,Muse-2E72,AF8,910,581.542969
2026-08-04T19:00:29.591Z,2026-08-04T19:00:33.186Z,Muse-2E72,AF8,911,668.945312
2026-08-04T19:00:29.591Z,2026-08-04T19:00:33.186Z,Muse-2E72,AF8,912,100.097656
2026-08-04T19:00:29.591Z,2026-08-04T19:00:33.187Z,Muse-2E72,TP9,901,-122.558594
2026-08-04T19:00:29.591Z,2026-08-04T19:00:33.187Z,Muse-2E72,TP9,902,914.550781
2026-08-04T19:00:29.591Z,2026-08-04T19:00:33.187Z,Muse-2E72,TP9,903,445.312500
2026-08-04T19:00:29.591Z,2026-08-04T19:00:33.187Z,Muse-2E72,TP9,904,-186.035156
2026-08-04T19:00:29.591Z,2026-08-04T19:00:33.187Z,Muse-2E72,TP9,905,-3.906250
2026-08-04T19:00:29.591Z,2026-08-04T19:00:33.187Z,Muse-2E72,TP9,906,749.511719
2026-08-04T19:00:29.591Z,2026-08-04T19:00:33.187Z,Muse-2E72,TP9,907,581.542969
2026-08-04T19:00:29.591Z,2026-08-04T19:00:33.187Z,Muse-2E72,TP9,908,-28.320312
2026-08-04T19:00:29.591Z,2026-08-04T19:00:33.187Z,Muse-2E72,TP9,909,-374.023438
2026-08-04T19:00:29.591Z,2026-08-04T19:00:33.187Z,Muse-2E72,TP9,910,559.082031
2026-08-04T19:00:29.591Z,2026-08-04T19:00:33.187Z,Muse-2E72,TP9,911,345.703125
2026-08-04T19:00:29.591Z,2026-08-04T19:00:33.187Z,Muse-2E72,TP9,912,-320.312500
2026-08-04T19:00:29.591Z,2026-08-04T19:00:33.187Z,Muse-2E72,AF7,901,395.996094
2026-08-04T19:00:29.591Z,2026-08-04T19:00:33.187Z,Muse-2E72,AF7,902,552.734375
2026-08-04T19:00:29.591Z,2026-08-04T19:00:33.187Z,Muse-2E72,AF7,903,-429.687500
2026-08-04T19:00:29.591Z,2026-08-04T19:00:33.187Z,Muse-2E72,AF7,904,-798.828125
2026-08-04T19:00:29.591Z,2026-08-04T19:00:33.187Z,Muse-2E72,AF7,905,-158.691406
2026-08-04T19:00:29.591Z,2026-08-04T19:00:33.187Z,Muse-2E72,AF7,906,866.699219
2026-08-04T19:00:29.591Z,2026-08-04T19:00:33.187Z,Muse-2E72,AF7,907,-156.738281
2026-08-04T19:00:29.591Z,2026-08-04T19:00:33.187Z,Muse-2E72,AF7,908,-1000.000000
2026-08-04T19:00:29.591Z,2026-08-04T19:00:33.187Z,Muse-2E72,AF7,909,-313.476562
2026-08-04T19:00:29.591Z,2026-08-04T19:00:33.187Z,Muse-2E72,AF7,910,979.492188
2026-08-04T19:00:29.591Z,2026-08-04T19:00:33.187Z,Muse-2E72,AF7,911,716.308594
2026-08-04T19:00:29.591Z,2026-08-04T19:00:33.187Z,Muse-2E72,AF7,912,-525.390625
2026-08-04T19:00:29.591Z,2026-08-04T19:00:33.215Z,Muse-2E72,TP10,913,-513.671875
2026-08-04T19:00:29.591Z,2026-08-04T19:00:33.215Z,Muse-2E72,TP10,914,350.585938
2026-08-04T19:00:29.591Z,2026-08-04T19:00:33.215Z,Muse-2E72,TP10,915,711.914062
2026-08-04T19:00:29.591Z,2026-08-04T19:00:33.215Z,Muse-2E72,TP10,916,-229.492188
2026-08-04T19:00:29.591Z,2026-08-04T19:00:33.215Z,Muse-2E72,TP10,917,-909.179688
2026-08-04T19:00:29.591Z,2026-08-04T19:00:33.215Z,Muse-2E72,TP10,918,-131.835938
2026-08-04T19:00:29.591Z,2026-08-04T19:00:33.215Z,Muse-2E72,TP10,919,823.730469
2026-08-04T19:00:29.591Z,2026-08-04T19:00:33.215Z,Muse-2E72,TP10,920,146.972656
2026-08-04T19:00:29.591Z,2026-08-04T19:00:33.215Z,Muse-2E72,TP10,921,-802.734375
2026-08-04T19:00:29.591Z,2026-08-04T19:00:33.215Z,Muse-2E72,TP10,922,-300.781250
2026-08-04T19:00:29.591Z,2026-08-04T19:00:33.215Z,Muse-2E72,TP10,923,727.539062
2026-08-04T19:00:29.591Z,2026-08-04T19:00:33.215Z,Muse-2E72,TP10,924,369.140625
2026-08-04T19:00:29.591Z,2026-08-04T19:00:33.217Z,Muse-2E72,AF8,913,-304.199219
2026-08-04T19:00:29.591Z,2026-08-04T19:00:33.217Z,Muse-2E72,AF8,914,616.210938
2026-08-04T19:00:29.591Z,2026-08-04T19:00:33.217Z,Muse-2E72,AF8,915,531.250000
2026-08-04T19:00:29.591Z,2026-08-04T19:00:33.217Z,Muse-2E72,AF8,916,-253.417969
2026-08-04T19:00:29.591Z,2026-08-04T19:00:33.217Z,Muse-2E72,AF8,917,-307.617188
2026-08-04T19:00:29.591Z,2026-08-04T19:00:33.217Z,Muse-2E72,AF8,918,519.531250
2026-08-04T19:00:29.591Z,2026-08-04T19:00:33.217Z,Muse-2E72,AF8,919,475.585938
2026-08-04T19:00:29.591Z,2026-08-04T19:00:33.217Z,Muse-2E72,AF8,920,-148.925781
2026-08-04T19:00:29.591Z,2026-08-04T19:00:33.217Z,Muse-2E72,AF8,921,-252.929688
2026-08-04T19:00:29.591Z,2026-08-04T19:00:33.217Z,Muse-2E72,AF8,922,248.535156
2026-08-04T19:00:29.591Z,2026-08-04T19:00:33.217Z,Muse-2E72,AF8,923,633.789062
2026-08-04T19:00:29.591Z,2026-08-04T19:00:33.217Z,Muse-2E72,AF8,924,-127.441406
2026-08-04T19:00:29.591Z,2026-08-04T19:00:33.217Z,Muse-2E72,TP9,913,-374.511719
2026-08-04T19:00:29.591Z,2026-08-04T19:00:33.217Z,Muse-2E72,TP9,914,47.363281
2026-08-04T19:00:29.591Z,2026-08-04T19:00:33.217Z,Muse-2E72,TP9,915,758.789062
2026-08-04T19:00:29.591Z,2026-08-04T19:00:33.217Z,Muse-2E72,TP9,916,166.015625
2026-08-04T19:00:29.591Z,2026-08-04T19:00:33.217Z,Muse-2E72,TP9,917,-742.187500
2026-08-04T19:00:29.591Z,2026-08-04T19:00:33.217Z,Muse-2E72,TP9,918,-266.113281
2026-08-04T19:00:29.591Z,2026-08-04T19:00:33.217Z,Muse-2E72,TP9,919,770.996094
2026-08-04T19:00:29.591Z,2026-08-04T19:00:33.217Z,Muse-2E72,TP9,920,498.046875
2026-08-04T19:00:29.591Z,2026-08-04T19:00:33.217Z,Muse-2E72,TP9,921,-416.503906
2026-08-04T19:00:29.591Z,2026-08-04T19:00:33.217Z,Muse-2E72,TP9,922,-359.863281
2026-08-04T19:00:29.591Z,2026-08-04T19:00:33.217Z,Muse-2E72,TP9,923,532.226562
2026-08-04T19:00:29.591Z,2026-08-04T19:00:33.217Z,Muse-2E72,TP9,924,665.039062
2026-08-04T19:00:29.591Z,2026-08-04T19:00:33.231Z,Muse-2E72,AF7,913,-908.203125
2026-08-04T19:00:29.591Z,2026-08-04T19:00:33.231Z,Muse-2E72,AF7,914,741.210938
2026-08-04T19:00:29.591Z,2026-08-04T19:00:33.231Z,Muse-2E72,AF7,915,339.843750
2026-08-04T19:00:29.591Z,2026-08-04T19:00:33.231Z,Muse-2E72,AF7,916,-1000.000000
2026-08-04T19:00:29.591Z,2026-08-04T19:00:33.231Z,Muse-2E72,AF7,917,-1000.000000
2026-08-04T19:00:29.591Z,2026-08-04T19:00:33.231Z,Muse-2E72,AF7,918,204.589844
2026-08-04T19:00:29.591Z,2026-08-04T19:00:33.231Z,Muse-2E72,AF7,919,511.718750
2026-08-04T19:00:29.591Z,2026-08-04T19:00:33.231Z,Muse-2E72,AF7,920,-860.839844
2026-08-04T19:00:29.591Z,2026-08-04T19:00:33.231Z,Muse-2E72,AF7,921,-1000.000000
2026-08-04T19:00:29.591Z,2026-08-04T19:00:33.231Z,Muse-2E72,AF7,922,-131.835938
2026-08-04T19:00:29.591Z,2026-08-04T19:00:33.231Z,Muse-2E72,AF7,923,844.726562
2026-08-04T19:00:29.591Z,2026-08-04T19:00:33.231Z,Muse-2E72,AF7,924,-435.546875
2026-08-04T19:00:29.591Z,2026-08-04T19:00:33.259Z,Muse-2E72,TP10,925,-814.453125
2026-08-04T19:00:29.591Z,2026-08-04T19:00:33.259Z,Muse-2E72,TP10,926,-555.664062
2026-08-04T19:00:29.591Z,2026-08-04T19:00:33.259Z,Muse-2E72,TP10,927,779.785156
2026-08-04T19:00:29.591Z,2026-08-04T19:00:33.259Z,Muse-2E72,TP10,928,648.925781
2026-08-04T19:00:29.591Z,2026-08-04T19:00:33.259Z,Muse-2E72,TP10,929,-637.207031
2026-08-04T19:00:29.591Z,2026-08-04T19:00:33.259Z,Muse-2E72,TP10,930,-943.359375
2026-08-04T19:00:29.591Z,2026-08-04T19:00:33.259Z,Muse-2E72,TP10,931,310.058594
2026-08-04T19:00:29.591Z,2026-08-04T19:00:33.259Z,Muse-2E72,TP10,932,965.332031
2026-08-04T19:00:29.591Z,2026-08-04T19:00:33.259Z,Muse-2E72,TP10,933,-18.554688
2026-08-04T19:00:29.591Z,2026-08-04T19:00:33.259Z,Muse-2E72,TP10,934,-756.835938
2026-08-04T19:00:29.591Z,2026-08-04T19:00:33.259Z,Muse-2E72,TP10,935,-71.289062
2026-08-04T19:00:29.591Z,2026-08-04T19:00:33.259Z,Muse-2E72,TP10,936,938.964844
2026-08-04T19:00:29.591Z,2026-08-04T19:00:33.277Z,Muse-2E72,AF8,925,-506.835938
2026-08-04T19:00:29.591Z,2026-08-04T19:00:33.277Z,Muse-2E72,AF8,926,212.402344
2026-08-04T19:00:29.591Z,2026-08-04T19:00:33.277Z,Muse-2E72,AF8,927,768.066406
2026-08-04T19:00:29.591Z,2026-08-04T19:00:33.277Z,Muse-2E72,AF8,928,182.617188
2026-08-04T19:00:29.591Z,2026-08-04T19:00:33.277Z,Muse-2E72,AF8,929,-359.375000
2026-08-04T19:00:29.591Z,2026-08-04T19:00:33.277Z,Muse-2E72,AF8,930,245.117188
2026-08-04T19:00:29.591Z,2026-08-04T19:00:33.277Z,Muse-2E72,AF8,931,748.046875
2026-08-04T19:00:29.591Z,2026-08-04T19:00:33.277Z,Muse-2E72,AF8,932,344.238281
2026-08-04T19:00:29.591Z,2026-08-04T19:00:33.277Z,Muse-2E72,AF8,933,25.878906
2026-08-04T19:00:29.591Z,2026-08-04T19:00:33.277Z,Muse-2E72,AF8,934,-173.828125
2026-08-04T19:00:29.591Z,2026-08-04T19:00:33.277Z,Muse-2E72,AF8,935,290.039062
2026-08-04T19:00:29.591Z,2026-08-04T19:00:33.277Z,Muse-2E72,AF8,936,468.750000
2026-08-04T19:00:29.591Z,2026-08-04T19:00:33.277Z,Muse-2E72,TP9,925,-389.648438
2026-08-04T19:00:29.591Z,2026-08-04T19:00:33.277Z,Muse-2E72,TP9,926,-535.644531
2026-08-04T19:00:29.591Z,2026-08-04T19:00:33.277Z,Muse-2E72,TP9,927,697.753906
2026-08-04T19:00:29.591Z,2026-08-04T19:00:33.277Z,Muse-2E72,TP9,928,880.371094
2026-08-04T19:00:29.591Z,2026-08-04T19:00:33.277Z,Muse-2E72,TP9,929,-263.671875
2026-08-04T19:00:29.591Z,2026-08-04T19:00:33.277Z,Muse-2E72,TP9,930,-854.003906
2026-08-04T19:00:29.591Z,2026-08-04T19:00:33.277Z,Muse-2E72,TP9,931,273.437500
2026-08-04T19:00:29.591Z,2026-08-04T19:00:33.277Z,Muse-2E72,TP9,932,962.402344
2026-08-04T19:00:29.591Z,2026-08-04T19:00:33.277Z,Muse-2E72,TP9,933,364.746094
2026-08-04T19:00:29.591Z,2026-08-04T19:00:33.277Z,Muse-2E72,TP9,934,-399.902344
2026-08-04T19:00:29.591Z,2026-08-04T19:00:33.277Z,Muse-2E72,TP9,935,-199.707031
2026-08-04T19:00:29.591Z,2026-08-04T19:00:33.277Z,Muse-2E72,TP9,936,866.699219
2026-08-04T19:00:29.591Z,2026-08-04T19:00:33.277Z,Muse-2E72,AF7,925,-1000.000000
2026-08-04T19:00:29.591Z,2026-08-04T19:00:33.277Z,Muse-2E72,AF7,926,-313.964844
2026-08-04T19:00:29.591Z,2026-08-04T19:00:33.277Z,Muse-2E72,AF7,927,999.511719
2026-08-04T19:00:29.591Z,2026-08-04T19:00:33.277Z,Muse-2E72,AF7,928,204.589844
2026-08-04T19:00:29.591Z,2026-08-04T19:00:33.277Z,Muse-2E72,AF7,929,-1000.000000
2026-08-04T19:00:29.591Z,2026-08-04T19:00:33.277Z,Muse-2E72,AF7,930,-335.937500
2026-08-04T19:00:29.591Z,2026-08-04T19:00:33.277Z,Muse-2E72,AF7,931,999.511719
2026-08-04T19:00:29.591Z,2026-08-04T19:00:33.277Z,Muse-2E72,AF7,932,242.187500
2026-08-04T19:00:29.591Z,2026-08-04T19:00:33.277Z,Muse-2E72,AF7,933,-912.109375
2026-08-04T19:00:29.591Z,2026-08-04T19:00:33.277Z,Muse-2E72,AF7,934,-1000.000000
2026-08-04T19:00:29.591Z,2026-08-04T19:00:33.277Z,Muse-2E72,AF7,935,45.898438
2026-08-04T19:00:29.591Z,2026-08-04T19:00:33.277Z,Muse-2E72,AF7,936,719.726562
2026-08-04T19:00:29.591Z,2026-08-04T19:00:33.320Z,Muse-2E72,TP10,937,101.562500
2026-08-04T19:00:29.591Z,2026-08-04T19:00:33.320Z,Muse-2E72,TP10,938,-889.160156
2026-08-04T19:00:29.591Z,2026-08-04T19:00:33.320Z,Muse-2E72,TP10,939,-272.460938
2026-08-04T19:00:29.591Z,2026-08-04T19:00:33.320Z,Muse-2E72,TP10,940,917.968750
2026-08-04T19:00:29.591Z,2026-08-04T19:00:33.320Z,Muse-2E72,TP10,941,433.593750
2026-08-04T19:00:29.591Z,2026-08-04T19:00:33.320Z,Muse-2E72,TP10,942,-590.332031
2026-08-04T19:00:29.591Z,2026-08-04T19:00:33.320Z,Muse-2E72,TP10,943,-243.164062
2026-08-04T19:00:29.591Z,2026-08-04T19:00:33.320Z,Muse-2E72,TP10,944,757.812500
2026-08-04T19:00:29.591Z,2026-08-04T19:00:33.320Z,Muse-2E72,TP10,945,604.003906
2026-08-04T19:00:29.591Z,2026-08-04T19:00:33.320Z,Muse-2E72,TP10,946,-362.304688
2026-08-04T19:00:29.591Z,2026-08-04T19:00:33.320Z,Muse-2E72,TP10,947,-576.171875
2026-08-04T19:00:29.591Z,2026-08-04T19:00:33.320Z,Muse-2E72,TP10,948,290.039062
2026-08-04T19:00:29.591Z,2026-08-04T19:00:33.322Z,Muse-2E72,AF8,937,13.671875
2026-08-04T19:00:29.591Z,2026-08-04T19:00:33.322Z,Muse-2E72,AF8,938,-89.843750
2026-08-04T19:00:29.591Z,2026-08-04T19:00:33.322Z,Muse-2E72,AF8,939,263.183594
2026-08-04T19:00:29.591Z,2026-08-04T19:00:33.322Z,Muse-2E72,AF8,940,553.222656
2026-08-04T19:00:29.591Z,2026-08-04T19:00:33.322Z,Muse-2E72,AF8,941,186.523438
2026-08-04T19:00:29.591Z,2026-08-04T19:00:33.322Z,Muse-2E72,AF8,942,-85.449219
2026-08-04T19:00:29.591Z,2026-08-04T19:00:33.322Z,Muse-2E72,AF8,943,123.535156
2026-08-04T19:00:29.591Z,2026-08-04T19:00:33.322Z,Muse-2E72,AF8,944,672.851562
2026-08-04T19:00:29.591Z,2026-08-04T19:00:33.322Z,Muse-2E72,AF8,945,403.808594
2026-08-04T19:00:29.591Z,2026-08-04T19:00:33.322Z,Muse-2E72,AF8,946,-67.382812
2026-08-04T19:00:29.591Z,2026-08-04T19:00:33.322Z,Muse-2E72,AF8,947,-97.656250
2026-08-04T19:00:29.591Z,2026-08-04T19:00:33.322Z,Muse-2E72,AF8,948,479.980469
2026-08-04T19:00:29.591Z,2026-08-04T19:00:33.322Z,Muse-2E72,TP9,937,476.074219
2026-08-04T19:00:29.591Z,2026-08-04T19:00:33.322Z,Muse-2E72,TP9,938,-514.648438
2026-08-04T19:00:29.591Z,2026-08-04T19:00:33.322Z,Muse-2E72,TP9,939,-348.144531
2026-08-04T19:00:29.591Z,2026-08-04T19:00:33.322Z,Muse-2E72,TP9,940,679.687500
2026-08-04T19:00:29.591Z,2026-08-04T19:00:33.322Z,Muse-2E72,TP9,941,619.140625
2026-08-04T19:00:29.591Z,2026-08-04T19:00:33.322Z,Muse-2E72,TP9,942,-191.894531
2026-08-04T19:00:29.591Z,2026-08-04T19:00:33.322Z,Muse-2E72,TP9,943,-262.695312
2026-08-04T19:00:29.591Z,2026-08-04T19:00:33.322Z,Muse-2E72,TP9,944,367.187500
2026-08-04T19:00:29.591Z,2026-08-04T19:00:33.322Z,Muse-2E72,TP9,945,689.941406
2026-08-04T19:00:29.591Z,2026-08-04T19:00:33.322Z,Muse-2E72,TP9,946,194.335938
2026-08-04T19:00:29.591Z,2026-08-04T19:00:33.322Z,Muse-2E72,TP9,947,-284.667969
2026-08-04T19:00:29.591Z,2026-08-04T19:00:33.322Z,Muse-2E72,TP9,948,69.335938
2026-08-04T19:00:29.591Z,2026-08-04T19:00:33.322Z,Muse-2E72,AF7,937,-637.695312
2026-08-04T19:00:29.591Z,2026-08-04T19:00:33.322Z,Muse-2E72,AF7,938,-1000.000000
2026-08-04T19:00:29.591Z,2026-08-04T19:00:33.322Z,Muse-2E72,AF7,939,-162.109375
2026-08-04T19:00:29.591Z,2026-08-04T19:00:33.322Z,Muse-2E72,AF7,940,956.054688
2026-08-04T19:00:29.591Z,2026-08-04T19:00:33.322Z,Muse-2E72,AF7,941,-65.429688
2026-08-04T19:00:29.591Z,2026-08-04T19:00:33.322Z,Muse-2E72,AF7,942,-948.730469
2026-08-04T19:00:29.591Z,2026-08-04T19:00:33.322Z,Muse-2E72,AF7,943,-353.515625
2026-08-04T19:00:29.591Z,2026-08-04T19:00:33.322Z,Muse-2E72,AF7,944,959.472656
2026-08-04T19:00:29.591Z,2026-08-04T19:00:33.322Z,Muse-2E72,AF7,945,266.113281
2026-08-04T19:00:29.591Z,2026-08-04T19:00:33.322Z,Muse-2E72,AF7,946,-917.968750
2026-08-04T19:00:29.591Z,2026-08-04T19:00:33.322Z,Muse-2E72,AF7,947,-853.027344
2026-08-04T19:00:29.591Z,2026-08-04T19:00:33.322Z,Muse-2E72,AF7,948,484.375000
2026-08-04T19:00:29.591Z,2026-08-04T19:00:33.380Z,Muse-2E72,TP10,949,714.355469
2026-08-04T19:00:29.591Z,2026-08-04T19:00:33.380Z,Muse-2E72,TP10,950,-335.937500
2026-08-04T19:00:29.591Z,2026-08-04T19:00:33.380Z,Muse-2E72,TP10,951,-858.398438
2026-08-04T19:00:29.591Z,2026-08-04T19:00:33.380Z,Muse-2E72,TP10,952,-97.656250
2026-08-04T19:00:29.591Z,2026-08-04T19:00:33.380Z,Muse-2E72,TP10,953,854.003906
2026-08-04T19:00:29.591Z,2026-08-04T19:00:33.380Z,Muse-2E72,TP10,954,241.699219
2026-08-04T19:00:29.591Z,2026-08-04T19:00:33.380Z,Muse-2E72,TP10,955,-888.183594
2026-08-04T19:00:29.591Z,2026-08-04T19:00:33.380Z,Muse-2E72,TP10,956,-400.878906
2026-08-04T19:00:29.591Z,2026-08-04T19:00:33.380Z,Muse-2E72,TP10,957,532.226562
2026-08-04T19:00:29.591Z,2026-08-04T19:00:33.380Z,Muse-2E72,TP10,958,531.738281
2026-08-04T19:00:29.591Z,2026-08-04T19:00:33.380Z,Muse-2E72,TP10,959,-401.855469
2026-08-04T19:00:29.591Z,2026-08-04T19:00:33.380Z,Muse-2E72,TP10,960,-667.480469
2026-08-04T19:00:29.591Z,2026-08-04T19:00:33.384Z,Muse-2E72,AF8,949,628.906250
2026-08-04T19:00:29.591Z,2026-08-04T19:00:33.384Z,Muse-2E72,AF8,950,-14.160156
2026-08-04T19:00:29.591Z,2026-08-04T19:00:33.384Z,Muse-2E72,AF8,951,-426.269531
2026-08-04T19:00:29.591Z,2026-08-04T19:00:33.384Z,Muse-2E72,AF8,952,247.558594
2026-08-04T19:00:29.591Z,2026-08-04T19:00:33.384Z,Muse-2E72,AF8,953,671.386719
2026-08-04T19:00:29.591Z,2026-08-04T19:00:33.384Z,Muse-2E72,AF8,954,-55.175781
2026-08-04T19:00:29.591Z,2026-08-04T19:00:33.384Z,Muse-2E72,AF8,955,-434.570312
2026-08-04T19:00:29.591Z,2026-08-04T19:00:33.384Z,Muse-2E72,AF8,956,139.160156
2026-08-04T19:00:29.591Z,2026-08-04T19:00:33.384Z,Muse-2E72,AF8,957,892.578125
2026-08-04T19:00:29.591Z,2026-08-04T19:00:33.384Z,Muse-2E72,AF8,958,273.925781
2026-08-04T19:00:29.591Z,2026-08-04T19:00:33.384Z,Muse-2E72,AF8,959,-502.929688
2026-08-04T19:00:29.591Z,2026-08-04T19:00:33.384Z,Muse-2E72,AF8,960,-39.550781
2026-08-04T19:00:29.591Z,2026-08-04T19:00:33.385Z,Muse-2E72,TP9,949,829.589844
2026-08-04T19:00:29.591Z,2026-08-04T19:00:33.385Z,Muse-2E72,TP9,950,201.171875
2026-08-04T19:00:29.591Z,2026-08-04T19:00:33.385Z,Muse-2E72,TP9,951,-674.804688
2026-08-04T19:00:29.591Z,2026-08-04T19:00:33.385Z,Muse-2E72,TP9,952,-249.023438
2026-08-04T19:00:29.591Z,2026-08-04T19:00:33.385Z,Muse-2E72,TP9,953,775.390625
2026-08-04T19:00:29.591Z,2026-08-04T19:00:33.385Z,Muse-2E72,TP9,954,450.195312
2026-08-04T19:00:29.591Z,2026-08-04T19:00:33.385Z,Muse-2E72,TP9,955,-603.027344
2026-08-04T19:00:29.591Z,2026-08-04T19:00:33.385Z,Muse-2E72,TP9,956,-525.878906
2026-08-04T19:00:29.591Z,2026-08-04T19:00:33.385Z,Muse-2E72,TP9,957,336.914062
2026-08-04T19:00:29.591Z,2026-08-04T19:00:33.385Z,Muse-2E72,TP9,958,715.820312
2026-08-04T19:00:29.591Z,2026-08-04T19:00:33.385Z,Muse-2E72,TP9,959,-114.746094
2026-08-04T19:00:29.591Z,2026-08-04T19:00:33.385Z,Muse-2E72,TP9,960,-695.800781
2026-08-04T19:00:29.591Z,2026-08-04T19:00:33.385Z,Muse-2E72,AF7,949,610.839844
2026-08-04T19:00:29.591Z,2026-08-04T19:00:33.385Z,Muse-2E72,AF7,950,-845.214844
2026-08-04T19:00:29.591Z,2026-08-04T19:00:33.385Z,Muse-2E72,AF7,951,-1000.000000
2026-08-04T19:00:29.591Z,2026-08-04T19:00:33.385Z,Muse-2E72,AF7,952,86.914062
2026-08-04T19:00:29.591Z,2026-08-04T19:00:33.385Z,Muse-2E72,AF7,953,602.050781
2026-08-04T19:00:29.591Z,2026-08-04T19:00:33.385Z,Muse-2E72,AF7,954,-835.937500
2026-08-04T19:00:29.591Z,2026-08-04T19:00:33.385Z,Muse-2E72,AF7,955,-1000.000000
2026-08-04T19:00:29.591Z,2026-08-04T19:00:33.385Z,Muse-2E72,AF7,956,-225.585938
2026-08-04T19:00:29.591Z,2026-08-04T19:00:33.385Z,Muse-2E72,AF7,957,999.511719
2026-08-04T19:00:29.591Z,2026-08-04T19:00:33.385Z,Muse-2E72,AF7,958,41.992188
2026-08-04T19:00:29.591Z,2026-08-04T19:00:33.385Z,Muse-2E72,AF7,959,-1000.000000
2026-08-04T19:00:29.591Z,2026-08-04T19:00:33.385Z,Muse-2E72,AF7,960,-641.601562
2026-08-04T19:00:29.591Z,2026-08-04T19:00:33.410Z,Muse-2E72,TP10,961,667.968750
2026-08-04T19:00:29.591Z,2026-08-04T19:00:33.410Z,Muse-2E72,TP10,962,659.179688
2026-08-04T19:00:29.591Z,2026-08-04T19:00:33.410Z,Muse-2E72,TP10,963,-522.949219
2026-08-04T19:00:29.591Z,2026-08-04T19:00:33.410Z,Muse-2E72,TP10,964,-875.976562
2026-08-04T19:00:29.591Z,2026-08-04T19:00:33.410Z,Muse-2E72,TP10,965,114.746094
2026-08-04T19:00:29.591Z,2026-08-04T19:00:33.410Z,Muse-2E72,TP10,966,798.339844
2026-08-04T19:00:29.591Z,2026-08-04T19:00:33.410Z,Muse-2E72,TP10,967,-337.890625
2026-08-04T19:00:29.591Z,2026-08-04T19:00:33.410Z,Muse-2E72,TP10,968,-914.062500
2026-08-04T19:00:29.591Z,2026-08-04T19:00:33.410Z,Muse-2E72,TP10,969,20.507812
2026-08-04T19:00:29.591Z,2026-08-04T19:00:33.410Z,Muse-2E72,TP10,970,999.511719
2026-08-04T19:00:29.591Z,2026-08-04T19:00:33.410Z,Muse-2E72,TP10,971,273.437500
2026-08-04T19:00:29.591Z,2026-08-04T19:00:33.410Z,Muse-2E72,TP10,972,-890.136719
2026-08-04T19:00:29.591Z,2026-08-04T19:00:33.412Z,Muse-2E72,AF8,961,627.929688
2026-08-04T19:00:29.591Z,2026-08-04T19:00:33.412Z,Muse-2E72,AF8,962,336.425781
2026-08-04T19:00:29.591Z,2026-08-04T19:00:33.412Z,Muse-2E72,AF8,963,-335.449219
2026-08-04T19:00:29.591Z,2026-08-04T19:00:33.412Z,Muse-2E72,AF8,964,-238.281250
2026-08-04T19:00:29.591Z,2026-08-04T19:00:33.412Z,Muse-2E72,AF8,965,564.941406
2026-08-04T19:00:29.591Z,2026-08-04T19:00:33.412Z,Muse-2E72,AF8,966,466.796875
2026-08-04T19:00:29.591Z,2026-08-04T19:00:33.412Z,Muse-2E72,AF8,967,-201.171875
2026-08-04T19:00:29.591Z,2026-08-04T19:00:33.412Z,Muse-2E72,AF8,968,-182.128906
2026-08-04T19:00:29.591Z,2026-08-04T19:00:33.412Z,Muse-2E72,AF8,969,469.726562
2026-08-04T19:00:29.591Z,2026-08-04T19:00:33.412Z,Muse-2E72,AF8,970,572.753906
2026-08-04T19:00:29.591Z,2026-08-04T19:00:33.412Z,Muse-2E72,AF8,971,-146.972656
2026-08-04T19:00:29.591Z,2026-08-04T19:00:33.412Z,Muse-2E72,AF8,972,-324.218750
2026-08-04T19:00:29.591Z,2026-08-04T19:00:33.412Z,Muse-2E72,TP9,961,271.972656
2026-08-04T19:00:29.591Z,2026-08-04T19:00:33.412Z,Muse-2E72,TP9,962,872.070312
2026-08-04T19:00:29.591Z,2026-08-04T19:00:33.412Z,Muse-2E72,TP9,963,-13.183594
2026-08-04T19:00:29.591Z,2026-08-04T19:00:33.412Z,Muse-2E72,TP9,964,-795.898438
2026-08-04T19:00:29.591Z,2026-08-04T19:00:33.412Z,Muse-2E72,TP9,965,30.273438
2026-08-04T19:00:29.591Z,2026-08-04T19:00:33.412Z,Muse-2E72,TP9,966,861.816406
2026-08-04T19:00:29.591Z,2026-08-04T19:00:33.412Z,Muse-2E72,TP9,967,143.554688
2026-08-04T19:00:29.591Z,2026-08-04T19:00:33.412Z,Muse-2E72,TP9,968,-620.605469
2026-08-04T19:00:29.591Z,2026-08-04T19:00:33.412Z,Muse-2E72,TP9,969,-78.125000
2026-08-04T19:00:29.591Z,2026-08-04T19:00:33.412Z,Muse-2E72,TP9,970,954.101562
2026-08-04T19:00:29.591Z,2026-08-04T19:00:33.412Z,Muse-2E72,TP9,971,501.953125
2026-08-04T19:00:29.591Z,2026-08-04T19:00:33.412Z,Muse-2E72,TP9,972,-621.093750
2026-08-04T19:00:29.591Z,2026-08-04T19:00:33.412Z,Muse-2E72,AF7,961,856.445312
2026-08-04T19:00:29.591Z,2026-08-04T19:00:33.412Z,Muse-2E72,AF7,962,257.324219
2026-08-04T19:00:29.591Z,2026-08-04T19:00:33.412Z,Muse-2E72,AF7,963,-1000.000000
2026-08-04T19:00:29.591Z,2026-08-04T19:00:33.412Z,Muse-2E72,AF7,964,-987.304688
2026-08-04T19:00:29.591Z,2026-08-04T19:00:33.412Z,Muse-2E72,AF7,965,430.175781
2026-08-04T19:00:29.591Z,2026-08-04T19:00:33.412Z,Muse-2E72,AF7,966,472.656250
2026-08-04T19:00:29.591Z,2026-08-04T19:00:33.412Z,Muse-2E72,AF7,967,-990.722656
2026-08-04T19:00:29.591Z,2026-08-04T19:00:33.412Z,Muse-2E72,AF7,968,-1000.000000
2026-08-04T19:00:29.591Z,2026-08-04T19:00:33.412Z,Muse-2E72,AF7,969,305.664062
2026-08-04T19:00:29.591Z,2026-08-04T19:00:33.412Z,Muse-2E72,AF7,970,849.609375
2026-08-04T19:00:29.591Z,2026-08-04T19:00:33.412Z,Muse-2E72,AF7,971,-623.535156
2026-08-04T19:00:29.591Z,2026-08-04T19:00:33.412Z,Muse-2E72,AF7,972,-1000.000000
2026-08-04T19:00:29.591Z,2026-08-04T19:00:33.455Z,Muse-2E72,TP10,973,-224.121094
2026-08-04T19:00:29.591Z,2026-08-04T19:00:33.455Z,Muse-2E72,TP10,974,999.511719
2026-08-04T19:00:29.591Z,2026-08-04T19:00:33.455Z,Muse-2E72,TP10,975,351.074219
2026-08-04T19:00:29.591Z,2026-08-04T19:00:33.455Z,Muse-2E72,TP10,976,-536.132812
2026-08-04T19:00:29.591Z,2026-08-04T19:00:33.455Z,Muse-2E72,TP10,977,-151.855469
2026-08-04T19:00:29.591Z,2026-08-04T19:00:33.455Z,Muse-2E72,TP10,978,564.453125
2026-08-04T19:00:29.591Z,2026-08-04T19:00:33.455Z,Muse-2E72,TP10,979,735.839844
2026-08-04T19:00:29.591Z,2026-08-04T19:00:33.455Z,Muse-2E72,TP10,980,-432.617188
2026-08-04T19:00:29.591Z,2026-08-04T19:00:33.455Z,Muse-2E72,TP10,981,-658.691406
2026-08-04T19:00:29.591Z,2026-08-04T19:00:33.455Z,Muse-2E72,TP10,982,307.617188
2026-08-04T19:00:29.591Z,2026-08-04T19:00:33.455Z,Muse-2E72,TP10,983,938.476562
2026-08-04T19:00:29.591Z,2026-08-04T19:00:33.455Z,Muse-2E72,TP10,984,19.531250
2026-08-04T19:00:29.591Z,2026-08-04T19:00:33.457Z,Muse-2E72,AF8,973,403.808594
2026-08-04T19:00:29.591Z,2026-08-04T19:00:33.457Z,Muse-2E72,AF8,974,662.109375
2026-08-04T19:00:29.591Z,2026-08-04T19:00:33.457Z,Muse-2E72,AF8,975,89.843750
2026-08-04T19:00:29.591Z,2026-08-04T19:00:33.457Z,Muse-2E72,AF8,976,-151.855469
2026-08-04T19:00:29.591Z,2026-08-04T19:00:33.457Z,Muse-2E72,AF8,977,84.472656
2026-08-04T19:00:29.591Z,2026-08-04T19:00:33.457Z,Muse-2E72,AF8,978,623.535156
2026-08-04T19:00:29.591Z,2026-08-04T19:00:33.457Z,Muse-2E72,AF8,979,328.125000
2026-08-04T19:00:29.591Z,2026-08-04T19:00:33.457Z,Muse-2E72,AF8,980,270.019531
2026-08-04T19:00:29.591Z,2026-08-04T19:00:33.457Z,Muse-2E72,AF8,981,424.316406
2026-08-04T19:00:29.591Z,2026-08-04T19:00:33.457Z,Muse-2E72,AF8,982,347.656250
2026-08-04T19:00:29.591Z,2026-08-04T19:00:33.457Z,Muse-2E72,AF8,983,430.175781
2026-08-04T19:00:29.591Z,2026-08-04T19:00:33.457Z,Muse-2E72,AF8,984,-268.554688
2026-08-04T19:00:29.591Z,2026-08-04T19:00:33.457Z,Muse-2E72,TP9,973,-243.652344
2026-08-04T19:00:29.591Z,2026-08-04T19:00:33.457Z,Muse-2E72,TP9,974,913.085938
2026-08-04T19:00:29.591Z,2026-08-04T19:00:33.457Z,Muse-2E72,TP9,975,684.570312
2026-08-04T19:00:29.591Z,2026-08-04T19:00:33.457Z,Muse-2E72,TP9,976,-19.531250
2026-08-04T19:00:29.591Z,2026-08-04T19:00:33.457Z,Muse-2E72,TP9,977,-199.218750
2026-08-04T19:00:29.591Z,2026-08-04T19:00:33.457Z,Muse-2E72,TP9,978,243.164062
2026-08-04T19:00:29.591Z,2026-08-04T19:00:33.457Z,Muse-2E72,TP9,979,853.515625
2026-08-04T19:00:29.591Z,2026-08-04T19:00:33.457Z,Muse-2E72,TP9,980,-25.390625
2026-08-04T19:00:29.591Z,2026-08-04T19:00:33.457Z,Muse-2E72,TP9,981,-565.429688
2026-08-04T19:00:29.591Z,2026-08-04T19:00:33.457Z,Muse-2E72,TP9,982,187.011719
2026-08-04T19:00:29.591Z,2026-08-04T19:00:33.457Z,Muse-2E72,TP9,983,940.917969
2026-08-04T19:00:29.591Z,2026-08-04T19:00:33.457Z,Muse-2E72,TP9,984,410.644531
2026-08-04T19:00:29.591Z,2026-08-04T19:00:33.457Z,Muse-2E72,AF7,973,68.847656
2026-08-04T19:00:29.591Z,2026-08-04T19:00:33.457Z,Muse-2E72,AF7,974,999.511719
2026-08-04T19:00:29.591Z,2026-08-04T19:00:33.457Z,Muse-2E72,AF7,975,100.585938
2026-08-04T19:00:29.591Z,2026-08-04T19:00:33.457Z,Muse-2E72,AF7,976,-991.699219
2026-08-04T19:00:29.591Z,2026-08-04T19:00:33.457Z,Muse-2E72,AF7,977,-695.312500
2026-08-04T19:00:29.591Z,2026-08-04T19:00:33.457Z,Muse-2E72,AF7,978,794.921875
2026-08-04T19:00:29.591Z,2026-08-04T19:00:33.457Z,Muse-2E72,AF7,979,187.500000
2026-08-04T19:00:29.591Z,2026-08-04T19:00:33.457Z,Muse-2E72,AF7,980,-528.808594
2026-08-04T19:00:29.591Z,2026-08-04T19:00:33.457Z,Muse-2E72,AF7,981,-298.828125
2026-08-04T19:00:29.591Z,2026-08-04T19:00:33.457Z,Muse-2E72,AF7,982,242.675781
2026-08-04T19:00:29.591Z,2026-08-04T19:00:33.457Z,Muse-2E72,AF7,983,612.792969
2026-08-04T19:00:29.591Z,2026-08-04T19:00:33.457Z,Muse-2E72,AF7,984,-831.054688
2026-08-04T19:00:29.591Z,2026-08-04T19:00:33.500Z,Muse-2E72,TP10,985,-948.730469
2026-08-04T19:00:29.591Z,2026-08-04T19:00:33.500Z,Muse-2E72,TP10,986,-212.890625
2026-08-04T19:00:29.591Z,2026-08-04T19:00:33.500Z,Muse-2E72,TP10,987,945.312500
2026-08-04T19:00:29.591Z,2026-08-04T19:00:33.500Z,Muse-2E72,TP10,988,265.136719
2026-08-04T19:00:29.591Z,2026-08-04T19:00:33.500Z,Muse-2E72,TP10,989,-856.445312
2026-08-04T19:00:29.591Z,2026-08-04T19:00:33.500Z,Muse-2E72,TP10,990,-267.578125
2026-08-04T19:00:29.591Z,2026-08-04T19:00:33.500Z,Muse-2E72,TP10,991,680.175781
2026-08-04T19:00:29.591Z,2026-08-04T19:00:33.500Z,Muse-2E72,TP10,992,491.699219
2026-08-04T19:00:29.591Z,2026-08-04T19:00:33.500Z,Muse-2E72,TP10,993,46.875000
2026-08-04T19:00:29.591Z,2026-08-04T19:00:33.500Z,Muse-2E72,TP10,994,-619.140625
2026-08-04T19:00:29.591Z,2026-08-04T19:00:33.500Z,Muse-2E72,TP10,995,272.949219
2026-08-04T19:00:29.591Z,2026-08-04T19:00:33.500Z,Muse-2E72,TP10,996,870.117188
2026-08-04T19:00:29.591Z,2026-08-04T19:00:33.502Z,Muse-2E72,AF8,985,-505.859375
2026-08-04T19:00:29.591Z,2026-08-04T19:00:33.502Z,Muse-2E72,AF8,986,104.492188
2026-08-04T19:00:29.591Z,2026-08-04T19:00:33.502Z,Muse-2E72,AF8,987,613.281250
2026-08-04T19:00:29.591Z,2026-08-04T19:00:33.502Z,Muse-2E72,AF8,988,164.550781
2026-08-04T19:00:29.591Z,2026-08-04T19:00:33.502Z,Muse-2E72,AF8,989,-439.453125
2026-08-04T19:00:29.591Z,2026-08-04T19:00:33.502Z,Muse-2E72,AF8,990,-104.492188
2026-08-04T19:00:29.591Z,2026-08-04T19:00:33.502Z,Muse-2E72,AF8,991,736.816406
2026-08-04T19:00:29.591Z,2026-08-04T19:00:33.502Z,Muse-2E72,AF8,992,603.515625
2026-08-04T19:00:29.591Z,2026-08-04T19:00:33.502Z,Muse-2E72,AF8,993,-376.464844
2026-08-04T19:00:29.591Z,2026-08-04T19:00:33.502Z,Muse-2E72,AF8,994,-357.421875
2026-08-04T19:00:29.591Z,2026-08-04T19:00:33.502Z,Muse-2E72,AF8,995,575.683594
2026-08-04T19:00:29.591Z,2026-08-04T19:00:33.502Z,Muse-2E72,AF8,996,290.527344
2026-08-04T19:00:29.591Z,2026-08-04T19:00:33.502Z,Muse-2E72,TP9,985,-736.816406
2026-08-04T19:00:29.591Z,2026-08-04T19:00:33.502Z,Muse-2E72,TP9,986,-343.261719
2026-08-04T19:00:29.591Z,2026-08-04T19:00:33.502Z,Muse-2E72,TP9,987,778.808594
2026-08-04T19:00:29.591Z,2026-08-04T19:00:33.502Z,Muse-2E72,TP9,988,566.406250
2026-08-04T19:00:29.591Z,2026-08-04T19:00:33.502Z,Muse-2E72,TP9,989,-332.519531
2026-08-04T19:00:29.591Z,2026-08-04T19:00:33.502Z,Muse-2E72,TP9,990,-431.640625
2026-08-04T19:00:29.591Z,2026-08-04T19:00:33.502Z,Muse-2E72,TP9,991,274.902344
2026-08-04T19:00:29.591Z,2026-08-04T19:00:33.502Z,Muse-2E72,TP9,992,544.433594
2026-08-04T19:00:29.591Z,2026-08-04T19:00:33.502Z,Muse-2E72,TP9,993,349.609375
2026-08-04T19:00:29.591Z,2026-08-04T19:00:33.502Z,Muse-2E72,TP9,994,-564.941406
2026-08-04T19:00:29.591Z,2026-08-04T19:00:33.502Z,Muse-2E72,TP9,995,-27.343750
2026-08-04T19:00:29.591Z,2026-08-04T19:00:33.502Z,Muse-2E72,TP9,996,921.875000
2026-08-04T19:00:29.591Z,2026-08-04T19:00:33.502Z,Muse-2E72,AF7,985,-1000.000000
2026-08-04T19:00:29.591Z,2026-08-04T19:00:33.502Z,Muse-2E72,AF7,986,-99.609375
2026-08-04T19:00:29.591Z,2026-08-04T19:00:33.502Z,Muse-2E72,AF7,987,857.421875
2026-08-04T19:00:29.591Z,2026-08-04T19:00:33.502Z,Muse-2E72,AF7,988,-311.523438
2026-08-04T19:00:29.591Z,2026-08-04T19:00:33.502Z,Muse-2E72,AF7,989,-1000.000000
2026-08-04T19:00:29.591Z,2026-08-04T19:00:33.502Z,Muse-2E72,AF7,990,-381.835938
2026-08-04T19:00:29.591Z,2026-08-04T19:00:33.502Z,Muse-2E72,AF7,991,999.511719
2026-08-04T19:00:29.591Z,2026-08-04T19:00:33.502Z,Muse-2E72,AF7,992,502.929688
2026-08-04T19:00:29.591Z,2026-08-04T19:00:33.502Z,Muse-2E72,AF7,993,-997.558594
2026-08-04T19:00:29.591Z,2026-08-04T19:00:33.502Z,Muse-2E72,AF7,994,-937.500000
2026-08-04T19:00:29.591Z,2026-08-04T19:00:33.502Z,Muse-2E72,AF7,995,639.160156
2026-08-04T19:00:29.591Z,2026-08-04T19:00:33.502Z,Muse-2E72,AF7,996,312.011719
2026-08-04T19:00:29.591Z,2026-08-04T19:00:33.545Z,Muse-2E72,TP10,997,-313.964844
2026-08-04T19:00:29.591Z,2026-08-04T19:00:33.545Z,Muse-2E72,TP10,998,-956.542969
2026-08-04T19:00:29.591Z,2026-08-04T19:00:33.545Z,Muse-2E72,TP10,999,-185.058594
2026-08-04T19:00:29.591Z,2026-08-04T19:00:33.545Z,Muse-2E72,TP10,1000,870.605469
2026-08-04T19:00:29.591Z,2026-08-04T19:00:33.545Z,Muse-2E72,TP10,1001,42.480469
2026-08-04T19:00:29.591Z,2026-08-04T19:00:33.545Z,Muse-2E72,TP10,1002,-849.121094
2026-08-04T19:00:29.591Z,2026-08-04T19:00:33.545Z,Muse-2E72,TP10,1003,-703.613281
2026-08-04T19:00:29.591Z,2026-08-04T19:00:33.545Z,Muse-2E72,TP10,1004,456.542969
2026-08-04T19:00:29.591Z,2026-08-04T19:00:33.545Z,Muse-2E72,TP10,1005,505.371094
2026-08-04T19:00:29.591Z,2026-08-04T19:00:33.545Z,Muse-2E72,TP10,1006,-826.660156
2026-08-04T19:00:29.591Z,2026-08-04T19:00:33.545Z,Muse-2E72,TP10,1007,-214.355469
2026-08-04T19:00:29.591Z,2026-08-04T19:00:33.545Z,Muse-2E72,TP10,1008,999.511719
2026-08-04T19:00:29.591Z,2026-08-04T19:00:33.547Z,Muse-2E72,AF8,997,-490.722656
2026-08-04T19:00:29.591Z,2026-08-04T19:00:33.547Z,Muse-2E72,AF8,998,-471.191406
2026-08-04T19:00:29.591Z,2026-08-04T19:00:33.547Z,Muse-2E72,AF8,999,391.113281
2026-08-04T19:00:29.591Z,2026-08-04T19:00:33.547Z,Muse-2E72,AF8,1000,526.367188
2026-08-04T19:00:29.591Z,2026-08-04T19:00:33.547Z,Muse-2E72,AF8,1001,-343.261719
2026-08-04T19:00:29.591Z,2026-08-04T19:00:33.547Z,Muse-2E72,AF8,1002,-515.625000
2026-08-04T19:00:29.591Z,2026-08-04T19:00:33.547Z,Muse-2E72,AF8,1003,354.003906
2026-08-04T19:00:29.591Z,2026-08-04T19:00:33.547Z,Muse-2E72,AF8,1004,706.054688
2026-08-04T19:00:29.591Z,2026-08-04T19:00:33.547Z,Muse-2E72,AF8,1005,-205.566406
2026-08-04T19:00:29.591Z,2026-08-04T19:00:33.547Z,Muse-2E72,AF8,1006,-556.152344
2026-08-04T19:00:29.591Z,2026-08-04T19:00:33.547Z,Muse-2E72,AF8,1007,-250.000000
2026-08-04T19:00:29.591Z,2026-08-04T19:00:33.547Z,Muse-2E72,AF8,1008,471.191406
2026-08-04T19:00:29.591Z,2026-08-04T19:00:33.547Z,Muse-2E72,TP9,997,-0.976562
2026-08-04T19:00:29.591Z,2026-08-04T19:00:33.547Z,Muse-2E72,TP9,998,-827.148438
2026-08-04T19:00:29.591Z,2026-08-04T19:00:33.547Z,Muse-2E72,TP9,999,-256.347656
2026-08-04T19:00:29.591Z,2026-08-04T19:00:33.547Z,Muse-2E72,TP9,1000,890.625000
2026-08-04T19:00:29.591Z,2026-08-04T19:00:33.547Z,Muse-2E72,TP9,1001,462.890625
2026-08-04T19:00:29.591Z,2026-08-04T19:00:33.547Z,Muse-2E72,TP9,1002,-522.460938
2026-08-04T19:00:29.591Z,2026-08-04T19:00:33.547Z,Muse-2E72,TP9,1003,-723.632812
2026-08-04T19:00:29.591Z,2026-08-04T19:00:33.547Z,Muse-2E72,TP9,1004,277.343750
2026-08-04T19:00:29.591Z,2026-08-04T19:00:33.547Z,Muse-2E72,TP9,1005,792.480469
2026-08-04T19:00:29.591Z,2026-08-04T19:00:33.547Z,Muse-2E72,TP9,1006,-334.960938
2026-08-04T19:00:29.591Z,2026-08-04T19:00:33.547Z,Muse-2E72,TP9,1007,-241.699219
2026-08-04T19:00:29.591Z,2026-08-04T19:00:33.547Z,Muse-2E72,TP9,1008,770.019531
2026-08-04T19:00:29.591Z,2026-08-04T19:00:33.547Z,Muse-2E72,AF7,997,-1000.000000
2026-08-04T19:00:29.591Z,2026-08-04T19:00:33.547Z,Muse-2E72,AF7,998,-1000.000000
2026-08-04T19:00:29.591Z,2026-08-04T19:00:33.547Z,Muse-2E72,AF7,999,195.800781
2026-08-04T19:00:29.591Z,2026-08-04T19:00:33.547Z,Muse-2E72,AF7,1000,658.203125
2026-08-04T19:00:29.591Z,2026-08-04T19:00:33.547Z,Muse-2E72,AF7,1001,-816.406250
2026-08-04T19:00:29.591Z,2026-08-04T19:00:33.547Z,Muse-2E72,AF7,1002,-1000.000000
2026-08-04T19:00:29.591Z,2026-08-04T19:00:33.547Z,Muse-2E72,AF7,1003,-79.101562
2026-08-04T19:00:29.591Z,2026-08-04T19:00:33.547Z,Muse-2E72,AF7,1004,893.554688
2026-08-04T19:00:29.591Z,2026-08-04T19:00:33.547Z,Muse-2E72,AF7,1005,-344.726562
2026-08-04T19:00:29.591Z,2026-08-04T19:00:33.547Z,Muse-2E72,AF7,1006,-1000.000000
2026-08-04T19:00:29.591Z,2026-08-04T19:00:33.547Z,Muse-2E72,AF7,1007,-279.785156
2026-08-04T19:00:29.591Z,2026-08-04T19:00:33.547Z,Muse-2E72,AF7,1008,999.511719
2026-08-04T19:00:29.591Z,2026-08-04T19:00:33.590Z,Muse-2E72,TP10,1009,525.878906
2026-08-04T19:00:29.591Z,2026-08-04T19:00:33.590Z,Muse-2E72,TP10,1010,-641.113281
2026-08-04T19:00:29.591Z,2026-08-04T19:00:33.590Z,Muse-2E72,TP10,1011,-657.226562
2026-08-04T19:00:29.591Z,2026-08-04T19:00:33.590Z,Muse-2E72,TP10,1012,405.761719
2026-08-04T19:00:29.591Z,2026-08-04T19:00:33.590Z,Muse-2E72,TP10,1013,924.316406
2026-08-04T19:00:29.591Z,2026-08-04T19:00:33.590Z,Muse-2E72,TP10,1014,-406.250000
2026-08-04T19:00:29.591Z,2026-08-04T19:00:33.590Z,Muse-2E72,TP10,1015,-588.867188
2026-08-04T19:00:29.591Z,2026-08-04T19:00:33.590Z,Muse-2E72,TP10,1016,766.113281
2026-08-04T19:00:29.591Z,2026-08-04T19:00:33.590Z,Muse-2E72,TP10,1017,999.511719
2026-08-04T19:00:29.591Z,2026-08-04T19:00:33.590Z,Muse-2E72,TP10,1018,208.496094
2026-08-04T19:00:29.591Z,2026-08-04T19:00:33.590Z,Muse-2E72,TP10,1019,-892.089844
2026-08-04T19:00:29.591Z,2026-08-04T19:00:33.590Z,Muse-2E72,TP10,1020,-321.289062
2026-08-04T19:00:29.591Z,2026-08-04T19:00:33.591Z,Muse-2E72,AF8,1009,127.929688
2026-08-04T19:00:29.591Z,2026-08-04T19:00:33.591Z,Muse-2E72,AF8,1010,-549.316406
2026-08-04T19:00:29.591Z,2026-08-04T19:00:33.591Z,Muse-2E72,AF8,1011,-131.835938
2026-08-04T19:00:29.591Z,2026-08-04T19:00:33.591Z,Muse-2E72,AF8,1012,561.523438
2026-08-04T19:00:29.591Z,2026-08-04T19:00:33.591Z,Muse-2E72,AF8,1013,190.429688
2026-08-04T19:00:29.591Z,2026-08-04T19:00:33.591Z,Muse-2E72,AF8,1014,-407.714844
2026-08-04T19:00:29.591Z,2026-08-04T19:00:33.591Z,Muse-2E72,AF8,1015,-55.175781
2026-08-04T19:00:29.591Z,2026-08-04T19:00:33.591Z,Muse-2E72,AF8,1016,262.695312
2026-08-04T19:00:29.591Z,2026-08-04T19:00:33.591Z,Muse-2E72,AF8,1017,379.882812
2026-08-04T19:00:29.591Z,2026-08-04T19:00:33.591Z,Muse-2E72,AF8,1018,-297.851562
2026-08-04T19:00:29.591Z,2026-08-04T19:00:33.591Z,Muse-2E72,AF8,1019,-625.000000
2026-08-04T19:00:29.591Z,2026-08-04T19:00:33.591Z,Muse-2E72,AF8,1020,81.542969
2026-08-04T19:00:29.591Z,2026-08-04T19:00:33.606Z,Muse-2E72,TP9,1009,763.183594
2026-08-04T19:00:29.591Z,2026-08-04T19:00:33.606Z,Muse-2E72,TP9,1010,-154.296875
2026-08-04T19:00:29.591Z,2026-08-04T19:00:33.606Z,Muse-2E72,TP9,1011,-657.714844
2026-08-04T19:00:29.591Z,2026-08-04T19:00:33.606Z,Muse-2E72,TP9,1012,110.839844
2026-08-04T19:00:29.591Z,2026-08-04T19:00:33.606Z,Muse-2E72,TP9,1013,980.468750
2026-08-04T19:00:29.591Z,2026-08-04T19:00:33.606Z,Muse-2E72,TP9,1014,-48.828125
2026-08-04T19:00:29.591Z,2026-08-04T19:00:33.606Z,Muse-2E72,TP9,1015,-480.468750
2026-08-04T19:00:29.591Z,2026-08-04T19:00:33.606Z,Muse-2E72,TP9,1016,661.621094
2026-08-04T19:00:29.591Z,2026-08-04T19:00:33.606Z,Muse-2E72,TP9,1017,979.492188
2026-08-04T19:00:29.591Z,2026-08-04T19:00:33.606Z,Muse-2E72,TP9,1018,446.289062
2026-08-04T19:00:29.591Z,2026-08-04T19:00:33.606Z,Muse-2E72,TP9,1019,-613.281250
2026-08-04T19:00:29.591Z,2026-08-04T19:00:33.606Z,Muse-2E72,TP9,1020,-508.789062
2026-08-04T19:00:29.591Z,2026-08-04T19:00:33.606Z,Muse-2E72,AF7,1009,155.273438
2026-08-04T19:00:29.591Z,2026-08-04T19:00:33.606Z,Muse-2E72,AF7,1010,-1000.000000
2026-08-04T19:00:29.591Z,2026-08-04T19:00:33.606Z,Muse-2E72,AF7,1011,-737.792969
2026-08-04T19:00:29.591Z,2026-08-04T19:00:33.606Z,Muse-2E72,AF7,1012,624.023438
2026-08-04T19:00:29.591Z,2026-08-04T19:00:33.606Z,Muse-2E72,AF7,1013,327.636719
2026-08-04T19:00:29.591Z,2026-08-04T19:00:33.606Z,Muse-2E72,AF7,1014,-962.890625
2026-08-04T19:00:29.591Z,2026-08-04T19:00:33.606Z,Muse-2E72,AF7,1015,-572.753906
2026-08-04T19:00:29.591Z,2026-08-04T19:00:33.606Z,Muse-2E72,AF7,1016,305.175781
2026-08-04T19:00:29.591Z,2026-08-04T19:00:33.606Z,Muse-2E72,AF7,1017,570.312500
2026-08-04T19:00:29.591Z,2026-08-04T19:00:33.606Z,Muse-2E72,AF7,1018,-744.140625
2026-08-04T19:00:29.591Z,2026-08-04T19:00:33.606Z,Muse-2E72,AF7,1019,-1000.000000
2026-08-04T19:00:29.591Z,2026-08-04T19:00:33.606Z,Muse-2E72,AF7,1020,-138.671875
2026-08-04T19:00:29.591Z,2026-08-04T19:00:33.665Z,Muse-2E72,TP10,1021,924.316406
2026-08-04T19:00:29.591Z,2026-08-04T19:00:33.665Z,Muse-2E72,TP10,1022,400.390625
2026-08-04T19:00:29.591Z,2026-08-04T19:00:33.665Z,Muse-2E72,TP10,1023,-502.441406
2026-08-04T19:00:29.591Z,2026-08-04T19:00:33.665Z,Muse-2E72,TP10,1024,-347.167969
2026-08-04T19:00:29.591Z,2026-08-04T19:00:33.665Z,Muse-2E72,TP10,1025,637.695312
2026-08-04T19:00:29.591Z,2026-08-04T19:00:33.665Z,Muse-2E72,TP10,1026,388.183594
2026-08-04T19:00:29.591Z,2026-08-04T19:00:33.665Z,Muse-2E72,TP10,1027,-270.019531
2026-08-04T19:00:29.591Z,2026-08-04T19:00:33.665Z,Muse-2E72,TP10,1028,-610.351562
2026-08-04T19:00:29.591Z,2026-08-04T19:00:33.665Z,Muse-2E72,TP10,1029,113.769531
2026-08-04T19:00:29.591Z,2026-08-04T19:00:33.665Z,Muse-2E72,TP10,1030,808.105469
2026-08-04T19:00:29.591Z,2026-08-04T19:00:33.665Z,Muse-2E72,TP10,1031,-165.527344
2026-08-04T19:00:29.591Z,2026-08-04T19:00:33.665Z,Muse-2E72,TP10,1032,-907.226562
2026-08-04T19:00:29.591Z,2026-08-04T19:00:33.667Z,Muse-2E72,AF8,1021,510.742188
2026-08-04T19:00:29.591Z,2026-08-04T19:00:33.667Z,Muse-2E72,AF8,1022,361.328125
2026-08-04T19:00:29.591Z,2026-08-04T19:00:33.667Z,Muse-2E72,AF8,1023,-129.394531
2026-08-04T19:00:29.591Z,2026-08-04T19:00:33.667Z,Muse-2E72,AF8,1024,-242.187500
2026-08-04T19:00:29.591Z,2026-08-04T19:00:33.667Z,Muse-2E72,AF8,1025,544.433594
2026-08-04T19:00:29.591Z,2026-08-04T19:00:33.667Z,Muse-2E72,AF8,1026,725.585938
2026-08-04T19:00:29.591Z,2026-08-04T19:00:33.667Z,Muse-2E72,AF8,1027,-76.660156
2026-08-04T19:00:29.591Z,2026-08-04T19:00:33.667Z,Muse-2E72,AF8,1028,-503.906250
2026-08-04T19:00:29.591Z,2026-08-04T19:00:33.667Z,Muse-2E72,AF8,1029,442.382812
2026-08-04T19:00:29.591Z,2026-08-04T19:00:33.667Z,Muse-2E72,AF8,1030,509.765625
2026-08-04T19:00:29.591Z,2026-08-04T19:00:33.667Z,Muse-2E72,AF8,1031,-392.089844
2026-08-04T19:00:29.591Z,2026-08-04T19:00:33.667Z,Muse-2E72,AF8,1032,-623.535156
2026-08-04T19:00:29.591Z,2026-08-04T19:00:33.667Z,Muse-2E72,TP9,1021,688.476562
2026-08-04T19:00:29.591Z,2026-08-04T19:00:33.667Z,Muse-2E72,TP9,1022,503.417969
2026-08-04T19:00:29.591Z,2026-08-04T19:00:33.667Z,Muse-2E72,TP9,1023,-218.261719
2026-08-04T19:00:29.591Z,2026-08-04T19:00:33.667Z,Muse-2E72,TP9,1024,-462.890625
2026-08-04T19:00:29.591Z,2026-08-04T19:00:33.667Z,Muse-2E72,TP9,1025,187.988281
2026-08-04T19:00:29.591Z,2026-08-04T19:00:33.667Z,Muse-2E72,TP9,1026,343.261719
2026-08-04T19:00:29.591Z,2026-08-04T19:00:33.667Z,Muse-2E72,TP9,1027,-13.183594
2026-08-04T19:00:29.591Z,2026-08-04T19:00:33.667Z,Muse-2E72,TP9,1028,-532.714844
2026-08-04T19:00:29.591Z,2026-08-04T19:00:33.667Z,Muse-2E72,TP9,1029,-147.460938
2026-08-04T19:00:29.591Z,2026-08-04T19:00:33.667Z,Muse-2E72,TP9,1030,853.027344
2026-08-04T19:00:29.591Z,2026-08-04T19:00:33.667Z,Muse-2E72,TP9,1031,231.933594
2026-08-04T19:00:29.591Z,2026-08-04T19:00:33.667Z,Muse-2E72,TP9,1032,-712.890625
2026-08-04T19:00:29.591Z,2026-08-04T19:00:33.667Z,Muse-2E72,AF7,1021,858.398438
2026-08-04T19:00:29.591Z,2026-08-04T19:00:33.667Z,Muse-2E72,AF7,1022,299.316406
2026-08-04T19:00:29.591Z,2026-08-04T19:00:33.667Z,Muse-2E72,AF7,1023,-693.359375
2026-08-04T19:00:29.591Z,2026-08-04T19:00:33.667Z,Muse-2E72,AF7,1024,-624.023438
2026-08-04T19:00:29.591Z,2026-08-04T19:00:33.667Z,Muse-2E72,AF7,1025,872.558594
2026-08-04T19:00:29.591Z,2026-08-04T19:00:33.667Z,Muse-2E72,AF7,1026,729.492188
2026-08-04T19:00:29.591Z,2026-08-04T19:00:33.667Z,Muse-2E72,AF7,1027,-622.558594
2026-08-04T19:00:29.591Z,2026-08-04T19:00:33.667Z,Muse-2E72,AF7,1028,-1000.000000
2026-08-04T19:00:29.591Z,2026-08-04T19:00:33.667Z,Muse-2E72,AF7,1029,498.535156
2026-08-04T19:00:29.591Z,2026-08-04T19:00:33.667Z,Muse-2E72,AF7,1030,618.164062
2026-08-04T19:00:29.591Z,2026-08-04T19:00:33.667Z,Muse-2E72,AF7,1031,-886.230469
2026-08-04T19:00:29.591Z,2026-08-04T19:00:33.667Z,Muse-2E72,AF7,1032,-1000.000000
2026-08-04T19:00:29.591Z,2026-08-04T19:00:33.695Z,Muse-2E72,TP10,1033,-59.570312
2026-08-04T19:00:29.591Z,2026-08-04T19:00:33.695Z,Muse-2E72,TP10,1034,969.726562
2026-08-04T19:00:29.591Z,2026-08-04T19:00:33.695Z,Muse-2E72,TP10,1035,236.816406
2026-08-04T19:00:29.591Z,2026-08-04T19:00:33.695Z,Muse-2E72,TP10,1036,-865.722656
2026-08-04T19:00:29.591Z,2026-08-04T19:00:33.695Z,Muse-2E72,TP10,1037,-411.132812
2026-08-04T19:00:29.591Z,2026-08-04T19:00:33.695Z,Muse-2E72,TP10,1038,583.007812
2026-08-04T19:00:29.591Z,2026-08-04T19:00:33.695Z,Muse-2E72,TP10,1039,620.605469
2026-08-04T19:00:29.591Z,2026-08-04T19:00:33.695Z,Muse-2E72,TP10,1040,-386.718750
2026-08-04T19:00:29.591Z,2026-08-04T19:00:33.695Z,Muse-2E72,TP10,1041,-780.761719
2026-08-04T19:00:29.591Z,2026-08-04T19:00:33.695Z,Muse-2E72,TP10,1042,250.976562
2026-08-04T19:00:29.591Z,2026-08-04T19:00:33.695Z,Muse-2E72,TP10,1043,812.500000
2026-08-04T19:00:29.591Z,2026-08-04T19:00:33.695Z,Muse-2E72,TP10,1044,-285.156250
2026-08-04T19:00:29.591Z,2026-08-04T19:00:33.697Z,Muse-2E72,AF8,1033,236.816406
2026-08-04T19:00:29.591Z,2026-08-04T19:00:33.697Z,Muse-2E72,AF8,1034,575.683594
2026-08-04T19:00:29.591Z,2026-08-04T19:00:33.697Z,Muse-2E72,AF8,1035,-288.574219
2026-08-04T19:00:29.591Z,2026-08-04T19:00:33.697Z,Muse-2E72,AF8,1036,-621.093750
2026-08-04T19:00:29.591Z,2026-08-04T19:00:33.697Z,Muse-2E72,AF8,1037,137.207031
2026-08-04T19:00:29.591Z,2026-08-04T19:00:33.697Z,Muse-2E72,AF8,1038,680.175781
2026-08-04T19:00:29.591Z,2026-08-04T19:00:33.697Z,Muse-2E72,AF8,1039,-104.492188
2026-08-04T19:00:29.591Z,2026-08-04T19:00:33.697Z,Muse-2E72,AF8,1040,-534.667969
2026-08-04T19:00:29.591Z,2026-08-04T19:00:33.697Z,Muse-2E72,AF8,1041,-97.167969
2026-08-04T19:00:29.591Z,2026-08-04T19:00:33.697Z,Muse-2E72,AF8,1042,597.656250
2026-08-04T19:00:29.591Z,2026-08-04T19:00:33.697Z,Muse-2E72,AF8,1043,194.824219
2026-08-04T19:00:29.591Z,2026-08-04T19:00:33.697Z,Muse-2E72,AF8,1044,-610.351562
2026-08-04T19:00:29.591Z,2026-08-04T19:00:33.697Z,Muse-2E72,TP9,1033,-360.351562
2026-08-04T19:00:29.591Z,2026-08-04T19:00:33.697Z,Muse-2E72,TP9,1034,740.234375
2026-08-04T19:00:29.591Z,2026-08-04T19:00:33.697Z,Muse-2E72,TP9,1035,418.457031
2026-08-04T19:00:29.591Z,2026-08-04T19:00:33.697Z,Muse-2E72,TP9,1036,-635.253906
2026-08-04T19:00:29.591Z,2026-08-04T19:00:33.697Z,Muse-2E72,TP9,1037,-570.800781
2026-08-04T19:00:29.591Z,2026-08-04T19:00:33.697Z,Muse-2E72,TP9,1038,300.292969
2026-08-04T19:00:29.591Z,2026-08-04T19:00:33.697Z,Muse-2E72,TP9,1039,717.285156
2026-08-04T19:00:29.591Z,2026-08-04T19:00:33.697Z,Muse-2E72,TP9,1040,-121.093750
2026-08-04T19:00:29.591Z,2026-08-04T19:00:33.697Z,Muse-2E72,TP9,1041,-798.828125
2026-08-04T19:00:29.591Z,2026-08-04T19:00:33.697Z,Muse-2E72,TP9,1042,71.289062
2026-08-04T19:00:29.591Z,2026-08-04T19:00:33.697Z,Muse-2E72,TP9,1043,875.976562
2026-08-04T19:00:29.591Z,2026-08-04T19:00:33.697Z,Muse-2E72,TP9,1044,-58.105469
2026-08-04T19:00:29.591Z,2026-08-04T19:00:33.697Z,Muse-2E72,AF7,1033,22.460938
2026-08-04T19:00:29.591Z,2026-08-04T19:00:33.697Z,Muse-2E72,AF7,1034,724.121094
2026-08-04T19:00:29.591Z,2026-08-04T19:00:33.697Z,Muse-2E72,AF7,1035,-696.777344
2026-08-04T19:00:29.591Z,2026-08-04T19:00:33.697Z,Muse-2E72,AF7,1036,-1000.000000
2026-08-04T19:00:29.591Z,2026-08-04T19:00:33.697Z,Muse-2E72,AF7,1037,-243.652344
2026-08-04T19:00:29.591Z,2026-08-04T19:00:33.697Z,Muse-2E72,AF7,1038,999.511719
2026-08-04T19:00:29.591Z,2026-08-04T19:00:33.697Z,Muse-2E72,AF7,1039,59.570312
2026-08-04T19:00:29.591Z,2026-08-04T19:00:33.697Z,Muse-2E72,AF7,1040,-1000.000000
2026-08-04T19:00:29.591Z,2026-08-04T19:00:33.697Z,Muse-2E72,AF7,1041,-614.257812
2026-08-04T19:00:29.591Z,2026-08-04T19:00:33.697Z,Muse-2E72,AF7,1042,870.605469
2026-08-04T19:00:29.591Z,2026-08-04T19:00:33.697Z,Muse-2E72,AF7,1043,257.812500
2026-08-04T19:00:29.591Z,2026-08-04T19:00:33.697Z,Muse-2E72,AF7,1044,-1000.000000
2026-08-04T19:00:29.591Z,2026-08-04T19:00:33.740Z,Muse-2E72,TP10,1045,-1000.000000
2026-08-04T19:00:29.591Z,2026-08-04T19:00:33.740Z,Muse-2E72,TP10,1046,-166.015625
2026-08-04T19:00:29.591Z,2026-08-04T19:00:33.740Z,Muse-2E72,TP10,1047,999.511719
2026-08-04T19:00:29.591Z,2026-08-04T19:00:33.740Z,Muse-2E72,TP10,1048,-130.371094
2026-08-04T19:00:29.591Z,2026-08-04T19:00:33.740Z,Muse-2E72,TP10,1049,-652.343750
2026-08-04T19:00:29.591Z,2026-08-04T19:00:33.740Z,Muse-2E72,TP10,1050,405.273438
2026-08-04T19:00:29.591Z,2026-08-04T19:00:33.740Z,Muse-2E72,TP10,1051,955.078125
2026-08-04T19:00:29.591Z,2026-08-04T19:00:33.740Z,Muse-2E72,TP10,1052,256.347656
2026-08-04T19:00:29.591Z,2026-08-04T19:00:33.740Z,Muse-2E72,TP10,1053,-981.445312
2026-08-04T19:00:29.591Z,2026-08-04T19:00:33.740Z,Muse-2E72,TP10,1054,-115.722656
2026-08-04T19:00:29.591Z,2026-08-04T19:00:33.740Z,Muse-2E72,TP10,1055,999.511719
2026-08-04T19:00:29.591Z,2026-08-04T19:00:33.740Z,Muse-2E72,TP10,1056,384.277344
2026-08-04T19:00:29.591Z,2026-08-04T19:00:33.742Z,Muse-2E72,AF8,1045,-184.570312
2026-08-04T19:00:29.591Z,2026-08-04T19:00:33.742Z,Muse-2E72,AF8,1046,698.242188
2026-08-04T19:00:29.591Z,2026-08-04T19:00:33.742Z,Muse-2E72,AF8,1047,366.699219
2026-08-04T19:00:29.591Z,2026-08-04T19:00:33.742Z,Muse-2E72,AF8,1048,-405.761719
2026-08-04T19:00:29.591Z,2026-08-04T19:00:33.742Z,Muse-2E72,AF8,1049,-305.175781
2026-08-04T19:00:29.591Z,2026-08-04T19:00:33.742Z,Muse-2E72,AF8,1050,469.238281
2026-08-04T19:00:29.591Z,2026-08-04T19:00:33.742Z,Muse-2E72,AF8,1051,595.214844
2026-08-04T19:00:29.591Z,2026-08-04T19:00:33.742Z,Muse-2E72,AF8,1052,-253.906250
2026-08-04T19:00:29.591Z,2026-08-04T19:00:33.742Z,Muse-2E72,AF8,1053,63.476562
2026-08-04T19:00:29.591Z,2026-08-04T19:00:33.742Z,Muse-2E72,AF8,1054,585.449219
2026-08-04T19:00:29.591Z,2026-08-04T19:00:33.742Z,Muse-2E72,AF8,1055,516.601562
2026-08-04T19:00:29.591Z,2026-08-04T19:00:33.742Z,Muse-2E72,AF8,1056,85.449219
2026-08-04T19:00:29.591Z,2026-08-04T19:00:33.742Z,Muse-2E72,TP9,1045,-1000.000000
2026-08-04T19:00:29.591Z,2026-08-04T19:00:33.742Z,Muse-2E72,TP9,1046,-237.304688
2026-08-04T19:00:29.591Z,2026-08-04T19:00:33.742Z,Muse-2E72,TP9,1047,999.511719
2026-08-04T19:00:29.591Z,2026-08-04T19:00:33.742Z,Muse-2E72,TP9,1048,284.179688
2026-08-04T19:00:29.591Z,2026-08-04T19:00:33.742Z,Muse-2E72,TP9,1049,-469.726562
2026-08-04T19:00:29.591Z,2026-08-04T19:00:33.742Z,Muse-2E72,TP9,1050,222.167969
2026-08-04T19:00:29.591Z,2026-08-04T19:00:33.742Z,Muse-2E72,TP9,1051,816.894531
2026-08-04T19:00:29.591Z,2026-08-04T19:00:33.742Z,Muse-2E72,TP9,1052,544.433594
2026-08-04T19:00:29.591Z,2026-08-04T19:00:33.742Z,Muse-2E72,TP9,1053,-579.589844
2026-08-04T19:00:29.591Z,2026-08-04T19:00:33.742Z,Muse-2E72,TP9,1054,-181.152344
2026-08-04T19:00:29.591Z,2026-08-04T19:00:33.742Z,Muse-2E72,TP9,1055,888.671875
2026-08-04T19:00:29.591Z,2026-08-04T19:00:33.742Z,Muse-2E72,TP9,1056,761.230469
2026-08-04T19:00:29.591Z,2026-08-04T19:00:33.742Z,Muse-2E72,AF7,1045,-746.093750
2026-08-04T19:00:29.591Z,2026-08-04T19:00:33.742Z,Muse-2E72,AF7,1046,795.410156
2026-08-04T19:00:29.591Z,2026-08-04T19:00:33.742Z,Muse-2E72,AF7,1047,526.855469
2026-08-04T19:00:29.591Z,2026-08-04T19:00:33.742Z,Muse-2E72,AF7,1048,-923.828125
2026-08-04T19:00:29.591Z,2026-08-04T19:00:33.742Z,Muse-2E72,AF7,1049,-1000.000000
2026-08-04T19:00:29.591Z,2026-08-04T19:00:33.742Z,Muse-2E72,AF7,1050,67.871094
2026-08-04T19:00:29.591Z,2026-08-04T19:00:33.742Z,Muse-2E72,AF7,1051,839.843750
2026-08-04T19:00:29.591Z,2026-08-04T19:00:33.742Z,Muse-2E72,AF7,1052,-642.089844
2026-08-04T19:00:29.591Z,2026-08-04T19:00:33.742Z,Muse-2E72,AF7,1053,-558.105469
2026-08-04T19:00:29.591Z,2026-08-04T19:00:33.742Z,Muse-2E72,AF7,1054,552.734375
2026-08-04T19:00:29.591Z,2026-08-04T19:00:33.742Z,Muse-2E72,AF7,1055,987.304688
2026-08-04T19:00:29.591Z,2026-08-04T19:00:33.742Z,Muse-2E72,AF7,1056,146.484375
2026-08-04T19:00:29.591Z,2026-08-04T19:00:33.785Z,Muse-2E72,TP10,1057,-709.472656
2026-08-04T19:00:29.591Z,2026-08-04T19:00:33.785Z,Muse-2E72,TP10,1058,-853.027344
2026-08-04T19:00:29.591Z,2026-08-04T19:00:33.785Z,Muse-2E72,TP10,1059,236.328125
2026-08-04T19:00:29.591Z,2026-08-04T19:00:33.785Z,Muse-2E72,TP10,1060,621.093750
2026-08-04T19:00:29.591Z,2026-08-04T19:00:33.785Z,Muse-2E72,TP10,1061,-569.824219
2026-08-04T19:00:29.591Z,2026-08-04T19:00:33.785Z,Muse-2E72,TP10,1062,-892.578125
2026-08-04T19:00:29.591Z,2026-08-04T19:00:33.785Z,Muse-2E72,TP10,1063,74.218750
2026-08-04T19:00:29.591Z,2026-08-04T19:00:33.785Z,Muse-2E72,TP10,1064,729.492188
2026-08-04T19:00:29.591Z,2026-08-04T19:00:33.785Z,Muse-2E72,TP10,1065,56.640625
2026-08-04T19:00:29.591Z,2026-08-04T19:00:33.785Z,Muse-2E72,TP10,1066,-429.687500
2026-08-04T19:00:29.591Z,2026-08-04T19:00:33.785Z,Muse-2E72,TP10,1067,-179.687500
2026-08-04T19:00:29.591Z,2026-08-04T19:00:33.785Z,Muse-2E72,TP10,1068,923.339844
2026-08-04T19:00:29.591Z,2026-08-04T19:00:33.787Z,Muse-2E72,AF8,1057,-586.914062
2026-08-04T19:00:29.591Z,2026-08-04T19:00:33.787Z,Muse-2E72,AF8,1058,-298.339844
2026-08-04T19:00:29.591Z,2026-08-04T19:00:33.787Z,Muse-2E72,AF8,1059,476.074219
2026-08-04T19:00:29.591Z,2026-08-04T19:00:33.787Z,Muse-2E72,AF8,1060,279.785156
2026-08-04T19:00:29.591Z,2026-08-04T19:00:33.787Z,Muse-2E72,AF8,1061,-310.058594
2026-08-04T19:00:29.591Z,2026-08-04T19:00:33.787Z,Muse-2E72,AF8,1062,-456.054688
2026-08-04T19:00:29.591Z,2026-08-04T19:00:33.787Z,Muse-2E72,AF8,1063,209.960938
2026-08-04T19:00:29.591Z,2026-08-04T19:00:33.787Z,Muse-2E72,AF8,1064,594.238281
2026-08-04T19:00:29.591Z,2026-08-04T19:00:33.787Z,Muse-2E72,AF8,1065,166.992188
2026-08-04T19:00:29.591Z,2026-08-04T19:00:33.787Z,Muse-2E72,AF8,1066,-427.246094
2026-08-04T19:00:29.591Z,2026-08-04T19:00:33.787Z,Muse-2E72,AF8,1067,141.601562
2026-08-04T19:00:29.591Z,2026-08-04T19:00:33.787Z,Muse-2E72,AF8,1068,681.640625
2026-08-04T19:00:29.591Z,2026-08-04T19:00:33.787Z,Muse-2E72,TP9,1057,-126.464844
2026-08-04T19:00:29.591Z,2026-08-04T19:00:33.787Z,Muse-2E72,TP9,1058,-812.011719
2026-08-04T19:00:29.591Z,2026-08-04T19:00:33.787Z,Muse-2E72,TP9,1059,27.343750
2026-08-04T19:00:29.591Z,2026-08-04T19:00:33.787Z,Muse-2E72,TP9,1060,855.468750
2026-08-04T19:00:29.591Z,2026-08-04T19:00:33.787Z,Muse-2E72,TP9,1061,127.441406
2026-08-04T19:00:29.591Z,2026-08-04T19:00:33.787Z,Muse-2E72,TP9,1062,-538.085938
2026-08-04T19:00:29.591Z,2026-08-04T19:00:33.787Z,Muse-2E72,TP9,1063,-24.902344
2026-08-04T19:00:29.591Z,2026-08-04T19:00:33.787Z,Muse-2E72,TP9,1064,674.316406
2026-08-04T19:00:29.591Z,2026-08-04T19:00:33.787Z,Muse-2E72,TP9,1065,281.738281
2026-08-04T19:00:29.591Z,2026-08-04T19:00:33.787Z,Muse-2E72,TP9,1066,-120.605469
2026-08-04T19:00:29.591Z,2026-08-04T19:00:33.787Z,Muse-2E72,TP9,1067,-170.410156
2026-08-04T19:00:29.591Z,2026-08-04T19:00:33.787Z,Muse-2E72,TP9,1068,756.835938
2026-08-04T19:00:29.591Z,2026-08-04T19:00:33.787Z,Muse-2E72,AF7,1057,-1000.000000
2026-08-04T19:00:29.591Z,2026-08-04T19:00:33.787Z,Muse-2E72,AF7,1058,-853.027344
2026-08-04T19:00:29.591Z,2026-08-04T19:00:33.787Z,Muse-2E72,AF7,1059,621.582031
2026-08-04T19:00:29.591Z,2026-08-04T19:00:33.787Z,Muse-2E72,AF7,1060,309.082031
2026-08-04T19:00:29.591Z,2026-08-04T19:00:33.787Z,Muse-2E72,AF7,1061,-914.550781
2026-08-04T19:00:29.591Z,2026-08-04T19:00:33.787Z,Muse-2E72,AF7,1062,-1000.000000
2026-08-04T19:00:29.591Z,2026-08-04T19:00:33.787Z,Muse-2E72,AF7,1063,89.355469
2026-08-04T19:00:29.591Z,2026-08-04T19:00:33.787Z,Muse-2E72,AF7,1064,660.644531
2026-08-04T19:00:29.591Z,2026-08-04T19:00:33.787Z,Muse-2E72,AF7,1065,-386.230469
2026-08-04T19:00:29.591Z,2026-08-04T19:00:33.787Z,Muse-2E72,AF7,1066,-1000.000000
2026-08-04T19:00:29.591Z,2026-08-04T19:00:33.787Z,Muse-2E72,AF7,1067,-129.394531
2026-08-04T19:00:29.591Z,2026-08-04T19:00:33.787Z,Muse-2E72,AF7,1068,858.886719
2026-08-04T19:00:29.591Z,2026-08-04T19:00:33.832Z,Muse-2E72,TP10,1069,295.898438
2026-08-04T19:00:29.591Z,2026-08-04T19:00:33.832Z,Muse-2E72,TP10,1070,-914.550781
2026-08-04T19:00:29.591Z,2026-08-04T19:00:33.832Z,Muse-2E72,TP10,1071,-576.171875
2026-08-04T19:00:29.591Z,2026-08-04T19:00:33.832Z,Muse-2E72,TP10,1072,544.433594
2026-08-04T19:00:29.591Z,2026-08-04T19:00:33.832Z,Muse-2E72,TP10,1073,466.796875
2026-08-04T19:00:29.591Z,2026-08-04T19:00:33.832Z,Muse-2E72,TP10,1074,-702.636719
2026-08-04T19:00:29.591Z,2026-08-04T19:00:33.832Z,Muse-2E72,TP10,1075,-770.019531
2026-08-04T19:00:29.591Z,2026-08-04T19:00:33.832Z,Muse-2E72,TP10,1076,-192.871094
2026-08-04T19:00:29.591Z,2026-08-04T19:00:33.832Z,Muse-2E72,TP10,1077,491.699219
2026-08-04T19:00:29.591Z,2026-08-04T19:00:33.832Z,Muse-2E72,TP10,1078,-41.015625
2026-08-04T19:00:29.591Z,2026-08-04T19:00:33.832Z,Muse-2E72,TP10,1079,-869.140625
2026-08-04T19:00:29.591Z,2026-08-04T19:00:33.832Z,Muse-2E72,TP10,1080,65.917969
2026-08-04T19:00:29.591Z,2026-08-04T19:00:33.832Z,Muse-2E72,AF8,1069,-164.062500
2026-08-04T19:00:29.591Z,2026-08-04T19:00:33.832Z,Muse-2E72,AF8,1070,-615.722656
2026-08-04T19:00:29.591Z,2026-08-04T19:00:33.832Z,Muse-2E72,AF8,1071,-140.625000
2026-08-04T19:00:29.591Z,2026-08-04T19:00:33.832Z,Muse-2E72,AF8,1072,699.707031
2026-08-04T19:00:29.591Z,2026-08-04T19:00:33.832Z,Muse-2E72,AF8,1073,149.414062
2026-08-04T19:00:29.591Z,2026-08-04T19:00:33.832Z,Muse-2E72,AF8,1074,-600.097656
2026-08-04T19:00:29.591Z,2026-08-04T19:00:33.832Z,Muse-2E72,AF8,1075,-298.339844
2026-08-04T19:00:29.591Z,2026-08-04T19:00:33.832Z,Muse-2E72,AF8,1076,707.031250
2026-08-04T19:00:29.591Z,2026-08-04T19:00:33.832Z,Muse-2E72,AF8,1077,412.109375
2026-08-04T19:00:29.591Z,2026-08-04T19:00:33.832Z,Muse-2E72,AF8,1078,-586.425781
2026-08-04T19:00:29.591Z,2026-08-04T19:00:33.832Z,Muse-2E72,AF8,1079,-543.457031
2026-08-04T19:00:29.591Z,2026-08-04T19:00:33.832Z,Muse-2E72,AF8,1080,166.015625
2026-08-04T19:00:29.591Z,2026-08-04T19:00:33.832Z,Muse-2E72,TP9,1069,507.812500
2026-08-04T19:00:29.591Z,2026-08-04T19:00:33.832Z,Muse-2E72,TP9,1070,-572.265625
2026-08-04T19:00:29.591Z,2026-08-04T19:00:33.832Z,Muse-2E72,TP9,1071,-661.132812
2026-08-04T19:00:29.591Z,2026-08-04T19:00:33.832Z,Muse-2E72,TP9,1072,149.902344
2026-08-04T19:00:29.591Z,2026-08-04T19:00:33.832Z,Muse-2E72,TP9,1073,797.851562
2026-08-04T19:00:29.591Z,2026-08-04T19:00:33.832Z,Muse-2E72,TP9,1074,-97.656250
2026-08-04T19:00:29.591Z,2026-08-04T19:00:33.832Z,Muse-2E72,TP9,1075,-733.398438
2026-08-04T19:00:29.591Z,2026-08-04T19:00:33.832Z,Muse-2E72,TP9,1076,-388.671875
2026-08-04T19:00:29.591Z,2026-08-04T19:00:33.832Z,Muse-2E72,TP9,1077,562.988281
2026-08-04T19:00:29.591Z,2026-08-04T19:00:33.832Z,Muse-2E72,TP9,1078,478.515625
2026-08-04T19:00:29.591Z,2026-08-04T19:00:33.832Z,Muse-2E72,TP9,1079,-582.031250
2026-08-04T19:00:29.591Z,2026-08-04T19:00:33.832Z,Muse-2E72,TP9,1080,-99.609375
2026-08-04T19:00:29.591Z,2026-08-04T19:00:33.833Z,Muse-2E72,AF7,1069,-515.136719
2026-08-04T19:00:29.591Z,2026-08-04T19:00:33.833Z,Muse-2E72,AF7,1070,-1000.000000
2026-08-04T19:00:29.591Z,2026-08-04T19:00:33.833Z,Muse-2E72,AF7,1071,-424.804688
2026-08-04T19:00:29.591Z,2026-08-04T19:00:33.833Z,Muse-2E72,AF7,1072,955.566406
2026-08-04T19:00:29.591Z,2026-08-04T19:00:33.833Z,Muse-2E72,AF7,1073,130.859375
2026-08-04T19:00:29.591Z,2026-08-04T19:00:33.833Z,Muse-2E72,AF7,1074,-1000.000000
2026-08-04T19:00:29.591Z,2026-08-04T19:00:33.833Z,Muse-2E72,AF7,1075,-882.324219
2026-08-04T19:00:29.591Z,2026-08-04T19:00:33.833Z,Muse-2E72,AF7,1076,544.921875
2026-08-04T19:00:29.591Z,2026-08-04T19:00:33.833Z,Muse-2E72,AF7,1077,310.058594
2026-08-04T19:00:29.591Z,2026-08-04T19:00:33.833Z,Muse-2E72,AF7,1078,-1000.000000
2026-08-04T19:00:29.591Z,2026-08-04T19:00:33.833Z,Muse-2E72,AF7,1079,-1000.000000
2026-08-04T19:00:29.591Z,2026-08-04T19:00:33.833Z,Muse-2E72,AF7,1080,62.988281
2026-08-04T19:00:29.591Z,2026-08-04T19:00:33.875Z,Muse-2E72,TP10,1081,965.820312
2026-08-04T19:00:29.591Z,2026-08-04T19:00:33.875Z,Muse-2E72,TP10,1082,16.113281
2026-08-04T19:00:29.591Z,2026-08-04T19:00:33.875Z,Muse-2E72,TP10,1083,-892.089844
2026-08-04T19:00:29.591Z,2026-08-04T19:00:33.875Z,Muse-2E72,TP10,1084,-130.859375
2026-08-04T19:00:29.591Z,2026-08-04T19:00:33.875Z,Muse-2E72,TP10,1085,999.511719
2026-08-04T19:00:29.591Z,2026-08-04T19:00:33.875Z,Muse-2E72,TP10,1086,384.277344
2026-08-04T19:00:29.591Z,2026-08-04T19:00:33.875Z,Muse-2E72,TP10,1087,-947.265625
2026-08-04T19:00:29.591Z,2026-08-04T19:00:33.875Z,Muse-2E72,TP10,1088,-499.511719
2026-08-04T19:00:29.591Z,2026-08-04T19:00:33.875Z,Muse-2E72,TP10,1089,887.207031
2026-08-04T19:00:29.591Z,2026-08-04T19:00:33.875Z,Muse-2E72,TP10,1090,763.671875
2026-08-04T19:00:29.591Z,2026-08-04T19:00:33.875Z,Muse-2E72,TP10,1091,-421.875000
2026-08-04T19:00:29.591Z,2026-08-04T19:00:33.875Z,Muse-2E72,TP10,1092,-896.972656
2026-08-04T19:00:29.591Z,2026-08-04T19:00:33.877Z,Muse-2E72,AF8,1081,458.007812
2026-08-04T19:00:29.591Z,2026-08-04T19:00:33.877Z,Muse-2E72,AF8,1082,-295.410156
2026-08-04T19:00:29.591Z,2026-08-04T19:00:33.877Z,Muse-2E72,AF8,1083,-543.457031
2026-08-04T19:00:29.591Z,2026-08-04T19:00:33.877Z,Muse-2E72,AF8,1084,188.964844
2026-08-04T19:00:29.591Z,2026-08-04T19:00:33.877Z,Muse-2E72,AF8,1085,622.070312
2026-08-04T19:00:29.591Z,2026-08-04T19:00:33.877Z,Muse-2E72,AF8,1086,-193.847656
2026-08-04T19:00:29.591Z,2026-08-04T19:00:33.877Z,Muse-2E72,AF8,1087,-554.199219
2026-08-04T19:00:29.591Z,2026-08-04T19:00:33.877Z,Muse-2E72,AF8,1088,227.539062
2026-08-04T19:00:29.591Z,2026-08-04T19:00:33.877Z,Muse-2E72,AF8,1089,631.835938
2026-08-04T19:00:29.591Z,2026-08-04T19:00:33.877Z,Muse-2E72,AF8,1090,44.921875
2026-08-04T19:00:29.591Z,2026-08-04T19:00:33.877Z,Muse-2E72,AF8,1091,-547.851562
2026-08-04T19:00:29.591Z,2026-08-04T19:00:33.877Z,Muse-2E72,AF8,1092,-466.308594
2026-08-04T19:00:29.591Z,2026-08-04T19:00:33.877Z,Muse-2E72,TP9,1081,916.015625
2026-08-04T19:00:29.591Z,2026-08-04T19:00:33.877Z,Muse-2E72,TP9,1082,421.386719
2026-08-04T19:00:29.591Z,2026-08-04T19:00:33.877Z,Muse-2E72,TP9,1083,-555.664062
2026-08-04T19:00:29.591Z,2026-08-04T19:00:33.877Z,Muse-2E72,TP9,1084,-219.238281
2026-08-04T19:00:29.591Z,2026-08-04T19:00:33.877Z,Muse-2E72,TP9,1085,817.382812
2026-08-04T19:00:29.591Z,2026-08-04T19:00:33.877Z,Muse-2E72,TP9,1086,703.613281
2026-08-04T19:00:29.591Z,2026-08-04T19:00:33.877Z,Muse-2E72,TP9,1087,-492.187500
2026-08-04T19:00:29.591Z,2026-08-04T19:00:33.877Z,Muse-2E72,TP9,1088,-417.968750
2026-08-04T19:00:29.591Z,2026-08-04T19:00:33.877Z,Muse-2E72,TP9,1089,839.843750
2026-08-04T19:00:29.591Z,2026-08-04T19:00:33.877Z,Muse-2E72,TP9,1090,841.308594
2026-08-04T19:00:29.591Z,2026-08-04T19:00:33.877Z,Muse-2E72,TP9,1091,-58.593750
2026-08-04T19:00:29.591Z,2026-08-04T19:00:33.877Z,Muse-2E72,TP9,1092,-789.550781
2026-08-04T19:00:29.591Z,2026-08-04T19:00:33.877Z,Muse-2E72,AF7,1081,689.453125
2026-08-04T19:00:29.591Z,2026-08-04T19:00:33.877Z,Muse-2E72,AF7,1082,-748.046875
2026-08-04T19:00:29.591Z,2026-08-04T19:00:33.877Z,Muse-2E72,AF7,1083,-1000.000000
2026-08-04T19:00:29.591Z,2026-08-04T19:00:33.877Z,Muse-2E72,AF7,1084,53.710938
2026-08-04T19:00:29.591Z,2026-08-04T19:00:33.877Z,Muse-2E72,AF7,1085,999.511719
2026-08-04T19:00:29.591Z,2026-08-04T19:00:33.877Z,Muse-2E72,AF7,1086,-315.429688
2026-08-04T19:00:29.591Z,2026-08-04T19:00:33.877Z,Muse-2E72,AF7,1087,-1000.000000
2026-08-04T19:00:29.591Z,2026-08-04T19:00:33.877Z,Muse-2E72,AF7,1088,-39.062500
2026-08-04T19:00:29.591Z,2026-08-04T19:00:33.877Z,Muse-2E72,AF7,1089,999.511719
2026-08-04T19:00:29.591Z,2026-08-04T19:00:33.877Z,Muse-2E72,AF7,1090,145.996094
2026-08-04T19:00:29.591Z,2026-08-04T19:00:33.877Z,Muse-2E72,AF7,1091,-1000.000000
2026-08-04T19:00:29.591Z,2026-08-04T19:00:33.877Z,Muse-2E72,AF7,1092,-986.328125
2026-08-04T19:00:29.591Z,2026-08-04T19:00:33.920Z,Muse-2E72,TP10,1093,151.855469
2026-08-04T19:00:29.591Z,2026-08-04T19:00:33.920Z,Muse-2E72,TP10,1094,838.867188
2026-08-04T19:00:29.591Z,2026-08-04T19:00:33.920Z,Muse-2E72,TP10,1095,-136.718750
2026-08-04T19:00:29.591Z,2026-08-04T19:00:33.920Z,Muse-2E72,TP10,1096,-633.300781
2026-08-04T19:00:29.591Z,2026-08-04T19:00:33.920Z,Muse-2E72,TP10,1097,38.085938
2026-08-04T19:00:29.591Z,2026-08-04T19:00:33.920Z,Muse-2E72,TP10,1098,998.535156
2026-08-04T19:00:29.591Z,2026-08-04T19:00:33.920Z,Muse-2E72,TP10,1099,-28.808594
2026-08-04T19:00:29.591Z,2026-08-04T19:00:33.920Z,Muse-2E72,TP10,1100,-626.464844
2026-08-04T19:00:29.591Z,2026-08-04T19:00:33.920Z,Muse-2E72,TP10,1101,266.601562
2026-08-04T19:00:29.591Z,2026-08-04T19:00:33.920Z,Muse-2E72,TP10,1102,929.687500
2026-08-04T19:00:29.591Z,2026-08-04T19:00:33.920Z,Muse-2E72,TP10,1103,402.343750
2026-08-04T19:00:29.591Z,2026-08-04T19:00:33.920Z,Muse-2E72,TP10,1104,-795.410156
2026-08-04T19:00:29.591Z,2026-08-04T19:00:33.922Z,Muse-2E72,AF8,1093,324.218750
2026-08-04T19:00:29.591Z,2026-08-04T19:00:33.922Z,Muse-2E72,AF8,1094,237.792969
2026-08-04T19:00:29.591Z,2026-08-04T19:00:33.922Z,Muse-2E72,AF8,1095,-224.121094
2026-08-04T19:00:29.591Z,2026-08-04T19:00:33.922Z,Muse-2E72,AF8,1096,-322.265625
2026-08-04T19:00:29.591Z,2026-08-04T19:00:33.922Z,Muse-2E72,AF8,1097,123.046875
2026-08-04T19:00:29.591Z,2026-08-04T19:00:33.922Z,Muse-2E72,AF8,1098,394.531250
2026-08-04T19:00:29.591Z,2026-08-04T19:00:33.922Z,Muse-2E72,AF8,1099,410.156250
2026-08-04T19:00:29.591Z,2026-08-04T19:00:33.922Z,Muse-2E72,AF8,1100,211.914062
2026-08-04T19:00:29.591Z,2026-08-04T19:00:33.922Z,Muse-2E72,AF8,1101,-148.925781
2026-08-04T19:00:29.591Z,2026-08-04T19:00:33.922Z,Muse-2E72,AF8,1102,551.757812
2026-08-04T19:00:29.591Z,2026-08-04T19:00:33.922Z,Muse-2E72,AF8,1103,-49.316406
2026-08-04T19:00:29.591Z,2026-08-04T19:00:33.922Z,Muse-2E72,AF8,1104,-645.019531
2026-08-04T19:00:29.591Z,2026-08-04T19:00:33.922Z,Muse-2E72,TP9,1093,-49.316406
2026-08-04T19:00:29.591Z,2026-08-04T19:00:33.922Z,Muse-2E72,TP9,1094,855.468750
2026-08-04T19:00:29.591Z,2026-08-04T19:00:33.922Z,Muse-2E72,TP9,1095,331.054688
2026-08-04T19:00:29.591Z,2026-08-04T19:00:33.922Z,Muse-2E72,TP9,1096,-304.687500
2026-08-04T19:00:29.591Z,2026-08-04T19:00:33.922Z,Muse-2E72,TP9,1097,-120.117188
2026-08-04T19:00:29.591Z,2026-08-04T19:00:33.922Z,Muse-2E72,TP9,1098,886.718750
2026-08-04T19:00:29.591Z,2026-08-04T19:00:33.922Z,Muse-2E72,TP9,1099,40.527344
2026-08-04T19:00:29.591Z,2026-08-04T19:00:33.922Z,Muse-2E72,TP9,1100,-437.011719
2026-08-04T19:00:29.591Z,2026-08-04T19:00:33.922Z,Muse-2E72,TP9,1101,185.058594
2026-08-04T19:00:29.591Z,2026-08-04T19:00:33.922Z,Muse-2E72,TP9,1102,654.785156
2026-08-04T19:00:29.591Z,2026-08-04T19:00:33.922Z,Muse-2E72,TP9,1103,723.144531
2026-08-04T19:00:29.591Z,2026-08-04T19:00:33.922Z,Muse-2E72,TP9,1104,-269.531250
2026-08-04T19:00:29.591Z,2026-08-04T19:00:33.922Z,Muse-2E72,AF7,1093,420.410156
2026-08-04T19:00:29.591Z,2026-08-04T19:00:33.922Z,Muse-2E72,AF7,1094,432.617188
2026-08-04T19:00:29.591Z,2026-08-04T19:00:33.922Z,Muse-2E72,AF7,1095,-736.328125
2026-08-04T19:00:29.591Z,2026-08-04T19:00:33.922Z,Muse-2E72,AF7,1096,-1000.000000
2026-08-04T19:00:29.591Z,2026-08-04T19:00:33.922Z,Muse-2E72,AF7,1097,37.109375
2026-08-04T19:00:29.591Z,2026-08-04T19:00:33.922Z,Muse-2E72,AF7,1098,570.800781
2026-08-04T19:00:29.591Z,2026-08-04T19:00:33.922Z,Muse-2E72,AF7,1099,-67.871094
2026-08-04T19:00:29.591Z,2026-08-04T19:00:33.922Z,Muse-2E72,AF7,1100,-295.410156
2026-08-04T19:00:29.591Z,2026-08-04T19:00:33.922Z,Muse-2E72,AF7,1101,-294.921875
2026-08-04T19:00:29.591Z,2026-08-04T19:00:33.922Z,Muse-2E72,AF7,1102,976.562500
2026-08-04T19:00:29.591Z,2026-08-04T19:00:33.922Z,Muse-2E72,AF7,1103,-35.156250
2026-08-04T19:00:29.591Z,2026-08-04T19:00:33.922Z,Muse-2E72,AF7,1104,-1000.000000
2026-08-04T19:00:29.591Z,2026-08-04T19:00:33.964Z,Muse-2E72,TP10,1105,-625.000000
2026-08-04T19:00:29.591Z,2026-08-04T19:00:33.964Z,Muse-2E72,TP10,1106,454.589844
2026-08-04T19:00:29.591Z,2026-08-04T19:00:33.964Z,Muse-2E72,TP10,1107,695.312500
2026-08-04T19:00:29.591Z,2026-08-04T19:00:33.964Z,Muse-2E72,TP10,1108,-341.796875
2026-08-04T19:00:29.591Z,2026-08-04T19:00:33.964Z,Muse-2E72,TP10,1109,-715.820312
2026-08-04T19:00:29.591Z,2026-08-04T19:00:33.964Z,Muse-2E72,TP10,1110,123.046875
2026-08-04T19:00:29.591Z,2026-08-04T19:00:33.964Z,Muse-2E72,TP10,1111,491.699219
2026-08-04T19:00:29.591Z,2026-08-04T19:00:33.964Z,Muse-2E72,TP10,1112,397.949219
2026-08-04T19:00:29.591Z,2026-08-04T19:00:33.964Z,Muse-2E72,TP10,1113,-365.234375
2026-08-04T19:00:29.591Z,2026-08-04T19:00:33.964Z,Muse-2E72,TP10,1114,-65.429688
2026-08-04T19:00:29.591Z,2026-08-04T19:00:33.964Z,Muse-2E72,TP10,1115,999.511719
2026-08-04T19:00:29.591Z,2026-08-04T19:00:33.964Z,Muse-2E72,TP10,1116,302.246094
2026-08-04T19:00:29.591Z,2026-08-04T19:00:33.966Z,Muse-2E72,AF8,1105,-324.707031
2026-08-04T19:00:29.591Z,2026-08-04T19:00:33.966Z,Muse-2E72,AF8,1106,581.054688
2026-08-04T19:00:29.591Z,2026-08-04T19:00:33.966Z,Muse-2E72,AF8,1107,334.472656
2026-08-04T19:00:29.591Z,2026-08-04T19:00:33.966Z,Muse-2E72,AF8,1108,-549.316406
2026-08-04T19:00:29.591Z,2026-08-04T19:00:33.966Z,Muse-2E72,AF8,1109,-566.894531
2026-08-04T19:00:29.591Z,2026-08-04T19:00:33.966Z,Muse-2E72,AF8,1110,412.597656
2026-08-04T19:00:29.591Z,2026-08-04T19:00:33.966Z,Muse-2E72,AF8,1111,562.500000
2026-08-04T19:00:29.591Z,2026-08-04T19:00:33.966Z,Muse-2E72,AF8,1112,-614.746094
2026-08-04T19:00:29.591Z,2026-08-04T19:00:33.966Z,Muse-2E72,AF8,1113,-679.199219
2026-08-04T19:00:29.591Z,2026-08-04T19:00:33.966Z,Muse-2E72,AF8,1114,138.183594
2026-08-04T19:00:29.591Z,2026-08-04T19:00:33.966Z,Muse-2E72,AF8,1115,488.281250
2026-08-04T19:00:29.591Z,2026-08-04T19:00:33.966Z,Muse-2E72,AF8,1116,-309.082031
2026-08-04T19:00:29.591Z,2026-08-04T19:00:33.981Z,Muse-2E72,TP9,1105,-749.511719
2026-08-04T19:00:29.591Z,2026-08-04T19:00:33.981Z,Muse-2E72,TP9,1106,31.738281
2026-08-04T19:00:29.591Z,2026-08-04T19:00:33.981Z,Muse-2E72,TP9,1107,723.632812
2026-08-04T19:00:29.591Z,2026-08-04T19:00:33.981Z,Muse-2E72,TP9,1108,-43.945312
2026-08-04T19:00:29.591Z,2026-08-04T19:00:33.981Z,Muse-2E72,TP9,1109,-669.921875
2026-08-04T19:00:29.591Z,2026-08-04T19:00:33.981Z,Muse-2E72,TP9,1110,-118.652344
2026-08-04T19:00:29.591Z,2026-08-04T19:00:33.981Z,Muse-2E72,TP9,1111,387.207031
2026-08-04T19:00:29.591Z,2026-08-04T19:00:33.981Z,Muse-2E72,TP9,1112,629.882812
2026-08-04T19:00:29.591Z,2026-08-04T19:00:33.981Z,Muse-2E72,TP9,1113,-105.468750
2026-08-04T19:00:29.591Z,2026-08-04T19:00:33.981Z,Muse-2E72,TP9,1114,-255.859375
2026-08-04T19:00:29.591Z,2026-08-04T19:00:33.981Z,Muse-2E72,TP9,1115,893.554688
2026-08-04T19:00:29.591Z,2026-08-04T19:00:33.981Z,Muse-2E72,TP9,1116,515.625000
2026-08-04T19:00:29.591Z,2026-08-04T19:00:33.981Z,Muse-2E72,AF7,1105,-703.613281
2026-08-04T19:00:29.591Z,2026-08-04T19:00:33.981Z,Muse-2E72,AF7,1106,817.382812
2026-08-04T19:00:29.591Z,2026-08-04T19:00:33.981Z,Muse-2E72,AF7,1107,289.062500
2026-08-04T19:00:29.591Z,2026-08-04T19:00:33.981Z,Muse-2E72,AF7,1108,-1000.000000
2026-08-04T19:00:29.591Z,2026-08-04T19:00:33.981Z,Muse-2E72,AF7,1109,-1000.000000
2026-08-04T19:00:29.591Z,2026-08-04T19:00:33.981Z,Muse-2E72,AF7,1110,304.199219
2026-08-04T19:00:29.591Z,2026-08-04T19:00:33.981Z,Muse-2E72,AF7,1111,658.691406
2026-08-04T19:00:29.591Z,2026-08-04T19:00:33.981Z,Muse-2E72,AF7,1112,-839.355469
2026-08-04T19:00:29.591Z,2026-08-04T19:00:33.981Z,Muse-2E72,AF7,1113,-1000.000000
2026-08-04T19:00:29.591Z,2026-08-04T19:00:33.981Z,Muse-2E72,AF7,1114,-41.015625
2026-08-04T19:00:29.591Z,2026-08-04T19:00:33.981Z,Muse-2E72,AF7,1115,747.558594
2026-08-04T19:00:29.591Z,2026-08-04T19:00:33.981Z,Muse-2E72,AF7,1116,-613.769531
2026-08-04T19:00:29.591Z,2026-08-04T19:00:34.010Z,Muse-2E72,TP10,1117,-857.421875
2026-08-04T19:00:29.591Z,2026-08-04T19:00:34.010Z,Muse-2E72,TP10,1118,-595.703125
2026-08-04T19:00:29.591Z,2026-08-04T19:00:34.010Z,Muse-2E72,TP10,1119,748.046875
2026-08-04T19:00:29.591Z,2026-08-04T19:00:34.010Z,Muse-2E72,TP10,1120,486.328125
2026-08-04T19:00:29.591Z,2026-08-04T19:00:34.010Z,Muse-2E72,TP10,1121,-775.390625
2026-08-04T19:00:29.591Z,2026-08-04T19:00:34.010Z,Muse-2E72,TP10,1122,-767.089844
2026-08-04T19:00:29.591Z,2026-08-04T19:00:34.010Z,Muse-2E72,TP10,1123,441.894531
2026-08-04T19:00:29.591Z,2026-08-04T19:00:34.010Z,Muse-2E72,TP10,1124,940.429688
2026-08-04T19:00:29.591Z,2026-08-04T19:00:34.010Z,Muse-2E72,TP10,1125,-419.921875
2026-08-04T19:00:29.591Z,2026-08-04T19:00:34.010Z,Muse-2E72,TP10,1126,-595.214844
2026-08-04T19:00:29.591Z,2026-08-04T19:00:34.010Z,Muse-2E72,TP10,1127,695.800781
2026-08-04T19:00:29.591Z,2026-08-04T19:00:34.010Z,Muse-2E72,TP10,1128,982.421875
2026-08-04T19:00:29.591Z,2026-08-04T19:00:34.026Z,Muse-2E72,AF8,1117,-675.292969
2026-08-04T19:00:29.591Z,2026-08-04T19:00:34.026Z,Muse-2E72,AF8,1118,80.078125
2026-08-04T19:00:29.591Z,2026-08-04T19:00:34.026Z,Muse-2E72,AF8,1119,728.515625
2026-08-04T19:00:29.591Z,2026-08-04T19:00:34.026Z,Muse-2E72,AF8,1120,-13.671875
2026-08-04T19:00:29.591Z,2026-08-04T19:00:34.026Z,Muse-2E72,AF8,1121,-677.246094
2026-08-04T19:00:29.591Z,2026-08-04T19:00:34.026Z,Muse-2E72,AF8,1122,55.175781
2026-08-04T19:00:29.591Z,2026-08-04T19:00:34.026Z,Muse-2E72,AF8,1123,820.800781
2026-08-04T19:00:29.591Z,2026-08-04T19:00:34.026Z,Muse-2E72,AF8,1124,78.613281
2026-08-04T19:00:29.591Z,2026-08-04T19:00:34.026Z,Muse-2E72,AF8,1125,-574.218750
2026-08-04T19:00:29.591Z,2026-08-04T19:00:34.026Z,Muse-2E72,AF8,1126,-251.953125
2026-08-04T19:00:29.591Z,2026-08-04T19:00:34.026Z,Muse-2E72,AF8,1127,360.351562
2026-08-04T19:00:29.591Z,2026-08-04T19:00:34.026Z,Muse-2E72,AF8,1128,345.214844
2026-08-04T19:00:29.591Z,2026-08-04T19:00:34.026Z,Muse-2E72,TP9,1117,-597.656250
2026-08-04T19:00:29.591Z,2026-08-04T19:00:34.026Z,Muse-2E72,TP9,1118,-675.781250
2026-08-04T19:00:29.591Z,2026-08-04T19:00:34.026Z,Muse-2E72,TP9,1119,510.253906
2026-08-04T19:00:29.591Z,2026-08-04T19:00:34.026Z,Muse-2E72,TP9,1120,837.402344
2026-08-04T19:00:29.591Z,2026-08-04T19:00:34.026Z,Muse-2E72,TP9,1121,-297.851562
2026-08-04T19:00:29.591Z,2026-08-04T19:00:34.026Z,Muse-2E72,TP9,1122,-715.820312
2026-08-04T19:00:29.591Z,2026-08-04T19:00:34.026Z,Muse-2E72,TP9,1123,385.253906
2026-08-04T19:00:29.591Z,2026-08-04T19:00:34.026Z,Muse-2E72,TP9,1124,968.750000
2026-08-04T19:00:29.591Z,2026-08-04T19:00:34.026Z,Muse-2E72,TP9,1125,-110.839844
2026-08-04T19:00:29.591Z,2026-08-04T19:00:34.026Z,Muse-2E72,TP9,1126,-490.234375
2026-08-04T19:00:29.591Z,2026-08-04T19:00:34.026Z,Muse-2E72,TP9,1127,478.515625
2026-08-04T19:00:29.591Z,2026-08-04T19:00:34.026Z,Muse-2E72,TP9,1128,999.511719
2026-08-04T19:00:29.591Z,2026-08-04T19:00:34.027Z,Muse-2E72,AF7,1117,-1000.000000
2026-08-04T19:00:29.591Z,2026-08-04T19:00:34.027Z,Muse-2E72,AF7,1118,-297.851562
2026-08-04T19:00:29.591Z,2026-08-04T19:00:34.027Z,Muse-2E72,AF7,1119,999.511719
2026-08-04T19:00:29.591Z,2026-08-04T19:00:34.027Z,Muse-2E72,AF7,1120,166.992188
2026-08-04T19:00:29.591Z,2026-08-04T19:00:34.027Z,Muse-2E72,AF7,1121,-1000.000000
2026-08-04T19:00:29.591Z,2026-08-04T19:00:34.027Z,Muse-2E72,AF7,1122,-351.074219
2026-08-04T19:00:29.591Z,2026-08-04T19:00:34.027Z,Muse-2E72,AF7,1123,999.511719
2026-08-04T19:00:29.591Z,2026-08-04T19:00:34.027Z,Muse-2E72,AF7,1124,177.734375
2026-08-04T19:00:29.591Z,2026-08-04T19:00:34.027Z,Muse-2E72,AF7,1125,-1000.000000
2026-08-04T19:00:29.591Z,2026-08-04T19:00:34.027Z,Muse-2E72,AF7,1126,-793.457031
2026-08-04T19:00:29.591Z,2026-08-04T19:00:34.027Z,Muse-2E72,AF7,1127,391.601562
2026-08-04T19:00:29.591Z,2026-08-04T19:00:34.027Z,Muse-2E72,AF7,1128,556.152344
2026-08-04T19:00:29.591Z,2026-08-04T19:00:34.070Z,Muse-2E72,TP10,1129,-152.343750
2026-08-04T19:00:29.591Z,2026-08-04T19:00:34.070Z,Muse-2E72,TP10,1130,-947.753906
2026-08-04T19:00:29.591Z,2026-08-04T19:00:34.070Z,Muse-2E72,TP10,1131,-24.414062
2026-08-04T19:00:29.591Z,2026-08-04T19:00:34.070Z,Muse-2E72,TP10,1132,999.511719
2026-08-04T19:00:29.591Z,2026-08-04T19:00:34.070Z,Muse-2E72,TP10,1133,246.093750
2026-08-04T19:00:29.591Z,2026-08-04T19:00:34.070Z,Muse-2E72,TP10,1134,-723.144531
2026-08-04T19:00:29.591Z,2026-08-04T19:00:34.070Z,Muse-2E72,TP10,1135,-78.125000
2026-08-04T19:00:29.591Z,2026-08-04T19:00:34.070Z,Muse-2E72,TP10,1136,917.480469
2026-08-04T19:00:29.591Z,2026-08-04T19:00:34.070Z,Muse-2E72,TP10,1137,409.667969
2026-08-04T19:00:29.591Z,2026-08-04T19:00:34.070Z,Muse-2E72,TP10,1138,-475.097656
2026-08-04T19:00:29.591Z,2026-08-04T19:00:34.070Z,Muse-2E72,TP10,1139,-196.289062
2026-08-04T19:00:29.591Z,2026-08-04T19:00:34.070Z,Muse-2E72,TP10,1140,609.863281
2026-08-04T19:00:29.591Z,2026-08-04T19:00:34.072Z,Muse-2E72,AF8,1129,-431.640625
2026-08-04T19:00:29.591Z,2026-08-04T19:00:34.072Z,Muse-2E72,AF8,1130,-663.574219
2026-08-04T19:00:29.591Z,2026-08-04T19:00:34.072Z,Muse-2E72,AF8,1131,104.003906
2026-08-04T19:00:29.591Z,2026-08-04T19:00:34.072Z,Muse-2E72,AF8,1132,511.718750
2026-08-04T19:00:29.591Z,2026-08-04T19:00:34.072Z,Muse-2E72,AF8,1133,-186.035156
2026-08-04T19:00:29.591Z,2026-08-04T19:00:34.072Z,Muse-2E72,AF8,1134,-395.019531
2026-08-04T19:00:29.591Z,2026-08-04T19:00:34.072Z,Muse-2E72,AF8,1135,26.367188
2026-08-04T19:00:29.591Z,2026-08-04T19:00:34.072Z,Muse-2E72,AF8,1136,594.238281
2026-08-04T19:00:29.591Z,2026-08-04T19:00:34.072Z,Muse-2E72,AF8,1137,144.042969
2026-08-04T19:00:29.591Z,2026-08-04T19:00:34.072Z,Muse-2E72,AF8,1138,-284.179688
2026-08-04T19:00:29.591Z,2026-08-04T19:00:34.072Z,Muse-2E72,AF8,1139,-300.781250
2026-08-04T19:00:29.591Z,2026-08-04T19:00:34.072Z,Muse-2E72,AF8,1140,390.625000
2026-08-04T19:00:29.591Z,2026-08-04T19:00:34.072Z,Muse-2E72,TP9,1129,236.816406
2026-08-04T19:00:29.591Z,2026-08-04T19:00:34.072Z,Muse-2E72,TP9,1130,-826.660156
2026-08-04T19:00:29.591Z,2026-08-04T19:00:34.072Z,Muse-2E72,TP9,1131,-290.039062
2026-08-04T19:00:29.591Z,2026-08-04T19:00:34.072Z,Muse-2E72,TP9,1132,877.929688
2026-08-04T19:00:29.591Z,2026-08-04T19:00:34.072Z,Muse-2E72,TP9,1133,431.640625
2026-08-04T19:00:29.591Z,2026-08-04T19:00:34.072Z,Muse-2E72,TP9,1134,-451.660156
2026-08-04T19:00:29.591Z,2026-08-04T19:00:34.072Z,Muse-2E72,TP9,1135,-213.378906
2026-08-04T19:00:29.591Z,2026-08-04T19:00:34.072Z,Muse-2E72,TP9,1136,607.910156
2026-08-04T19:00:29.591Z,2026-08-04T19:00:34.072Z,Muse-2E72,TP9,1137,647.460938
2026-08-04T19:00:29.591Z,2026-08-04T19:00:34.072Z,Muse-2E72,TP9,1138,52.734375
2026-08-04T19:00:29.591Z,2026-08-04T19:00:34.072Z,Muse-2E72,TP9,1139,-208.984375
2026-08-04T19:00:29.591Z,2026-08-04T19:00:34.072Z,Muse-2E72,TP9,1140,224.609375
2026-08-04T19:00:29.591Z,2026-08-04T19:00:34.072Z,Muse-2E72,AF7,1129,-840.332031
2026-08-04T19:00:29.591Z,2026-08-04T19:00:34.072Z,Muse-2E72,AF7,1130,-1000.000000
2026-08-04T19:00:29.591Z,2026-08-04T19:00:34.072Z,Muse-2E72,AF7,1131,-72.265625
2026-08-04T19:00:29.591Z,2026-08-04T19:00:34.072Z,Muse-2E72,AF7,1132,832.031250
2026-08-04T19:00:29.591Z,2026-08-04T19:00:34.072Z,Muse-2E72,AF7,1133,-394.531250
2026-08-04T19:00:29.591Z,2026-08-04T19:00:34.072Z,Muse-2E72,AF7,1134,-982.421875
2026-08-04T19:00:29.591Z,2026-08-04T19:00:34.072Z,Muse-2E72,AF7,1135,-246.582031
2026-08-04T19:00:29.591Z,2026-08-04T19:00:34.072Z,Muse-2E72,AF7,1136,999.511719
2026-08-04T19:00:29.591Z,2026-08-04T19:00:34.072Z,Muse-2E72,AF7,1137,230.468750
2026-08-04T19:00:29.591Z,2026-08-04T19:00:34.072Z,Muse-2E72,AF7,1138,-867.187500
2026-08-04T19:00:29.591Z,2026-08-04T19:00:34.072Z,Muse-2E72,AF7,1139,-859.375000
2026-08-04T19:00:29.591Z,2026-08-04T19:00:34.072Z,Muse-2E72,AF7,1140,491.210938
2026-08-04T19:00:29.591Z,2026-08-04T19:00:34.115Z,Muse-2E72,TP10,1141,687.011719
2026-08-04T19:00:29.591Z,2026-08-04T19:00:34.115Z,Muse-2E72,TP10,1142,-451.660156
2026-08-04T19:00:29.591Z,2026-08-04T19:00:34.115Z,Muse-2E72,TP10,1143,-815.917969
2026-08-04T19:00:29.591Z,2026-08-04T19:00:34.115Z,Muse-2E72,TP10,1144,34.179688
2026-08-04T19:00:29.591Z,2026-08-04T19:00:34.115Z,Muse-2E72,TP10,1145,856.445312
2026-08-04T19:00:29.591Z,2026-08-04T19:00:34.115Z,Muse-2E72,TP10,1146,98.144531
2026-08-04T19:00:29.591Z,2026-08-04T19:00:34.115Z,Muse-2E72,TP10,1147,-871.093750
2026-08-04T19:00:29.591Z,2026-08-04T19:00:34.115Z,Muse-2E72,TP10,1148,-139.160156
2026-08-04T19:00:29.591Z,2026-08-04T19:00:34.115Z,Muse-2E72,TP10,1149,486.816406
2026-08-04T19:00:29.591Z,2026-08-04T19:00:34.115Z,Muse-2E72,TP10,1150,269.531250
2026-08-04T19:00:29.591Z,2026-08-04T19:00:34.115Z,Muse-2E72,TP10,1151,-407.226562
2026-08-04T19:00:29.591Z,2026-08-04T19:00:34.115Z,Muse-2E72,TP10,1152,-479.492188
2026-08-04T19:00:29.591Z,2026-08-04T19:00:34.117Z,Muse-2E72,AF8,1141,410.156250
2026-08-04T19:00:29.591Z,2026-08-04T19:00:34.117Z,Muse-2E72,AF8,1142,-293.457031
2026-08-04T19:00:29.591Z,2026-08-04T19:00:34.117Z,Muse-2E72,AF8,1143,-554.199219
2026-08-04T19:00:29.591Z,2026-08-04T19:00:34.117Z,Muse-2E72,AF8,1144,217.285156
2026-08-04T19:00:29.591Z,2026-08-04T19:00:34.117Z,Muse-2E72,AF8,1145,627.929688
2026-08-04T19:00:29.591Z,2026-08-04T19:00:34.117Z,Muse-2E72,AF8,1146,-243.164062
2026-08-04T19:00:29.591Z,2026-08-04T19:00:34.117Z,Muse-2E72,AF8,1147,-617.187500
2026-08-04T19:00:29.591Z,2026-08-04T19:00:34.117Z,Muse-2E72,AF8,1148,6.347656
2026-08-04T19:00:29.591Z,2026-08-04T19:00:34.117Z,Muse-2E72,AF8,1149,927.246094
2026-08-04T19:00:29.591Z,2026-08-04T19:00:34.117Z,Muse-2E72,AF8,1150,234.375000
2026-08-04T19:00:29.591Z,2026-08-04T19:00:34.117Z,Muse-2E72,AF8,1151,-697.265625
2026-08-04T19:00:29.591Z,2026-08-04T19:00:34.117Z,Muse-2E72,AF8,1152,-175.781250
2026-08-04T19:00:29.591Z,2026-08-04T19:00:34.117Z,Muse-2E72,TP9,1141,666.015625
2026-08-04T19:00:29.591Z,2026-08-04T19:00:34.117Z,Muse-2E72,TP9,1142,-150.390625
2026-08-04T19:00:29.591Z,2026-08-04T19:00:34.117Z,Muse-2E72,TP9,1143,-696.777344
2026-08-04T19:00:29.591Z,2026-08-04T19:00:34.117Z,Muse-2E72,TP9,1144,-210.449219
2026-08-04T19:00:29.591Z,2026-08-04T19:00:34.117Z,Muse-2E72,TP9,1145,751.953125
2026-08-04T19:00:29.591Z,2026-08-04T19:00:34.117Z,Muse-2E72,TP9,1146,378.417969
2026-08-04T19:00:29.591Z,2026-08-04T19:00:34.117Z,Muse-2E72,TP9,1147,-601.074219
2026-08-04T19:00:29.591Z,2026-08-04T19:00:34.117Z,Muse-2E72,TP9,1148,-348.144531
2026-08-04T19:00:29.591Z,2026-08-04T19:00:34.117Z,Muse-2E72,TP9,1149,295.898438
2026-08-04T19:00:29.591Z,2026-08-04T19:00:34.117Z,Muse-2E72,TP9,1150,468.750000
2026-08-04T19:00:29.591Z,2026-08-04T19:00:34.117Z,Muse-2E72,TP9,1151,-93.261719
2026-08-04T19:00:29.591Z,2026-08-04T19:00:34.117Z,Muse-2E72,TP9,1152,-623.535156
2026-08-04T19:00:29.591Z,2026-08-04T19:00:34.117Z,Muse-2E72,AF7,1141,425.292969
2026-08-04T19:00:29.591Z,2026-08-04T19:00:34.117Z,Muse-2E72,AF7,1142,-900.878906
2026-08-04T19:00:29.591Z,2026-08-04T19:00:34.117Z,Muse-2E72,AF7,1143,-1000.000000
2026-08-04T19:00:29.591Z,2026-08-04T19:00:34.117Z,Muse-2E72,AF7,1144,126.953125
2026-08-04T19:00:29.591Z,2026-08-04T19:00:34.117Z,Muse-2E72,AF7,1145,633.300781
2026-08-04T19:00:29.591Z,2026-08-04T19:00:34.117Z,Muse-2E72,AF7,1146,-820.312500
2026-08-04T19:00:29.591Z,2026-08-04T19:00:34.117Z,Muse-2E72,AF7,1147,-1000.000000
2026-08-04T19:00:29.591Z,2026-08-04T19:00:34.117Z,Muse-2E72,AF7,1148,-205.566406
2026-08-04T19:00:29.591Z,2026-08-04T19:00:34.117Z,Muse-2E72,AF7,1149,999.511719
2026-08-04T19:00:29.591Z,2026-08-04T19:00:34.117Z,Muse-2E72,AF7,1150,154.785156
2026-08-04T19:00:29.591Z,2026-08-04T19:00:34.117Z,Muse-2E72,AF7,1151,-1000.000000
2026-08-04T19:00:29.591Z,2026-08-04T19:00:34.117Z,Muse-2E72,AF7,1152,-535.156250
2026-08-04T19:00:29.591Z,2026-08-04T19:00:34.160Z,Muse-2E72,TP10,1153,880.859375
2026-08-04T19:00:29.591Z,2026-08-04T19:00:34.160Z,Muse-2E72,TP10,1154,568.359375
2026-08-04T19:00:29.591Z,2026-08-04T19:00:34.160Z,Muse-2E72,TP10,1155,-583.496094
2026-08-04T19:00:29.591Z,2026-08-04T19:00:34.160Z,Muse-2E72,TP10,1156,-658.203125
2026-08-04T19:00:29.591Z,2026-08-04T19:00:34.160Z,Muse-2E72,TP10,1157,239.746094
2026-08-04T19:00:29.591Z,2026-08-04T19:00:34.160Z,Muse-2E72,TP10,1158,774.414062
2026-08-04T19:00:29.591Z,2026-08-04T19:00:34.160Z,Muse-2E72,TP10,1159,-252.929688
2026-08-04T19:00:29.591Z,2026-08-04T19:00:34.160Z,Muse-2E72,TP10,1160,-894.531250
2026-08-04T19:00:29.591Z,2026-08-04T19:00:34.160Z,Muse-2E72,TP10,1161,-226.562500
2026-08-04T19:00:29.591Z,2026-08-04T19:00:34.160Z,Muse-2E72,TP10,1162,944.335938
2026-08-04T19:00:29.591Z,2026-08-04T19:00:34.160Z,Muse-2E72,TP10,1163,333.984375
2026-08-04T19:00:29.591Z,2026-08-04T19:00:34.160Z,Muse-2E72,TP10,1164,-849.121094
2026-08-04T19:00:29.591Z,2026-08-04T19:00:34.162Z,Muse-2E72,AF8,1153,614.257812
2026-08-04T19:00:29.591Z,2026-08-04T19:00:34.162Z,Muse-2E72,AF8,1154,107.910156
2026-08-04T19:00:29.591Z,2026-08-04T19:00:34.162Z,Muse-2E72,AF8,1155,-590.332031
2026-08-04T19:00:29.591Z,2026-08-04T19:00:34.162Z,Muse-2E72,AF8,1156,-262.207031
2026-08-04T19:00:29.591Z,2026-08-04T19:00:34.162Z,Muse-2E72,AF8,1157,528.808594
2026-08-04T19:00:29.591Z,2026-08-04T19:00:34.162Z,Muse-2E72,AF8,1158,411.132812
2026-08-04T19:00:29.591Z,2026-08-04T19:00:34.162Z,Muse-2E72,AF8,1159,-433.593750
2026-08-04T19:00:29.591Z,2026-08-04T19:00:34.162Z,Muse-2E72,AF8,1160,-493.164062
2026-08-04T19:00:29.591Z,2026-08-04T19:00:34.162Z,Muse-2E72,AF8,1161,375.000000
2026-08-04T19:00:29.591Z,2026-08-04T19:00:34.162Z,Muse-2E72,AF8,1162,382.812500
2026-08-04T19:00:29.591Z,2026-08-04T19:00:34.162Z,Muse-2E72,AF8,1163,-409.667969
2026-08-04T19:00:29.591Z,2026-08-04T19:00:34.162Z,Muse-2E72,AF8,1164,-634.277344
2026-08-04T19:00:29.591Z,2026-08-04T19:00:34.162Z,Muse-2E72,TP9,1153,412.597656
2026-08-04T19:00:29.591Z,2026-08-04T19:00:34.162Z,Muse-2E72,TP9,1154,781.250000
2026-08-04T19:00:29.591Z,2026-08-04T19:00:34.162Z,Muse-2E72,TP9,1155,-206.054688
2026-08-04T19:00:29.591Z,2026-08-04T19:00:34.162Z,Muse-2E72,TP9,1156,-750.488281
2026-08-04T19:00:29.591Z,2026-08-04T19:00:34.162Z,Muse-2E72,TP9,1157,-25.878906
2026-08-04T19:00:29.591Z,2026-08-04T19:00:34.162Z,Muse-2E72,TP9,1158,877.441406
2026-08-04T19:00:29.591Z,2026-08-04T19:00:34.162Z,Muse-2E72,TP9,1159,234.863281
2026-08-04T19:00:29.591Z,2026-08-04T19:00:34.162Z,Muse-2E72,TP9,1160,-704.589844
2026-08-04T19:00:29.591Z,2026-08-04T19:00:34.162Z,Muse-2E72,TP9,1161,-278.808594
2026-08-04T19:00:29.591Z,2026-08-04T19:00:34.162Z,Muse-2E72,TP9,1162,895.507812
2026-08-04T19:00:29.591Z,2026-08-04T19:00:34.162Z,Muse-2E72,TP9,1163,513.183594
2026-08-04T19:00:29.591Z,2026-08-04T19:00:34.162Z,Muse-2E72,TP9,1164,-572.265625
2026-08-04T19:00:29.591Z,2026-08-04T19:00:34.165Z,Muse-2E72,AF7,1153,986.328125
2026-08-04T19:00:29.591Z,2026-08-04T19:00:34.165Z,Muse-2E72,AF7,1154,208.496094
2026-08-04T19:00:29.591Z,2026-08-04T19:00:34.165Z,Muse-2E72,AF7,1155,-1000.000000
2026-08-04T19:00:29.591Z,2026-08-04T19:00:34.165Z,Muse-2E72,AF7,1156,-929.687500
2026-08-04T19:00:29.591Z,2026-08-04T19:00:34.165Z,Muse-2E72,AF7,1157,491.210938
2026-08-04T19:00:29.591Z,2026-08-04T19:00:34.165Z,Muse-2E72,AF7,1158,464.843750
2026-08-04T19:00:29.591Z,2026-08-04T19:00:34.165Z,Muse-2E72,AF7,1159,-960.449219
2026-08-04T19:00:29.591Z,2026-08-04T19:00:34.165Z,Muse-2E72,AF7,1160,-1000.000000
2026-08-04T19:00:29.591Z,2026-08-04T19:00:34.165Z,Muse-2E72,AF7,1161,261.718750
2026-08-04T19:00:29.591Z,2026-08-04T19:00:34.165Z,Muse-2E72,AF7,1162,659.179688
2026-08-04T19:00:29.591Z,2026-08-04T19:00:34.165Z,Muse-2E72,AF7,1163,-781.250000
2026-08-04T19:00:29.591Z,2026-08-04T19:00:34.165Z,Muse-2E72,AF7,1164,-1000.000000
2026-08-04T19:00:29.591Z,2026-08-04T19:00:34.206Z,Muse-2E72,TP10,1165,-239.257812
2026-08-04T19:00:29.591Z,2026-08-04T19:00:34.206Z,Muse-2E72,TP10,1166,987.792969
2026-08-04T19:00:29.591Z,2026-08-04T19:00:34.206Z,Muse-2E72,TP10,1167,293.945312
2026-08-04T19:00:29.591Z,2026-08-04T19:00:34.206Z,Muse-2E72,TP10,1168,-653.808594
2026-08-04T19:00:29.591Z,2026-08-04T19:00:34.206Z,Muse-2E72,TP10,1169,-190.429688
2026-08-04T19:00:29.591Z,2026-08-04T19:00:34.206Z,Muse-2E72,TP10,1170,588.378906
2026-08-04T19:00:29.591Z,2026-08-04T19:00:34.206Z,Muse-2E72,TP10,1171,752.929688
2026-08-04T19:00:29.591Z,2026-08-04T19:00:34.206Z,Muse-2E72,TP10,1172,-598.632812
2026-08-04T19:00:29.591Z,2026-08-04T19:00:34.206Z,Muse-2E72,TP10,1173,-413.085938
2026-08-04T19:00:29.591Z,2026-08-04T19:00:34.206Z,Muse-2E72,TP10,1174,807.617188
2026-08-04T19:00:29.591Z,2026-08-04T19:00:34.206Z,Muse-2E72,TP10,1175,895.019531
2026-08-04T19:00:29.591Z,2026-08-04T19:00:34.206Z,Muse-2E72,TP10,1176,-72.265625
2026-08-04T19:00:29.591Z,2026-08-04T19:00:34.207Z,Muse-2E72,AF8,1165,20.996094
2026-08-04T19:00:29.591Z,2026-08-04T19:00:34.207Z,Muse-2E72,AF8,1166,618.164062
2026-08-04T19:00:29.591Z,2026-08-04T19:00:34.207Z,Muse-2E72,AF8,1167,-148.437500
2026-08-04T19:00:29.591Z,2026-08-04T19:00:34.207Z,Muse-2E72,AF8,1168,-398.925781
2026-08-04T19:00:29.591Z,2026-08-04T19:00:34.207Z,Muse-2E72,AF8,1169,41.503906
2026-08-04T19:00:29.591Z,2026-08-04T19:00:34.207Z,Muse-2E72,AF8,1170,712.402344
2026-08-04T19:00:29.591Z,2026-08-04T19:00:34.207Z,Muse-2E72,AF8,1171,153.808594
2026-08-04T19:00:29.591Z,2026-08-04T19:00:34.207Z,Muse-2E72,AF8,1172,89.355469
2026-08-04T19:00:29.591Z,2026-08-04T19:00:34.207Z,Muse-2E72,AF8,1173,366.699219
2026-08-04T19:00:29.591Z,2026-08-04T19:00:34.207Z,Muse-2E72,AF8,1174,242.187500
2026-08-04T19:00:29.591Z,2026-08-04T19:00:34.207Z,Muse-2E72,AF8,1175,313.964844
2026-08-04T19:00:29.591Z,2026-08-04T19:00:34.207Z,Muse-2E72,AF8,1176,-503.417969
2026-08-04T19:00:29.591Z,2026-08-04T19:00:34.207Z,Muse-2E72,TP9,1165,-433.593750
2026-08-04T19:00:29.591Z,2026-08-04T19:00:34.207Z,Muse-2E72,TP9,1166,689.453125
2026-08-04T19:00:29.591Z,2026-08-04T19:00:34.207Z,Muse-2E72,TP9,1167,508.789062
2026-08-04T19:00:29.591Z,2026-08-04T19:00:34.207Z,Muse-2E72,TP9,1168,-235.839844
2026-08-04T19:00:29.591Z,2026-08-04T19:00:34.207Z,Muse-2E72,TP9,1169,-303.222656
2026-08-04T19:00:29.591Z,2026-08-04T19:00:34.207Z,Muse-2E72,TP9,1170,38.085938
2026-08-04T19:00:29.591Z,2026-08-04T19:00:34.207Z,Muse-2E72,TP9,1171,845.703125
2026-08-04T19:00:29.591Z,2026-08-04T19:00:34.207Z,Muse-2E72,TP9,1172,-217.285156
2026-08-04T19:00:29.591Z,2026-08-04T19:00:34.207Z,Muse-2E72,TP9,1173,-502.929688
2026-08-04T19:00:29.591Z,2026-08-04T19:00:34.207Z,Muse-2E72,TP9,1174,479.492188
2026-08-04T19:00:29.591Z,2026-08-04T19:00:34.207Z,Muse-2E72,TP9,1175,926.757812
2026-08-04T19:00:29.591Z,2026-08-04T19:00:34.207Z,Muse-2E72,TP9,1176,291.992188
2026-08-04T19:00:29.591Z,2026-08-04T19:00:34.207Z,Muse-2E72,AF7,1165,-190.429688
2026-08-04T19:00:29.591Z,2026-08-04T19:00:34.207Z,Muse-2E72,AF7,1166,999.511719
2026-08-04T19:00:29.591Z,2026-08-04T19:00:34.207Z,Muse-2E72,AF7,1167,-88.378906
2026-08-04T19:00:29.591Z,2026-08-04T19:00:34.207Z,Muse-2E72,AF7,1168,-994.628906
2026-08-04T19:00:29.591Z,2026-08-04T19:00:34.207Z,Muse-2E72,AF7,1169,-419.921875
2026-08-04T19:00:29.591Z,2026-08-04T19:00:34.207Z,Muse-2E72,AF7,1170,988.281250
2026-08-04T19:00:29.591Z,2026-08-04T19:00:34.207Z,Muse-2E72,AF7,1171,114.746094
2026-08-04T19:00:29.591Z,2026-08-04T19:00:34.207Z,Muse-2E72,AF7,1172,-412.597656
2026-08-04T19:00:29.591Z,2026-08-04T19:00:34.207Z,Muse-2E72,AF7,1173,-45.410156
2026-08-04T19:00:29.591Z,2026-08-04T19:00:34.207Z,Muse-2E72,AF7,1174,345.703125
2026-08-04T19:00:29.591Z,2026-08-04T19:00:34.207Z,Muse-2E72,AF7,1175,497.070312
2026-08-04T19:00:29.591Z,2026-08-04T19:00:34.207Z,Muse-2E72,AF7,1176,-901.367188
2026-08-04T19:00:29.591Z,2026-08-04T19:00:34.250Z,Muse-2E72,TP10,1177,-893.554688
2026-08-04T19:00:29.591Z,2026-08-04T19:00:34.250Z,Muse-2E72,TP10,1178,-27.832031
2026-08-04T19:00:29.591Z,2026-08-04T19:00:34.250Z,Muse-2E72,TP10,1179,977.050781
2026-08-04T19:00:29.591Z,2026-08-04T19:00:34.250Z,Muse-2E72,TP10,1180,219.726562
2026-08-04T19:00:29.591Z,2026-08-04T19:00:34.250Z,Muse-2E72,TP10,1181,-958.984375
2026-08-04T19:00:29.591Z,2026-08-04T19:00:34.250Z,Muse-2E72,TP10,1182,-388.183594
2026-08-04T19:00:29.591Z,2026-08-04T19:00:34.250Z,Muse-2E72,TP10,1183,666.015625
2026-08-04T19:00:29.591Z,2026-08-04T19:00:34.250Z,Muse-2E72,TP10,1184,376.953125
2026-08-04T19:00:29.591Z,2026-08-04T19:00:34.250Z,Muse-2E72,TP10,1185,-15.625000
2026-08-04T19:00:29.591Z,2026-08-04T19:00:34.250Z,Muse-2E72,TP10,1186,-267.578125
2026-08-04T19:00:29.591Z,2026-08-04T19:00:34.250Z,Muse-2E72,TP10,1187,628.906250
2026-08-04T19:00:29.591Z,2026-08-04T19:00:34.250Z,Muse-2E72,TP10,1188,810.058594
2026-08-04T19:00:29.591Z,2026-08-04T19:00:34.252Z,Muse-2E72,AF8,1177,-608.886719
2026-08-04T19:00:29.591Z,2026-08-04T19:00:34.252Z,Muse-2E72,AF8,1178,97.656250
2026-08-04T19:00:29.591Z,2026-08-04T19:00:34.252Z,Muse-2E72,AF8,1179,597.167969
2026-08-04T19:00:29.591Z,2026-08-04T19:00:34.252Z,Muse-2E72,AF8,1180,-53.710938
2026-08-04T19:00:29.591Z,2026-08-04T19:00:34.252Z,Muse-2E72,AF8,1181,-604.003906
2026-08-04T19:00:29.591Z,2026-08-04T19:00:34.252Z,Muse-2E72,AF8,1182,-91.308594
2026-08-04T19:00:29.591Z,2026-08-04T19:00:34.252Z,Muse-2E72,AF8,1183,766.113281
2026-08-04T19:00:29.591Z,2026-08-04T19:00:34.252Z,Muse-2E72,AF8,1184,437.988281
2026-08-04T19:00:29.591Z,2026-08-04T19:00:34.252Z,Muse-2E72,AF8,1185,-597.656250
2026-08-04T19:00:29.591Z,2026-08-04T19:00:34.252Z,Muse-2E72,AF8,1186,-401.855469
2026-08-04T19:00:29.591Z,2026-08-04T19:00:34.252Z,Muse-2E72,AF8,1187,634.765625
2026-08-04T19:00:29.591Z,2026-08-04T19:00:34.252Z,Muse-2E72,AF8,1188,212.890625
2026-08-04T19:00:29.591Z,2026-08-04T19:00:34.252Z,Muse-2E72,TP9,1177,-765.136719
2026-08-04T19:00:29.591Z,2026-08-04T19:00:34.252Z,Muse-2E72,TP9,1178,-271.484375
2026-08-04T19:00:29.591Z,2026-08-04T19:00:34.252Z,Muse-2E72,TP9,1179,798.339844
2026-08-04T19:00:29.591Z,2026-08-04T19:00:34.252Z,Muse-2E72,TP9,1180,536.621094
2026-08-04T19:00:29.591Z,2026-08-04T19:00:34.252Z,Muse-2E72,TP9,1181,-498.535156
2026-08-04T19:00:29.591Z,2026-08-04T19:00:34.252Z,Muse-2E72,TP9,1182,-668.945312
2026-08-04T19:00:29.591Z,2026-08-04T19:00:34.252Z,Muse-2E72,TP9,1183,214.355469
2026-08-04T19:00:29.591Z,2026-08-04T19:00:34.252Z,Muse-2E72,TP9,1184,430.664062
2026-08-04T19:00:29.591Z,2026-08-04T19:00:34.252Z,Muse-2E72,TP9,1185,302.246094
2026-08-04T19:00:29.591Z,2026-08-04T19:00:34.252Z,Muse-2E72,TP9,1186,-316.406250
2026-08-04T19:00:29.591Z,2026-08-04T19:00:34.252Z,Muse-2E72,TP9,1187,145.019531
2026-08-04T19:00:29.591Z,2026-08-04T19:00:34.252Z,Muse-2E72,TP9,1188,824.218750
2026-08-04T19:00:29.591Z,2026-08-04T19:00:34.252Z,Muse-2E72,AF7,1177,-1000.000000
2026-08-04T19:00:29.591Z,2026-08-04T19:00:34.252Z,Muse-2E72,AF7,1178,-46.875000
2026-08-04T19:00:29.591Z,2026-08-04T19:00:34.252Z,Muse-2E72,AF7,1179,786.621094
2026-08-04T19:00:29.591Z,2026-08-04T19:00:34.252Z,Muse-2E72,AF7,1180,-439.453125
2026-08-04T19:00:29.591Z,2026-08-04T19:00:34.252Z,Muse-2E72,AF7,1181,-1000.000000
2026-08-04T19:00:29.591Z,2026-08-04T19:00:34.252Z,Muse-2E72,AF7,1182,-325.683594
2026-08-04T19:00:29.591Z,2026-08-04T19:00:34.252Z,Muse-2E72,AF7,1183,999.511719
2026-08-04T19:00:29.591Z,2026-08-04T19:00:34.252Z,Muse-2E72,AF7,1184,544.921875
2026-08-04T19:00:29.591Z,2026-08-04T19:00:34.252Z,Muse-2E72,AF7,1185,-980.957031
2026-08-04T19:00:29.591Z,2026-08-04T19:00:34.252Z,Muse-2E72,AF7,1186,-878.417969
2026-08-04T19:00:29.591Z,2026-08-04T19:00:34.252Z,Muse-2E72,AF7,1187,730.468750
2026-08-04T19:00:29.591Z,2026-08-04T19:00:34.252Z,Muse-2E72,AF7,1188,250.976562
2026-08-04T19:00:29.591Z,2026-08-04T19:00:34.295Z,Muse-2E72,TP10,1189,-375.488281
2026-08-04T19:00:29.591Z,2026-08-04T19:00:34.295Z,Muse-2E72,TP10,1190,-853.027344
2026-08-04T19:00:29.591Z,2026-08-04T19:00:34.295Z,Muse-2E72,TP10,1191,-125.976562
2026-08-04T19:00:29.591Z,2026-08-04T19:00:34.295Z,Muse-2E72,TP10,1192,796.386719
2026-08-04T19:00:29.591Z,2026-08-04T19:00:34.295Z,Muse-2E72,TP10,1193,-62.988281
2026-08-04T19:00:29.591Z,2026-08-04T19:00:34.295Z,Muse-2E72,TP10,1194,-833.496094
2026-08-04T19:00:29.591Z,2026-08-04T19:00:34.295Z,Muse-2E72,TP10,1195,-536.132812
2026-08-04T19:00:29.591Z,2026-08-04T19:00:34.295Z,Muse-2E72,TP10,1196,455.078125
2026-08-04T19:00:29.591Z,2026-08-04T19:00:34.295Z,Muse-2E72,TP10,1197,469.726562
2026-08-04T19:00:29.591Z,2026-08-04T19:00:34.295Z,Muse-2E72,TP10,1198,-781.738281
2026-08-04T19:00:29.591Z,2026-08-04T19:00:34.295Z,Muse-2E72,TP10,1199,-374.023438
2026-08-04T19:00:29.591Z,2026-08-04T19:00:34.295Z,Muse-2E72,TP10,1200,821.777344
2026-08-04T19:00:29.591Z,2026-08-04T19:00:34.296Z,Muse-2E72,AF8,1189,-629.394531
2026-08-04T19:00:29.591Z,2026-08-04T19:00:34.296Z,Muse-2E72,AF8,1190,-536.621094
2026-08-04T19:00:29.591Z,2026-08-04T19:00:34.296Z,Muse-2E72,AF8,1191,420.898438
2026-08-04T19:00:29.591Z,2026-08-04T19:00:34.296Z,Muse-2E72,AF8,1192,477.539062
2026-08-04T19:00:29.591Z,2026-08-04T19:00:34.296Z,Muse-2E72,AF8,1193,-484.863281
2026-08-04T19:00:29.591Z,2026-08-04T19:00:34.296Z,Muse-2E72,AF8,1194,-637.207031
2026-08-04T19:00:29.591Z,2026-08-04T19:00:34.296Z,Muse-2E72,AF8,1195,304.687500
2026-08-04T19:00:29.591Z,2026-08-04T19:00:34.296Z,Muse-2E72,AF8,1196,555.175781
2026-08-04T19:00:29.591Z,2026-08-04T19:00:34.296Z,Muse-2E72,AF8,1197,-467.285156
2026-08-04T19:00:29.591Z,2026-08-04T19:00:34.296Z,Muse-2E72,AF8,1198,-656.738281
2026-08-04T19:00:29.591Z,2026-08-04T19:00:34.296Z,Muse-2E72,AF8,1199,-82.519531
2026-08-04T19:00:29.591Z,2026-08-04T19:00:34.296Z,Muse-2E72,AF8,1200,568.847656
2026-08-04T19:00:29.591Z,2026-08-04T19:00:34.297Z,Muse-2E72,TP9,1189,-73.730469
2026-08-04T19:00:29.591Z,2026-08-04T19:00:34.297Z,Muse-2E72,TP9,1190,-782.226562
2026-08-04T19:00:29.591Z,2026-08-04T19:00:34.297Z,Muse-2E72,TP9,1191,-236.328125
2026-08-04T19:00:29.591Z,2026-08-04T19:00:34.297Z,Muse-2E72,TP9,1192,871.582031
2026-08-04T19:00:29.591Z,2026-08-04T19:00:34.297Z,Muse-2E72,TP9,1193,370.117188
2026-08-04T19:00:29.591Z,2026-08-04T19:00:34.297Z,Muse-2E72,TP9,1194,-571.289062
2026-08-04T19:00:29.591Z,2026-08-04T19:00:34.297Z,Muse-2E72,TP9,1195,-720.214844
2026-08-04T19:00:29.591Z,2026-08-04T19:00:34.297Z,Muse-2E72,TP9,1196,142.089844
2026-08-04T19:00:29.591Z,2026-08-04T19:00:34.297Z,Muse-2E72,TP9,1197,753.417969
2026-08-04T19:00:29.591Z,2026-08-04T19:00:34.297Z,Muse-2E72,TP9,1198,-271.484375
2026-08-04T19:00:29.591Z,2026-08-04T19:00:34.297Z,Muse-2E72,TP9,1199,-568.847656
2026-08-04T19:00:29.591Z,2026-08-04T19:00:34.297Z,Muse-2E72,TP9,1200,375.000000
2026-08-04T19:00:29.591Z,2026-08-04T19:00:34.313Z,Muse-2E72,AF7,1189,-1000.000000
2026-08-04T19:00:29.591Z,2026-08-04T19:00:34.313Z,Muse-2E72,AF7,1190,-1000.000000
2026-08-04T19:00:29.591Z,2026-08-04T19:00:34.313Z,Muse-2E72,AF7,1191,262.207031
2026-08-04T19:00:29.591Z,2026-08-04T19:00:34.313Z,Muse-2E72,AF7,1192,612.792969
2026-08-04T19:00:29.591Z,2026-08-04T19:00:34.313Z,Muse-2E72,AF7,1193,-876.953125
2026-08-04T19:00:29.591Z,2026-08-04T19:00:34.313Z,Muse-2E72,AF7,1194,-1000.000000
2026-08-04T19:00:29.591Z,2026-08-04T19:00:34.313Z,Muse-2E72,AF7,1195,-24.902344
2026-08-04T19:00:29.591Z,2026-08-04T19:00:34.313Z,Muse-2E72,AF7,1196,849.121094
2026-08-04T19:00:29.591Z,2026-08-04T19:00:34.313Z,Muse-2E72,AF7,1197,-480.957031
2026-08-04T19:00:29.591Z,2026-08-04T19:00:34.313Z,Muse-2E72,AF7,1198,-1000.000000
2026-08-04T19:00:29.591Z,2026-08-04T19:00:34.313Z,Muse-2E72,AF7,1199,-307.128906
2026-08-04T19:00:29.591Z,2026-08-04T19:00:34.313Z,Muse-2E72,AF7,1200,963.378906
2026-08-04T19:00:29.591Z,2026-08-04T19:00:34.343Z,Muse-2E72,TP10,1201,441.406250
2026-08-04T19:00:29.591Z,2026-08-04T19:00:34.343Z,Muse-2E72,TP10,1202,-690.917969
2026-08-04T19:00:29.591Z,2026-08-04T19:00:34.343Z,Muse-2E72,TP10,1203,-687.500000
2026-08-04T19:00:29.591Z,2026-08-04T19:00:34.343Z,Muse-2E72,TP10,1204,453.125000
2026-08-04T19:00:29.591Z,2026-08-04T19:00:34.343Z,Muse-2E72,TP10,1205,905.761719
2026-08-04T19:00:29.591Z,2026-08-04T19:00:34.343Z,Muse-2E72,TP10,1206,-429.687500
2026-08-04T19:00:29.591Z,2026-08-04T19:00:34.343Z,Muse-2E72,TP10,1207,-542.480469
2026-08-04T19:00:29.591Z,2026-08-04T19:00:34.343Z,Muse-2E72,TP10,1208,731.933594
2026-08-04T19:00:29.591Z,2026-08-04T19:00:34.343Z,Muse-2E72,TP10,1209,965.332031
2026-08-04T19:00:29.591Z,2026-08-04T19:00:34.343Z,Muse-2E72,TP10,1210,85.937500
2026-08-04T19:00:29.591Z,2026-08-04T19:00:34.343Z,Muse-2E72,TP10,1211,-843.750000
2026-08-04T19:00:29.591Z,2026-08-04T19:00:34.343Z,Muse-2E72,TP10,1212,-193.359375
2026-08-04T19:00:29.591Z,2026-08-04T19:00:34.343Z,Muse-2E72,AF8,1201,-63.476562
2026-08-04T19:00:29.591Z,2026-08-04T19:00:34.343Z,Muse-2E72,AF8,1202,-680.175781
2026-08-04T19:00:29.591Z,2026-08-04T19:00:34.343Z,Muse-2E72,AF8,1203,-288.085938
2026-08-04T19:00:29.591Z,2026-08-04T19:00:34.343Z,Muse-2E72,AF8,1204,561.035156
2026-08-04T19:00:29.591Z,2026-08-04T19:00:34.343Z,Muse-2E72,AF8,1205,163.085938
2026-08-04T19:00:29.591Z,2026-08-04T19:00:34.343Z,Muse-2E72,AF8,1206,-600.585938
2026-08-04T19:00:29.591Z,2026-08-04T19:00:34.343Z,Muse-2E72,AF8,1207,-53.222656
2026-08-04T19:00:29.591Z,2026-08-04T19:00:34.343Z,Muse-2E72,AF8,1208,554.199219
2026-08-04T19:00:29.591Z,2026-08-04T19:00:34.343Z,Muse-2E72,AF8,1209,358.398438
2026-08-04T19:00:29.591Z,2026-08-04T19:00:34.343Z,Muse-2E72,AF8,1210,-357.910156
2026-08-04T19:00:29.591Z,2026-08-04T19:00:34.343Z,Muse-2E72,AF8,1211,-528.808594
2026-08-04T19:00:29.591Z,2026-08-04T19:00:34.343Z,Muse-2E72,AF8,1212,54.199219
2026-08-04T19:00:29.591Z,2026-08-04T19:00:34.343Z,Muse-2E72,TP9,1201,793.457031
2026-08-04T19:00:29.591Z,2026-08-04T19:00:34.343Z,Muse-2E72,TP9,1202,-123.046875
2026-08-04T19:00:29.591Z,2026-08-04T19:00:34.343Z,Muse-2E72,TP9,1203,-757.324219
2026-08-04T19:00:29.591Z,2026-08-04T19:00:34.343Z,Muse-2E72,TP9,1204,71.777344
2026-08-04T19:00:29.591Z,2026-08-04T19:00:34.343Z,Muse-2E72,TP9,1205,977.539062
2026-08-04T19:00:29.591Z,2026-08-04T19:00:34.343Z,Muse-2E72,TP9,1206,-15.625000
2026-08-04T19:00:29.591Z,2026-08-04T19:00:34.343Z,Muse-2E72,TP9,1207,-378.906250
2026-08-04T19:00:29.591Z,2026-08-04T19:00:34.343Z,Muse-2E72,TP9,1208,628.906250
2026-08-04T19:00:29.591Z,2026-08-04T19:00:34.343Z,Muse-2E72,TP9,1209,948.730469
2026-08-04T19:00:29.591Z,2026-08-04T19:00:34.343Z,Muse-2E72,TP9,1210,402.832031
2026-08-04T19:00:29.591Z,2026-08-04T19:00:34.343Z,Muse-2E72,TP9,1211,-615.722656
2026-08-04T19:00:29.591Z,2026-08-04T19:00:34.343Z,Muse-2E72,TP9,1212,-360.839844
2026-08-04T19:00:29.591Z,2026-08-04T19:00:34.356Z,Muse-2E72,AF7,1201,1.464844
2026-08-04T19:00:29.591Z,2026-08-04T19:00:34.356Z,Muse-2E72,AF7,1202,-1000.000000
2026-08-04T19:00:29.591Z,2026-08-04T19:00:34.356Z,Muse-2E72,AF7,1203,-752.929688
2026-08-04T19:00:29.591Z,2026-08-04T19:00:34.356Z,Muse-2E72,AF7,1204,661.132812
2026-08-04T19:00:29.591Z,2026-08-04T19:00:34.356Z,Muse-2E72,AF7,1205,283.691406
2026-08-04T19:00:29.591Z,2026-08-04T19:00:34.356Z,Muse-2E72,AF7,1206,-1000.000000
2026-08-04T19:00:29.591Z,2026-08-04T19:00:34.356Z,Muse-2E72,AF7,1207,-422.851562
2026-08-04T19:00:29.591Z,2026-08-04T19:00:34.356Z,Muse-2E72,AF7,1208,568.359375
2026-08-04T19:00:29.591Z,2026-08-04T19:00:34.356Z,Muse-2E72,AF7,1209,540.527344
2026-08-04T19:00:29.591Z,2026-08-04T19:00:34.356Z,Muse-2E72,AF7,1210,-774.414062
2026-08-04T19:00:29.591Z,2026-08-04T19:00:34.356Z,Muse-2E72,AF7,1211,-1000.000000
2026-08-04T19:00:29.591Z,2026-08-04T19:00:34.356Z,Muse-2E72,AF7,1212,-130.859375
2026-08-04T19:00:29.591Z,2026-08-04T19:00:34.400Z,Muse-2E72,TP10,1213,991.210938
2026-08-04T19:00:29.591Z,2026-08-04T19:00:34.400Z,Muse-2E72,TP10,1214,249.023438
2026-08-04T19:00:29.591Z,2026-08-04T19:00:34.400Z,Muse-2E72,TP10,1215,-929.199219
2026-08-04T19:00:29.591Z,2026-08-04T19:00:34.400Z,Muse-2E72,TP10,1216,-456.054688
2026-08-04T19:00:29.591Z,2026-08-04T19:00:34.400Z,Muse-2E72,TP10,1217,709.472656
2026-08-04T19:00:29.591Z,2026-08-04T19:00:34.400Z,Muse-2E72,TP10,1218,187.500000
2026-08-04T19:00:29.591Z,2026-08-04T19:00:34.400Z,Muse-2E72,TP10,1219,-558.593750
2026-08-04T19:00:29.591Z,2026-08-04T19:00:34.400Z,Muse-2E72,TP10,1220,-427.246094
2026-08-04T19:00:29.591Z,2026-08-04T19:00:34.400Z,Muse-2E72,TP10,1221,262.695312
2026-08-04T19:00:29.591Z,2026-08-04T19:00:34.400Z,Muse-2E72,TP10,1222,814.453125
2026-08-04T19:00:29.591Z,2026-08-04T19:00:34.400Z,Muse-2E72,TP10,1223,-246.582031
2026-08-04T19:00:29.591Z,2026-08-04T19:00:34.400Z,Muse-2E72,TP10,1224,-912.109375
2026-08-04T19:00:29.591Z,2026-08-04T19:00:34.402Z,Muse-2E72,AF8,1213,528.320312
2026-08-04T19:00:29.591Z,2026-08-04T19:00:34.402Z,Muse-2E72,AF8,1214,-35.156250
2026-08-04T19:00:29.591Z,2026-08-04T19:00:34.402Z,Muse-2E72,AF8,1215,-446.777344
2026-08-04T19:00:29.591Z,2026-08-04T19:00:34.402Z,Muse-2E72,AF8,1216,-67.382812
2026-08-04T19:00:29.591Z,2026-08-04T19:00:34.402Z,Muse-2E72,AF8,1217,583.984375
2026-08-04T19:00:29.591Z,2026-08-04T19:00:34.402Z,Muse-2E72,AF8,1218,761.230469
2026-08-04T19:00:29.591Z,2026-08-04T19:00:34.402Z,Muse-2E72,AF8,1219,20.507812
2026-08-04T19:00:29.591Z,2026-08-04T19:00:34.402Z,Muse-2E72,AF8,1220,-569.335938
2026-08-04T19:00:29.591Z,2026-08-04T19:00:34.402Z,Muse-2E72,AF8,1221,468.750000
2026-08-04T19:00:29.591Z,2026-08-04T19:00:34.402Z,Muse-2E72,AF8,1222,260.742188
2026-08-04T19:00:29.591Z,2026-08-04T19:00:34.402Z,Muse-2E72,AF8,1223,-618.652344
2026-08-04T19:00:29.591Z,2026-08-04T19:00:34.402Z,Muse-2E72,AF8,1224,-593.750000
2026-08-04T19:00:29.591Z,2026-08-04T19:00:34.402Z,Muse-2E72,TP9,1213,837.402344
2026-08-04T19:00:29.591Z,2026-08-04T19:00:34.402Z,Muse-2E72,TP9,1214,414.062500
2026-08-04T19:00:29.591Z,2026-08-04T19:00:34.402Z,Muse-2E72,TP9,1215,-626.953125
2026-08-04T19:00:29.591Z,2026-08-04T19:00:34.402Z,Muse-2E72,TP9,1216,-606.933594
2026-08-04T19:00:29.591Z,2026-08-04T19:00:34.402Z,Muse-2E72,TP9,1217,305.664062
2026-08-04T19:00:29.591Z,2026-08-04T19:00:34.402Z,Muse-2E72,TP9,1218,170.898438
2026-08-04T19:00:29.591Z,2026-08-04T19:00:34.402Z,Muse-2E72,TP9,1219,-97.167969
2026-08-04T19:00:29.591Z,2026-08-04T19:00:34.402Z,Muse-2E72,TP9,1220,-154.785156
2026-08-04T19:00:29.591Z,2026-08-04T19:00:34.402Z,Muse-2E72,TP9,1221,-62.988281
2026-08-04T19:00:29.591Z,2026-08-04T19:00:34.402Z,Muse-2E72,TP9,1222,924.804688
2026-08-04T19:00:29.591Z,2026-08-04T19:00:34.402Z,Muse-2E72,TP9,1223,225.097656
2026-08-04T19:00:29.591Z,2026-08-04T19:00:34.402Z,Muse-2E72,TP9,1224,-774.414062
2026-08-04T19:00:29.591Z,2026-08-04T19:00:34.402Z,Muse-2E72,AF7,1213,889.648438
2026-08-04T19:00:29.591Z,2026-08-04T19:00:34.402Z,Muse-2E72,AF7,1214,-272.460938
2026-08-04T19:00:29.591Z,2026-08-04T19:00:34.402Z,Muse-2E72,AF7,1215,-1000.000000
2026-08-04T19:00:29.591Z,2026-08-04T19:00:34.402Z,Muse-2E72,AF7,1216,-380.371094
2026-08-04T19:00:29.591Z,2026-08-04T19:00:34.402Z,Muse-2E72,AF7,1217,893.066406
2026-08-04T19:00:29.591Z,2026-08-04T19:00:34.402Z,Muse-2E72,AF7,1218,823.242188
2026-08-04T19:00:29.591Z,2026-08-04T19:00:34.402Z,Muse-2E72,AF7,1219,-282.226562
2026-08-04T19:00:29.591Z,2026-08-04T19:00:34.402Z,Muse-2E72,AF7,1220,-1000.000000
2026-08-04T19:00:29.591Z,2026-08-04T19:00:34.402Z,Muse-2E72,AF7,1221,513.671875
2026-08-04T19:00:29.591Z,2026-08-04T19:00:34.402Z,Muse-2E72,AF7,1222,458.007812
2026-08-04T19:00:29.591Z,2026-08-04T19:00:34.402Z,Muse-2E72,AF7,1223,-985.839844
2026-08-04T19:00:29.591Z,2026-08-04T19:00:34.402Z,Muse-2E72,AF7,1224,-1000.000000
2026-08-04T19:00:29.591Z,2026-08-04T19:00:34.445Z,Muse-2E72,TP10,1225,-21.972656
2026-08-04T19:00:29.591Z,2026-08-04T19:00:34.445Z,Muse-2E72,TP10,1226,981.445312
2026-08-04T19:00:29.591Z,2026-08-04T19:00:34.445Z,Muse-2E72,TP10,1227,116.210938
2026-08-04T19:00:29.591Z,2026-08-04T19:00:34.445Z,Muse-2E72,TP10,1228,-943.847656
2026-08-04T19:00:29.591Z,2026-08-04T19:00:34.445Z,Muse-2E72,TP10,1229,-359.863281
2026-08-04T19:00:29.591Z,2026-08-04T19:00:34.445Z,Muse-2E72,TP10,1230,707.519531
2026-08-04T19:00:29.591Z,2026-08-04T19:00:34.445Z,Muse-2E72,TP10,1231,254.882812
2026-08-04T19:00:29.591Z,2026-08-04T19:00:34.445Z,Muse-2E72,TP10,1232,-604.492188
2026-08-04T19:00:29.591Z,2026-08-04T19:00:34.445Z,Muse-2E72,TP10,1233,-462.890625
2026-08-04T19:00:29.591Z,2026-08-04T19:00:34.445Z,Muse-2E72,TP10,1234,215.820312
2026-08-04T19:00:29.591Z,2026-08-04T19:00:34.445Z,Muse-2E72,TP10,1235,778.808594
2026-08-04T19:00:29.591Z,2026-08-04T19:00:34.445Z,Muse-2E72,TP10,1236,-278.320312
2026-08-04T19:00:29.591Z,2026-08-04T19:00:34.447Z,Muse-2E72,AF8,1225,173.339844
2026-08-04T19:00:29.591Z,2026-08-04T19:00:34.447Z,Muse-2E72,AF8,1226,512.207031
2026-08-04T19:00:29.591Z,2026-08-04T19:00:34.447Z,Muse-2E72,AF8,1227,-336.425781
2026-08-04T19:00:29.591Z,2026-08-04T19:00:34.447Z,Muse-2E72,AF8,1228,-648.437500
2026-08-04T19:00:29.591Z,2026-08-04T19:00:34.447Z,Muse-2E72,AF8,1229,90.332031
2026-08-04T19:00:29.591Z,2026-08-04T19:00:34.447Z,Muse-2E72,AF8,1230,788.085938
2026-08-04T19:00:29.591Z,2026-08-04T19:00:34.447Z,Muse-2E72,AF8,1231,59.082031
2026-08-04T19:00:29.591Z,2026-08-04T19:00:34.447Z,Muse-2E72,AF8,1232,-628.906250
2026-08-04T19:00:29.591Z,2026-08-04T19:00:34.447Z,Muse-2E72,AF8,1233,-142.089844
2026-08-04T19:00:29.591Z,2026-08-04T19:00:34.447Z,Muse-2E72,AF8,1234,613.769531
2026-08-04T19:00:29.591Z,2026-08-04T19:00:34.447Z,Muse-2E72,AF8,1235,-30.761719
2026-08-04T19:00:29.591Z,2026-08-04T19:00:34.447Z,Muse-2E72,AF8,1236,-630.859375
2026-08-04T19:00:29.591Z,2026-08-04T19:00:34.447Z,Muse-2E72,TP9,1225,-235.351562
2026-08-04T19:00:29.591Z,2026-08-04T19:00:34.447Z,Muse-2E72,TP9,1226,866.699219
2026-08-04T19:00:29.591Z,2026-08-04T19:00:34.447Z,Muse-2E72,TP9,1227,382.812500
2026-08-04T19:00:29.591Z,2026-08-04T19:00:34.447Z,Muse-2E72,TP9,1228,-725.097656
2026-08-04T19:00:29.591Z,2026-08-04T19:00:34.447Z,Muse-2E72,TP9,1229,-445.800781
2026-08-04T19:00:29.591Z,2026-08-04T19:00:34.447Z,Muse-2E72,TP9,1230,497.558594
2026-08-04T19:00:29.591Z,2026-08-04T19:00:34.447Z,Muse-2E72,TP9,1231,516.601562
2026-08-04T19:00:29.591Z,2026-08-04T19:00:34.447Z,Muse-2E72,TP9,1232,-17.089844
2026-08-04T19:00:29.591Z,2026-08-04T19:00:34.447Z,Muse-2E72,TP9,1233,-485.839844
2026-08-04T19:00:29.591Z,2026-08-04T19:00:34.447Z,Muse-2E72,TP9,1234,-140.136719
2026-08-04T19:00:29.591Z,2026-08-04T19:00:34.447Z,Muse-2E72,TP9,1235,835.449219
2026-08-04T19:00:29.591Z,2026-08-04T19:00:34.447Z,Muse-2E72,TP9,1236,90.820312
2026-08-04T19:00:29.591Z,2026-08-04T19:00:34.447Z,Muse-2E72,AF7,1225,35.156250
2026-08-04T19:00:29.591Z,2026-08-04T19:00:34.447Z,Muse-2E72,AF7,1226,708.496094
2026-08-04T19:00:29.591Z,2026-08-04T19:00:34.447Z,Muse-2E72,AF7,1227,-725.097656
2026-08-04T19:00:29.591Z,2026-08-04T19:00:34.447Z,Muse-2E72,AF7,1228,-1000.000000
2026-08-04T19:00:29.591Z,2026-08-04T19:00:34.447Z,Muse-2E72,AF7,1229,-185.058594
2026-08-04T19:00:29.591Z,2026-08-04T19:00:34.447Z,Muse-2E72,AF7,1230,999.511719
2026-08-04T19:00:29.591Z,2026-08-04T19:00:34.447Z,Muse-2E72,AF7,1231,-31.738281
2026-08-04T19:00:29.591Z,2026-08-04T19:00:34.447Z,Muse-2E72,AF7,1232,-1000.000000
2026-08-04T19:00:29.591Z,2026-08-04T19:00:34.447Z,Muse-2E72,AF7,1233,-531.250000
2026-08-04T19:00:29.591Z,2026-08-04T19:00:34.447Z,Muse-2E72,AF7,1234,942.871094
2026-08-04T19:00:29.591Z,2026-08-04T19:00:34.447Z,Muse-2E72,AF7,1235,204.589844
2026-08-04T19:00:29.591Z,2026-08-04T19:00:34.447Z,Muse-2E72,AF7,1236,-1000.000000
2026-08-04T19:00:29.591Z,2026-08-04T19:00:34.490Z,Muse-2E72,TP10,1237,-812.011719
2026-08-04T19:00:29.591Z,2026-08-04T19:00:34.490Z,Muse-2E72,TP10,1238,264.648438
2026-08-04T19:00:29.591Z,2026-08-04T19:00:34.490Z,Muse-2E72,TP10,1239,922.363281
2026-08-04T19:00:29.591Z,2026-08-04T19:00:34.490Z,Muse-2E72,TP10,1240,-318.359375
2026-08-04T19:00:29.591Z,2026-08-04T19:00:34.490Z,Muse-2E72,TP10,1241,-653.320312
2026-08-04T19:00:29.591Z,2026-08-04T19:00:34.490Z,Muse-2E72,TP10,1242,441.406250
2026-08-04T19:00:29.591Z,2026-08-04T19:00:34.490Z,Muse-2E72,TP10,1243,953.613281
2026-08-04T19:00:29.591Z,2026-08-04T19:00:34.490Z,Muse-2E72,TP10,1244,217.773438
2026-08-04T19:00:29.591Z,2026-08-04T19:00:34.490Z,Muse-2E72,TP10,1245,-1000.000000
2026-08-04T19:00:29.591Z,2026-08-04T19:00:34.490Z,Muse-2E72,TP10,1246,-197.753906
2026-08-04T19:00:29.591Z,2026-08-04T19:00:34.490Z,Muse-2E72,TP10,1247,999.511719
2026-08-04T19:00:29.591Z,2026-08-04T19:00:34.490Z,Muse-2E72,TP10,1248,394.042969
2026-08-04T19:00:29.591Z,2026-08-04T19:00:34.492Z,Muse-2E72,AF8,1237,-446.777344
2026-08-04T19:00:29.591Z,2026-08-04T19:00:34.492Z,Muse-2E72,AF8,1238,383.789062
2026-08-04T19:00:29.591Z,2026-08-04T19:00:34.492Z,Muse-2E72,AF8,1239,323.242188
2026-08-04T19:00:29.591Z,2026-08-04T19:00:34.492Z,Muse-2E72,AF8,1240,-572.265625
2026-08-04T19:00:29.591Z,2026-08-04T19:00:34.492Z,Muse-2E72,AF8,1241,-331.542969
2026-08-04T19:00:29.591Z,2026-08-04T19:00:34.492Z,Muse-2E72,AF8,1242,534.179688
2026-08-04T19:00:29.591Z,2026-08-04T19:00:34.492Z,Muse-2E72,AF8,1243,599.609375
2026-08-04T19:00:29.591Z,2026-08-04T19:00:34.492Z,Muse-2E72,AF8,1244,-442.382812
2026-08-04T19:00:29.591Z,2026-08-04T19:00:34.492Z,Muse-2E72,AF8,1245,33.203125
2026-08-04T19:00:29.591Z,2026-08-04T19:00:34.492Z,Muse-2E72,AF8,1246,741.699219
2026-08-04T19:00:29.591Z,2026-08-04T19:00:34.492Z,Muse-2E72,AF8,1247,506.835938
2026-08-04T19:00:29.591Z,2026-08-04T19:00:34.492Z,Muse-2E72,AF8,1248,-16.601562
2026-08-04T19:00:29.591Z,2026-08-04T19:00:34.492Z,Muse-2E72,TP9,1237,-715.332031
2026-08-04T19:00:29.591Z,2026-08-04T19:00:34.492Z,Muse-2E72,TP9,1238,-3.906250
2026-08-04T19:00:29.591Z,2026-08-04T19:00:34.492Z,Muse-2E72,TP9,1239,979.980469
2026-08-04T19:00:29.591Z,2026-08-04T19:00:34.492Z,Muse-2E72,TP9,1240,98.144531
2026-08-04T19:00:29.591Z,2026-08-04T19:00:34.492Z,Muse-2E72,TP9,1241,-511.230469
2026-08-04T19:00:29.591Z,2026-08-04T19:00:34.492Z,Muse-2E72,TP9,1242,284.667969
2026-08-04T19:00:29.591Z,2026-08-04T19:00:34.492Z,Muse-2E72,TP9,1243,834.960938
2026-08-04T19:00:29.591Z,2026-08-04T19:00:34.492Z,Muse-2E72,TP9,1244,468.261719
2026-08-04T19:00:29.591Z,2026-08-04T19:00:34.492Z,Muse-2E72,TP9,1245,-825.683594
2026-08-04T19:00:29.591Z,2026-08-04T19:00:34.492Z,Muse-2E72,TP9,1246,-244.628906
2026-08-04T19:00:29.591Z,2026-08-04T19:00:34.492Z,Muse-2E72,TP9,1247,946.777344
2026-08-04T19:00:29.591Z,2026-08-04T19:00:34.492Z,Muse-2E72,TP9,1248,720.214844
2026-08-04T19:00:29.591Z,2026-08-04T19:00:34.492Z,Muse-2E72,AF7,1237,-1000.000000
2026-08-04T19:00:29.591Z,2026-08-04T19:00:34.492Z,Muse-2E72,AF7,1238,338.867188
2026-08-04T19:00:29.591Z,2026-08-04T19:00:34.492Z,Muse-2E72,AF7,1239,511.230469
2026-08-04T19:00:29.591Z,2026-08-04T19:00:34.492Z,Muse-2E72,AF7,1240,-956.054688
2026-08-04T19:00:29.591Z,2026-08-04T19:00:34.492Z,Muse-2E72,AF7,1241,-968.261719
2026-08-04T19:00:29.591Z,2026-08-04T19:00:34.492Z,Muse-2E72,AF7,1242,158.691406
2026-08-04T19:00:29.591Z,2026-08-04T19:00:34.492Z,Muse-2E72,AF7,1243,796.386719
2026-08-04T19:00:29.591Z,2026-08-04T19:00:34.492Z,Muse-2E72,AF7,1244,-805.175781
2026-08-04T19:00:29.591Z,2026-08-04T19:00:34.492Z,Muse-2E72,AF7,1245,-422.363281
2026-08-04T19:00:29.591Z,2026-08-04T19:00:34.492Z,Muse-2E72,AF7,1246,822.753906
2026-08-04T19:00:29.591Z,2026-08-04T19:00:34.492Z,Muse-2E72,AF7,1247,922.851562
2026-08-04T19:00:29.591Z,2026-08-04T19:00:34.492Z,Muse-2E72,AF7,1248,26.855469
2026-08-04T19:00:29.591Z,2026-08-04T19:00:34.535Z,Muse-2E72,TP10,1249,-755.371094
2026-08-04T19:00:29.591Z,2026-08-04T19:00:34.535Z,Muse-2E72,TP10,1250,-702.148438
2026-08-04T19:00:29.591Z,2026-08-04T19:00:34.535Z,Muse-2E72,TP10,1251,508.300781
2026-08-04T19:00:29.591Z,2026-08-04T19:00:34.535Z,Muse-2E72,TP10,1252,668.945312
2026-08-04T19:00:29.591Z,2026-08-04T19:00:34.535Z,Muse-2E72,TP10,1253,-406.250000
2026-08-04T19:00:29.591Z,2026-08-04T19:00:34.535Z,Muse-2E72,TP10,1254,-880.859375
2026-08-04T19:00:29.591Z,2026-08-04T19:00:34.535Z,Muse-2E72,TP10,1255,-25.390625
2026-08-04T19:00:29.591Z,2026-08-04T19:00:34.535Z,Muse-2E72,TP10,1256,770.507812
2026-08-04T19:00:29.591Z,2026-08-04T19:00:34.535Z,Muse-2E72,TP10,1257,148.925781
2026-08-04T19:00:29.591Z,2026-08-04T19:00:34.535Z,Muse-2E72,TP10,1258,-171.875000
2026-08-04T19:00:29.591Z,2026-08-04T19:00:34.535Z,Muse-2E72,TP10,1259,92.773438
2026-08-04T19:00:29.591Z,2026-08-04T19:00:34.535Z,Muse-2E72,TP10,1260,924.804688
2026-08-04T19:00:29.591Z,2026-08-04T19:00:34.537Z,Muse-2E72,AF8,1249,-651.367188
2026-08-04T19:00:29.591Z,2026-08-04T19:00:34.537Z,Muse-2E72,AF8,1250,-321.289062
2026-08-04T19:00:29.591Z,2026-08-04T19:00:34.537Z,Muse-2E72,AF8,1251,504.882812
2026-08-04T19:00:29.591Z,2026-08-04T19:00:34.537Z,Muse-2E72,AF8,1252,232.910156
2026-08-04T19:00:29.591Z,2026-08-04T19:00:34.537Z,Muse-2E72,AF8,1253,-437.988281
2026-08-04T19:00:29.591Z,2026-08-04T19:00:34.537Z,Muse-2E72,AF8,1254,-441.894531
2026-08-04T19:00:29.591Z,2026-08-04T19:00:34.537Z,Muse-2E72,AF8,1255,375.976562
2026-08-04T19:00:29.591Z,2026-08-04T19:00:34.537Z,Muse-2E72,AF8,1256,595.214844
2026-08-04T19:00:29.591Z,2026-08-04T19:00:34.537Z,Muse-2E72,AF8,1257,153.320312
2026-08-04T19:00:29.591Z,2026-08-04T19:00:34.537Z,Muse-2E72,AF8,1258,-471.679688
2026-08-04T19:00:29.591Z,2026-08-04T19:00:34.537Z,Muse-2E72,AF8,1259,-21.484375
2026-08-04T19:00:29.591Z,2026-08-04T19:00:34.537Z,Muse-2E72,AF8,1260,676.269531
2026-08-04T19:00:29.591Z,2026-08-04T19:00:34.537Z,Muse-2E72,TP9,1249,-194.335938
2026-08-04T19:00:29.591Z,2026-08-04T19:00:34.537Z,Muse-2E72,TP9,1250,-798.339844
2026-08-04T19:00:29.591Z,2026-08-04T19:00:34.537Z,Muse-2E72,TP9,1251,87.890625
2026-08-04T19:00:29.591Z,2026-08-04T19:00:34.537Z,Muse-2E72,TP9,1252,824.218750
2026-08-04T19:00:29.591Z,2026-08-04T19:00:34.537Z,Muse-2E72,TP9,1253,144.531250
2026-08-04T19:00:29.591Z,2026-08-04T19:00:34.537Z,Muse-2E72,TP9,1254,-724.121094
2026-08-04T19:00:29.591Z,2026-08-04T19:00:34.537Z,Muse-2E72,TP9,1255,-174.804688
2026-08-04T19:00:29.591Z,2026-08-04T19:00:34.537Z,Muse-2E72,TP9,1256,715.332031
2026-08-04T19:00:29.591Z,2026-08-04T19:00:34.537Z,Muse-2E72,TP9,1257,285.156250
2026-08-04T19:00:29.591Z,2026-08-04T19:00:34.537Z,Muse-2E72,TP9,1258,87.890625
2026-08-04T19:00:29.591Z,2026-08-04T19:00:34.537Z,Muse-2E72,TP9,1259,18.554688
2026-08-04T19:00:29.591Z,2026-08-04T19:00:34.537Z,Muse-2E72,TP9,1260,776.855469
2026-08-04T19:00:29.591Z,2026-08-04T19:00:34.537Z,Muse-2E72,AF7,1249,-1000.000000
2026-08-04T19:00:29.591Z,2026-08-04T19:00:34.537Z,Muse-2E72,AF7,1250,-752.929688
2026-08-04T19:00:29.591Z,2026-08-04T19:00:34.537Z,Muse-2E72,AF7,1251,727.050781
2026-08-04T19:00:29.591Z,2026-08-04T19:00:34.537Z,Muse-2E72,AF7,1252,295.410156
2026-08-04T19:00:29.591Z,2026-08-04T19:00:34.537Z,Muse-2E72,AF7,1253,-891.601562
2026-08-04T19:00:29.591Z,2026-08-04T19:00:34.537Z,Muse-2E72,AF7,1254,-1000.000000
2026-08-04T19:00:29.591Z,2026-08-04T19:00:34.537Z,Muse-2E72,AF7,1255,170.410156
2026-08-04T19:00:29.591Z,2026-08-04T19:00:34.537Z,Muse-2E72,AF7,1256,652.343750
2026-08-04T19:00:29.591Z,2026-08-04T19:00:34.537Z,Muse-2E72,AF7,1257,-362.792969
2026-08-04T19:00:29.591Z,2026-08-04T19:00:34.537Z,Muse-2E72,AF7,1258,-1000.000000
2026-08-04T19:00:29.591Z,2026-08-04T19:00:34.537Z,Muse-2E72,AF7,1259,-166.503906
2026-08-04T19:00:29.591Z,2026-08-04T19:00:34.537Z,Muse-2E72,AF7,1260,895.019531
2026-08-04T19:00:29.591Z,2026-08-04T19:00:34.580Z,Muse-2E72,TP10,1261,306.640625
2026-08-04T19:00:29.591Z,2026-08-04T19:00:34.580Z,Muse-2E72,TP10,1262,-873.535156
2026-08-04T19:00:29.591Z,2026-08-04T19:00:34.580Z,Muse-2E72,TP10,1263,-498.535156
2026-08-04T19:00:29.591Z,2026-08-04T19:00:34.580Z,Muse-2E72,TP10,1264,655.273438
2026-08-04T19:00:29.591Z,2026-08-04T19:00:34.580Z,Muse-2E72,TP10,1265,430.175781
2026-08-04T19:00:29.591Z,2026-08-04T19:00:34.580Z,Muse-2E72,TP10,1266,-551.757812
2026-08-04T19:00:29.591Z,2026-08-04T19:00:34.580Z,Muse-2E72,TP10,1267,-491.699219
2026-08-04T19:00:29.591Z,2026-08-04T19:00:34.580Z,Muse-2E72,TP10,1268,-236.816406
2026-08-04T19:00:29.591Z,2026-08-04T19:00:34.580Z,Muse-2E72,TP10,1269,339.843750
2026-08-04T19:00:29.591Z,2026-08-04T19:00:34.580Z,Muse-2E72,TP10,1270,-11.718750
2026-08-04T19:00:29.591Z,2026-08-04T19:00:34.580Z,Muse-2E72,TP10,1271,-816.406250
2026-08-04T19:00:29.591Z,2026-08-04T19:00:34.580Z,Muse-2E72,TP10,1272,138.671875
2026-08-04T19:00:29.591Z,2026-08-04T19:00:34.582Z,Muse-2E72,AF8,1261,-161.621094
2026-08-04T19:00:29.591Z,2026-08-04T19:00:34.582Z,Muse-2E72,AF8,1262,-693.847656
2026-08-04T19:00:29.591Z,2026-08-04T19:00:34.582Z,Muse-2E72,AF8,1263,-122.558594
2026-08-04T19:00:29.591Z,2026-08-04T19:00:34.582Z,Muse-2E72,AF8,1264,750.976562
2026-08-04T19:00:29.591Z,2026-08-04T19:00:34.582Z,Muse-2E72,AF8,1265,117.187500
2026-08-04T19:00:29.591Z,2026-08-04T19:00:34.582Z,Muse-2E72,AF8,1266,-678.710938
2026-08-04T19:00:29.591Z,2026-08-04T19:00:34.582Z,Muse-2E72,AF8,1267,-355.468750
2026-08-04T19:00:29.591Z,2026-08-04T19:00:34.582Z,Muse-2E72,AF8,1268,730.468750
2026-08-04T19:00:29.591Z,2026-08-04T19:00:34.582Z,Muse-2E72,AF8,1269,357.910156
2026-08-04T19:00:29.591Z,2026-08-04T19:00:34.582Z,Muse-2E72,AF8,1270,-669.433594
2026-08-04T19:00:29.591Z,2026-08-04T19:00:34.582Z,Muse-2E72,AF8,1271,-573.730469
2026-08-04T19:00:29.591Z,2026-08-04T19:00:34.582Z,Muse-2E72,AF8,1272,204.101562
2026-08-04T19:00:29.591Z,2026-08-04T19:00:34.582Z,Muse-2E72,TP9,1261,558.593750
2026-08-04T19:00:29.591Z,2026-08-04T19:00:34.582Z,Muse-2E72,TP9,1262,-502.441406
2026-08-04T19:00:29.591Z,2026-08-04T19:00:34.582Z,Muse-2E72,TP9,1263,-647.460938
2026-08-04T19:00:29.591Z,2026-08-04T19:00:34.582Z,Muse-2E72,TP9,1264,186.523438
2026-08-04T19:00:29.591Z,2026-08-04T19:00:34.582Z,Muse-2E72,TP9,1265,728.515625
2026-08-04T19:00:29.591Z,2026-08-04T19:00:34.582Z,Muse-2E72,TP9,1266,82.519531
2026-08-04T19:00:29.591Z,2026-08-04T19:00:34.582Z,Muse-2E72,TP9,1267,-468.750000
2026-08-04T19:00:29.591Z,2026-08-04T19:00:34.582Z,Muse-2E72,TP9,1268,-593.750000
2026-08-04T19:00:29.591Z,2026-08-04T19:00:34.582Z,Muse-2E72,TP9,1269,354.003906
2026-08-04T19:00:29.591Z,2026-08-04T19:00:34.582Z,Muse-2E72,TP9,1270,483.886719
2026-08-04T19:00:29.591Z,2026-08-04T19:00:34.582Z,Muse-2E72,TP9,1271,-600.585938
2026-08-04T19:00:29.591Z,2026-08-04T19:00:34.582Z,Muse-2E72,TP9,1272,-109.375000
2026-08-04T19:00:29.591Z,2026-08-04T19:00:34.582Z,Muse-2E72,AF7,1261,-459.960938
2026-08-04T19:00:29.591Z,2026-08-04T19:00:34.582Z,Muse-2E72,AF7,1262,-1000.000000
2026-08-04T19:00:29.591Z,2026-08-04T19:00:34.582Z,Muse-2E72,AF7,1263,-320.800781
2026-08-04T19:00:29.591Z,2026-08-04T19:00:34.582Z,Muse-2E72,AF7,1264,999.511719
2026-08-04T19:00:29.591Z,2026-08-04T19:00:34.582Z,Muse-2E72,AF7,1265,129.882812
2026-08-04T19:00:29.591Z,2026-08-04T19:00:34.582Z,Muse-2E72,AF7,1266,-1000.000000
2026-08-04T19:00:29.591Z,2026-08-04T19:00:34.582Z,Muse-2E72,AF7,1267,-804.199219
2026-08-04T19:00:29.591Z,2026-08-04T19:00:34.582Z,Muse-2E72,AF7,1268,671.386719
2026-08-04T19:00:29.591Z,2026-08-04T19:00:34.582Z,Muse-2E72,AF7,1269,274.414062
2026-08-04T19:00:29.591Z,2026-08-04T19:00:34.582Z,Muse-2E72,AF7,1270,-1000.000000
2026-08-04T19:00:29.591Z,2026-08-04T19:00:34.582Z,Muse-2E72,AF7,1271,-1000.000000
2026-08-04T19:00:29.591Z,2026-08-04T19:00:34.582Z,Muse-2E72,AF7,1272,138.671875
2026-08-04T19:00:29.591Z,2026-08-04T19:00:34.640Z,Muse-2E72,TP10,1273,969.238281
2026-08-04T19:00:29.591Z,2026-08-04T19:00:34.640Z,Muse-2E72,TP10,1274,-23.437500
2026-08-04T19:00:29.591Z,2026-08-04T19:00:34.640Z,Muse-2E72,TP10,1275,-949.707031
2026-08-04T19:00:29.591Z,2026-08-04T19:00:34.640Z,Muse-2E72,TP10,1276,-81.542969
2026-08-04T19:00:29.591Z,2026-08-04T19:00:34.640Z,Muse-2E72,TP10,1277,999.511719
2026-08-04T19:00:29.591Z,2026-08-04T19:00:34.640Z,Muse-2E72,TP10,1278,312.988281
2026-08-04T19:00:29.591Z,2026-08-04T19:00:34.640Z,Muse-2E72,TP10,1279,-895.507812
2026-08-04T19:00:29.591Z,2026-08-04T19:00:34.640Z,Muse-2E72,TP10,1280,-454.101562
2026-08-04T19:00:29.591Z,2026-08-04T19:00:34.640Z,Muse-2E72,TP10,1281,882.324219
2026-08-04T19:00:29.591Z,2026-08-04T19:00:34.640Z,Muse-2E72,TP10,1282,732.421875
2026-08-04T19:00:29.591Z,2026-08-04T19:00:34.640Z,Muse-2E72,TP10,1283,-478.515625
2026-08-04T19:00:29.591Z,2026-08-04T19:00:34.640Z,Muse-2E72,TP10,1284,-507.812500
2026-08-04T19:00:29.591Z,2026-08-04T19:00:34.641Z,Muse-2E72,AF8,1273,435.546875
2026-08-04T19:00:29.591Z,2026-08-04T19:00:34.641Z,Muse-2E72,AF8,1274,-452.636719
2026-08-04T19:00:29.591Z,2026-08-04T19:00:34.641Z,Muse-2E72,AF8,1275,-575.683594
2026-08-04T19:00:29.591Z,2026-08-04T19:00:34.641Z,Muse-2E72,AF8,1276,289.062500
2026-08-04T19:00:29.591Z,2026-08-04T19:00:34.641Z,Muse-2E72,AF8,1277,627.929688
2026-08-04T19:00:29.591Z,2026-08-04T19:00:34.641Z,Muse-2E72,AF8,1278,-227.539062
2026-08-04T19:00:29.591Z,2026-08-04T19:00:34.641Z,Muse-2E72,AF8,1279,-561.035156
2026-08-04T19:00:29.591Z,2026-08-04T19:00:34.641Z,Muse-2E72,AF8,1280,80.566406
2026-08-04T19:00:29.591Z,2026-08-04T19:00:34.641Z,Muse-2E72,AF8,1281,534.667969
2026-08-04T19:00:29.591Z,2026-08-04T19:00:34.641Z,Muse-2E72,AF8,1282,-13.671875
2026-08-04T19:00:29.591Z,2026-08-04T19:00:34.641Z,Muse-2E72,AF8,1283,-497.070312
2026-08-04T19:00:29.591Z,2026-08-04T19:00:34.641Z,Muse-2E72,AF8,1284,-268.554688
2026-08-04T19:00:29.591Z,2026-08-04T19:00:34.641Z,Muse-2E72,TP9,1273,946.777344
2026-08-04T19:00:29.591Z,2026-08-04T19:00:34.641Z,Muse-2E72,TP9,1274,359.863281
2026-08-04T19:00:29.591Z,2026-08-04T19:00:34.641Z,Muse-2E72,TP9,1275,-737.792969
2026-08-04T19:00:29.591Z,2026-08-04T19:00:34.641Z,Muse-2E72,TP9,1276,-245.605469
2026-08-04T19:00:29.591Z,2026-08-04T19:00:34.641Z,Muse-2E72,TP9,1277,842.773438
2026-08-04T19:00:29.591Z,2026-08-04T19:00:34.641Z,Muse-2E72,TP9,1278,611.328125
2026-08-04T19:00:29.591Z,2026-08-04T19:00:34.641Z,Muse-2E72,TP9,1279,-509.277344
2026-08-04T19:00:29.591Z,2026-08-04T19:00:34.641Z,Muse-2E72,TP9,1280,-379.394531
2026-08-04T19:00:29.591Z,2026-08-04T19:00:34.641Z,Muse-2E72,TP9,1281,826.171875
2026-08-04T19:00:29.591Z,2026-08-04T19:00:34.641Z,Muse-2E72,TP9,1282,830.078125
2026-08-04T19:00:29.591Z,2026-08-04T19:00:34.641Z,Muse-2E72,TP9,1283,-122.070312
2026-08-04T19:00:29.591Z,2026-08-04T19:00:34.641Z,Muse-2E72,TP9,1284,-524.414062
2026-08-04T19:00:29.591Z,2026-08-04T19:00:34.642Z,Muse-2E72,AF7,1273,666.503906
2026-08-04T19:00:29.591Z,2026-08-04T19:00:34.642Z,Muse-2E72,AF7,1274,-837.402344
2026-08-04T19:00:29.591Z,2026-08-04T19:00:34.642Z,Muse-2E72,AF7,1275,-1000.000000
2026-08-04T19:00:29.591Z,2026-08-04T19:00:34.642Z,Muse-2E72,AF7,1276,89.843750
2026-08-04T19:00:29.591Z,2026-08-04T19:00:34.642Z,Muse-2E72,AF7,1277,932.617188
2026-08-04T19:00:29.591Z,2026-08-04T19:00:34.642Z,Muse-2E72,AF7,1278,-435.546875
2026-08-04T19:00:29.591Z,2026-08-04T19:00:34.642Z,Muse-2E72,AF7,1279,-1000.000000
2026-08-04T19:00:29.591Z,2026-08-04T19:00:34.642Z,Muse-2E72,AF7,1280,-54.199219
2026-08-04T19:00:29.591Z,2026-08-04T19:00:34.642Z,Muse-2E72,AF7,1281,999.511719
2026-08-04T19:00:29.591Z,2026-08-04T19:00:34.642Z,Muse-2E72,AF7,1282,94.726562
2026-08-04T19:00:29.591Z,2026-08-04T19:00:34.642Z,Muse-2E72,AF7,1283,-916.015625
2026-08-04T19:00:29.591Z,2026-08-04T19:00:34.642Z,Muse-2E72,AF7,1284,-604.003906
2026-08-04T19:00:29.591Z,2026-08-04T19:00:34.670Z,Muse-2E72,TP10,1285,479.980469
2026-08-04T19:00:29.591Z,2026-08-04T19:00:34.670Z,Muse-2E72,TP10,1286,804.687500
2026-08-04T19:00:29.591Z,2026-08-04T19:00:34.670Z,Muse-2E72,TP10,1287,-273.925781
2026-08-04T19:00:29.591Z,2026-08-04T19:00:34.670Z,Muse-2E72,TP10,1288,-756.347656
2026-08-04T19:00:29.591Z,2026-08-04T19:00:34.670Z,Muse-2E72,TP10,1289,150.878906
2026-08-04T19:00:29.591Z,2026-08-04T19:00:34.670Z,Muse-2E72,TP10,1290,862.304688
2026-08-04T19:00:29.591Z,2026-08-04T19:00:34.670Z,Muse-2E72,TP10,1291,432.128906
2026-08-04T19:00:29.591Z,2026-08-04T19:00:34.670Z,Muse-2E72,TP10,1292,-165.527344
2026-08-04T19:00:29.591Z,2026-08-04T19:00:34.670Z,Muse-2E72,TP10,1293,-78.613281
2026-08-04T19:00:29.591Z,2026-08-04T19:00:34.670Z,Muse-2E72,TP10,1294,966.796875
2026-08-04T19:00:29.591Z,2026-08-04T19:00:34.670Z,Muse-2E72,TP10,1295,127.441406
2026-08-04T19:00:29.591Z,2026-08-04T19:00:34.670Z,Muse-2E72,TP10,1296,-522.949219
2026-08-04T19:00:29.591Z,2026-08-04T19:00:34.671Z,Muse-2E72,AF8,1285,376.464844
2026-08-04T19:00:29.591Z,2026-08-04T19:00:34.671Z,Muse-2E72,AF8,1286,179.199219
2026-08-04T19:00:29.591Z,2026-08-04T19:00:34.671Z,Muse-2E72,AF8,1287,-406.250000
2026-08-04T19:00:29.591Z,2026-08-04T19:00:34.671Z,Muse-2E72,AF8,1288,-380.371094
2026-08-04T19:00:29.591Z,2026-08-04T19:00:34.671Z,Muse-2E72,AF8,1289,78.613281
2026-08-04T19:00:29.591Z,2026-08-04T19:00:34.671Z,Muse-2E72,AF8,1290,533.691406
2026-08-04T19:00:29.591Z,2026-08-04T19:00:34.671Z,Muse-2E72,AF8,1291,-61.523438
2026-08-04T19:00:29.591Z,2026-08-04T19:00:34.671Z,Muse-2E72,AF8,1292,-679.199219
2026-08-04T19:00:29.591Z,2026-08-04T19:00:34.671Z,Muse-2E72,AF8,1293,-12.695312
2026-08-04T19:00:29.591Z,2026-08-04T19:00:34.671Z,Muse-2E72,AF8,1294,526.367188
2026-08-04T19:00:29.591Z,2026-08-04T19:00:34.671Z,Muse-2E72,AF8,1295,539.550781
2026-08-04T19:00:29.591Z,2026-08-04T19:00:34.671Z,Muse-2E72,AF8,1296,11.718750
2026-08-04T19:00:29.591Z,2026-08-04T19:00:34.671Z,Muse-2E72,TP9,1285,182.128906
2026-08-04T19:00:29.591Z,2026-08-04T19:00:34.671Z,Muse-2E72,TP9,1286,851.074219
2026-08-04T19:00:29.591Z,2026-08-04T19:00:34.671Z,Muse-2E72,TP9,1287,145.507812
2026-08-04T19:00:29.591Z,2026-08-04T19:00:34.671Z,Muse-2E72,TP9,1288,-538.574219
2026-08-04T19:00:29.591Z,2026-08-04T19:00:34.671Z,Muse-2E72,TP9,1289,-63.964844
2026-08-04T19:00:29.591Z,2026-08-04T19:00:34.671Z,Muse-2E72,TP9,1290,751.953125
2026-08-04T19:00:29.591Z,2026-08-04T19:00:34.671Z,Muse-2E72,TP9,1291,519.531250
2026-08-04T19:00:29.591Z,2026-08-04T19:00:34.671Z,Muse-2E72,TP9,1292,16.113281
2026-08-04T19:00:29.591Z,2026-08-04T19:00:34.671Z,Muse-2E72,TP9,1293,-195.800781
2026-08-04T19:00:29.591Z,2026-08-04T19:00:34.671Z,Muse-2E72,TP9,1294,772.460938
2026-08-04T19:00:29.591Z,2026-08-04T19:00:34.671Z,Muse-2E72,TP9,1295,117.187500
2026-08-04T19:00:29.591Z,2026-08-04T19:00:34.671Z,Muse-2E72,TP9,1296,-252.441406
2026-08-04T19:00:29.591Z,2026-08-04T19:00:34.672Z,Muse-2E72,AF7,1285,499.511719
2026-08-04T19:00:29.591Z,2026-08-04T19:00:34.672Z,Muse-2E72,AF7,1286,343.261719
2026-08-04T19:00:29.591Z,2026-08-04T19:00:34.672Z,Muse-2E72,AF7,1287,-781.250000
2026-08-04T19:00:29.591Z,2026-08-04T19:00:34.672Z,Muse-2E72,AF7,1288,-991.699219
2026-08-04T19:00:29.591Z,2026-08-04T19:00:34.672Z,Muse-2E72,AF7,1289,-2.441406
2026-08-04T19:00:29.591Z,2026-08-04T19:00:34.672Z,Muse-2E72,AF7,1290,667.480469
2026-08-04T19:00:29.591Z,2026-08-04T19:00:34.672Z,Muse-2E72,AF7,1291,-459.472656
2026-08-04T19:00:29.591Z,2026-08-04T19:00:34.672Z,Muse-2E72,AF7,1292,-1000.000000
2026-08-04T19:00:29.591Z,2026-08-04T19:00:34.672Z,Muse-2E72,AF7,1293,-190.917969
2026-08-04T19:00:29.591Z,2026-08-04T19:00:34.672Z,Muse-2E72,AF7,1294,838.378906
2026-08-04T19:00:29.591Z,2026-08-04T19:00:34.672Z,Muse-2E72,AF7,1295,552.246094
2026-08-04T19:00:29.591Z,2026-08-04T19:00:34.672Z,Muse-2E72,AF7,1296,-334.472656
2026-08-04T19:00:29.591Z,2026-08-04T19:00:34.715Z,Muse-2E72,TP10,1297,53.710938
2026-08-04T19:00:29.591Z,2026-08-04T19:00:34.715Z,Muse-2E72,TP10,1298,698.730469
2026-08-04T19:00:29.591Z,2026-08-04T19:00:34.715Z,Muse-2E72,TP10,1299,710.449219
2026-08-04T19:00:29.591Z,2026-08-04T19:00:34.715Z,Muse-2E72,TP10,1300,-363.281250
2026-08-04T19:00:29.591Z,2026-08-04T19:00:34.715Z,Muse-2E72,TP10,1301,-825.195312
2026-08-04T19:00:29.591Z,2026-08-04T19:00:34.715Z,Muse-2E72,TP10,1302,-0.488281
2026-08-04T19:00:29.591Z,2026-08-04T19:00:34.715Z,Muse-2E72,TP10,1303,466.308594
2026-08-04T19:00:29.591Z,2026-08-04T19:00:34.715Z,Muse-2E72,TP10,1304,215.820312
2026-08-04T19:00:29.591Z,2026-08-04T19:00:34.715Z,Muse-2E72,TP10,1305,-363.281250
2026-08-04T19:00:29.591Z,2026-08-04T19:00:34.715Z,Muse-2E72,TP10,1306,54.199219
2026-08-04T19:00:29.591Z,2026-08-04T19:00:34.715Z,Muse-2E72,TP10,1307,974.121094
2026-08-04T19:00:29.591Z,2026-08-04T19:00:34.715Z,Muse-2E72,TP10,1308,287.109375
2026-08-04T19:00:29.591Z,2026-08-04T19:00:34.717Z,Muse-2E72,AF8,1297,-448.242188
2026-08-04T19:00:29.591Z,2026-08-04T19:00:34.717Z,Muse-2E72,AF8,1298,608.886719
2026-08-04T19:00:29.591Z,2026-08-04T19:00:34.717Z,Muse-2E72,AF8,1299,278.808594
2026-08-04T19:00:29.591Z,2026-08-04T19:00:34.717Z,Muse-2E72,AF8,1300,-637.207031
2026-08-04T19:00:29.591Z,2026-08-04T19:00:34.717Z,Muse-2E72,AF8,1301,-543.945312
2026-08-04T19:00:29.591Z,2026-08-04T19:00:34.717Z,Muse-2E72,AF8,1302,497.070312
2026-08-04T19:00:29.591Z,2026-08-04T19:00:34.717Z,Muse-2E72,AF8,1303,613.769531
2026-08-04T19:00:29.591Z,2026-08-04T19:00:34.717Z,Muse-2E72,AF8,1304,-624.511719
2026-08-04T19:00:29.591Z,2026-08-04T19:00:34.717Z,Muse-2E72,AF8,1305,-765.136719
2026-08-04T19:00:29.591Z,2026-08-04T19:00:34.717Z,Muse-2E72,AF8,1306,159.179688
2026-08-04T19:00:29.591Z,2026-08-04T19:00:34.717Z,Muse-2E72,AF8,1307,489.257812
2026-08-04T19:00:29.591Z,2026-08-04T19:00:34.717Z,Muse-2E72,AF8,1308,-392.578125
2026-08-04T19:00:29.591Z,2026-08-04T19:00:34.717Z,Muse-2E72,TP9,1297,49.316406
2026-08-04T19:00:29.591Z,2026-08-04T19:00:34.717Z,Muse-2E72,TP9,1298,223.632812
2026-08-04T19:00:29.591Z,2026-08-04T19:00:34.717Z,Muse-2E72,TP9,1299,726.074219
2026-08-04T19:00:29.591Z,2026-08-04T19:00:34.717Z,Muse-2E72,TP9,1300,-65.429688
2026-08-04T19:00:29.591Z,2026-08-04T19:00:34.717Z,Muse-2E72,TP9,1301,-817.382812
2026-08-04T19:00:29.591Z,2026-08-04T19:00:34.717Z,Muse-2E72,TP9,1302,-227.539062
2026-08-04T19:00:29.591Z,2026-08-04T19:00:34.717Z,Muse-2E72,TP9,1303,384.277344
2026-08-04T19:00:29.591Z,2026-08-04T19:00:34.717Z,Muse-2E72,TP9,1304,402.832031
2026-08-04T19:00:29.591Z,2026-08-04T19:00:34.717Z,Muse-2E72,TP9,1305,-104.980469
2026-08-04T19:00:29.591Z,2026-08-04T19:00:34.717Z,Muse-2E72,TP9,1306,-195.800781
2026-08-04T19:00:29.591Z,2026-08-04T19:00:34.717Z,Muse-2E72,TP9,1307,751.464844
2026-08-04T19:00:29.591Z,2026-08-04T19:00:34.717Z,Muse-2E72,TP9,1308,474.609375
2026-08-04T19:00:29.591Z,2026-08-04T19:00:34.731Z,Muse-2E72,AF7,1297,-754.882812
2026-08-04T19:00:29.591Z,2026-08-04T19:00:34.731Z,Muse-2E72,AF7,1298,890.625000
2026-08-04T19:00:29.591Z,2026-08-04T19:00:34.731Z,Muse-2E72,AF7,1299,299.804688
2026-08-04T19:00:29.591Z,2026-08-04T19:00:34.731Z,Muse-2E72,AF7,1300,-1000.000000
2026-08-04T19:00:29.591Z,2026-08-04T19:00:34.731Z,Muse-2E72,AF7,1301,-1000.000000
2026-08-04T19:00:29.591Z,2026-08-04T19:00:34.731Z,Muse-2E72,AF7,1302,299.316406
2026-08-04T19:00:29.591Z,2026-08-04T19:00:34.731Z,Muse-2E72,AF7,1303,695.800781
2026-08-04T19:00:29.591Z,2026-08-04T19:00:34.731Z,Muse-2E72,AF7,1304,-790.527344
2026-08-04T19:00:29.591Z,2026-08-04T19:00:34.731Z,Muse-2E72,AF7,1305,-1000.000000
2026-08-04T19:00:29.591Z,2026-08-04T19:00:34.731Z,Muse-2E72,AF7,1306,-14.160156
2026-08-04T19:00:29.591Z,2026-08-04T19:00:34.731Z,Muse-2E72,AF7,1307,711.425781
2026-08-04T19:00:29.591Z,2026-08-04T19:00:34.731Z,Muse-2E72,AF7,1308,-685.546875
2026-08-04T19:00:29.591Z,2026-08-04T19:00:34.759Z,Muse-2E72,TP10,1309,-803.710938
2026-08-04T19:00:29.591Z,2026-08-04T19:00:34.759Z,Muse-2E72,TP10,1310,-597.167969
2026-08-04T19:00:29.591Z,2026-08-04T19:00:34.759Z,Muse-2E72,TP10,1311,651.367188
2026-08-04T19:00:29.591Z,2026-08-04T19:00:34.759Z,Muse-2E72,TP10,1312,442.382812
2026-08-04T19:00:29.591Z,2026-08-04T19:00:34.759Z,Muse-2E72,TP10,1313,-721.191406
2026-08-04T19:00:29.591Z,2026-08-04T19:00:34.759Z,Muse-2E72,TP10,1314,-945.312500
2026-08-04T19:00:29.591Z,2026-08-04T19:00:34.759Z,Muse-2E72,TP10,1315,44.433594
2026-08-04T19:00:29.591Z,2026-08-04T19:00:34.759Z,Muse-2E72,TP10,1316,905.273438
2026-08-04T19:00:29.591Z,2026-08-04T19:00:34.759Z,Muse-2E72,TP10,1317,-299.316406
2026-08-04T19:00:29.591Z,2026-08-04T19:00:34.759Z,Muse-2E72,TP10,1318,-622.558594
2026-08-04T19:00:29.591Z,2026-08-04T19:00:34.759Z,Muse-2E72,TP10,1319,384.765625
2026-08-04T19:00:29.591Z,2026-08-04T19:00:34.759Z,Muse-2E72,TP10,1320,913.085938
2026-08-04T19:00:29.591Z,2026-08-04T19:00:34.777Z,Muse-2E72,AF8,1309,-730.468750
2026-08-04T19:00:29.591Z,2026-08-04T19:00:34.777Z,Muse-2E72,AF8,1310,30.761719
2026-08-04T19:00:29.591Z,2026-08-04T19:00:34.777Z,Muse-2E72,AF8,1311,708.496094
2026-08-04T19:00:29.591Z,2026-08-04T19:00:34.777Z,Muse-2E72,AF8,1312,-65.917969
2026-08-04T19:00:29.591Z,2026-08-04T19:00:34.777Z,Muse-2E72,AF8,1313,-746.093750
2026-08-04T19:00:29.591Z,2026-08-04T19:00:34.777Z,Muse-2E72,AF8,1314,31.250000
2026-08-04T19:00:29.591Z,2026-08-04T19:00:34.777Z,Muse-2E72,AF8,1315,837.402344
2026-08-04T19:00:29.591Z,2026-08-04T19:00:34.777Z,Muse-2E72,AF8,1316,56.152344
2026-08-04T19:00:29.591Z,2026-08-04T19:00:34.777Z,Muse-2E72,AF8,1317,-615.234375
2026-08-04T19:00:29.591Z,2026-08-04T19:00:34.777Z,Muse-2E72,AF8,1318,-433.105469
2026-08-04T19:00:29.591Z,2026-08-04T19:00:34.777Z,Muse-2E72,AF8,1319,324.707031
2026-08-04T19:00:29.591Z,2026-08-04T19:00:34.777Z,Muse-2E72,AF8,1320,382.324219
2026-08-04T19:00:29.591Z,2026-08-04T19:00:34.777Z,Muse-2E72,TP9,1309,-580.566406
2026-08-04T19:00:29.591Z,2026-08-04T19:00:34.777Z,Muse-2E72,TP9,1310,-754.882812
2026-08-04T19:00:29.591Z,2026-08-04T19:00:34.777Z,Muse-2E72,TP9,1311,343.750000
2026-08-04T19:00:29.591Z,2026-08-04T19:00:34.777Z,Muse-2E72,TP9,1312,747.070312
2026-08-04T19:00:29.591Z,2026-08-04T19:00:34.777Z,Muse-2E72,TP9,1313,-308.105469
2026-08-04T19:00:29.591Z,2026-08-04T19:00:34.777Z,Muse-2E72,TP9,1314,-950.683594
2026-08-04T19:00:29.591Z,2026-08-04T19:00:34.777Z,Muse-2E72,TP9,1315,-23.437500
2026-08-04T19:00:29.591Z,2026-08-04T19:00:34.777Z,Muse-2E72,TP9,1316,932.128906
2026-08-04T19:00:29.591Z,2026-08-04T19:00:34.777Z,Muse-2E72,TP9,1317,-26.855469
2026-08-04T19:00:29.591Z,2026-08-04T19:00:34.777Z,Muse-2E72,TP9,1318,-537.109375
2026-08-04T19:00:29.591Z,2026-08-04T19:00:34.777Z,Muse-2E72,TP9,1319,134.277344
2026-08-04T19:00:29.591Z,2026-08-04T19:00:34.777Z,Muse-2E72,TP9,1320,910.156250
2026-08-04T19:00:29.591Z,2026-08-04T19:00:34.777Z,Muse-2E72,AF7,1309,-1000.000000
2026-08-04T19:00:29.591Z,2026-08-04T19:00:34.777Z,Muse-2E72,AF7,1310,-289.062500
2026-08-04T19:00:29.591Z,2026-08-04T19:00:34.777Z,Muse-2E72,AF7,1311,999.511719
2026-08-04T19:00:29.591Z,2026-08-04T19:00:34.777Z,Muse-2E72,AF7,1312,124.023438
2026-08-04T19:00:29.591Z,2026-08-04T19:00:34.777Z,Muse-2E72,AF7,1313,-1000.000000
2026-08-04T19:00:29.591Z,2026-08-04T19:00:34.777Z,Muse-2E72,AF7,1314,-348.632812
2026-08-04T19:00:29.591Z,2026-08-04T19:00:34.777Z,Muse-2E72,AF7,1315,999.511719
2026-08-04T19:00:29.591Z,2026-08-04T19:00:34.777Z,Muse-2E72,AF7,1316,166.503906
2026-08-04T19:00:29.591Z,2026-08-04T19:00:34.777Z,Muse-2E72,AF7,1317,-1000.000000
2026-08-04T19:00:29.591Z,2026-08-04T19:00:34.777Z,Muse-2E72,AF7,1318,-1000.000000
2026-08-04T19:00:29.591Z,2026-08-04T19:00:34.777Z,Muse-2E72,AF7,1319,245.605469
2026-08-04T19:00:29.591Z,2026-08-04T19:00:34.777Z,Muse-2E72,AF7,1320,587.402344
2026-08-04T19:00:29.591Z,2026-08-04T19:00:34.820Z,Muse-2E72,TP10,1321,-101.074219
2026-08-04T19:00:29.591Z,2026-08-04T19:00:34.820Z,Muse-2E72,TP10,1322,-911.132812
2026-08-04T19:00:29.591Z,2026-08-04T19:00:34.820Z,Muse-2E72,TP10,1323,-83.496094
2026-08-04T19:00:29.591Z,2026-08-04T19:00:34.820Z,Muse-2E72,TP10,1324,999.511719
2026-08-04T19:00:29.591Z,2026-08-04T19:00:34.820Z,Muse-2E72,TP10,1325,258.789062
2026-08-04T19:00:29.591Z,2026-08-04T19:00:34.820Z,Muse-2E72,TP10,1326,-691.406250
2026-08-04T19:00:29.591Z,2026-08-04T19:00:34.820Z,Muse-2E72,TP10,1327,-158.691406
2026-08-04T19:00:29.591Z,2026-08-04T19:00:34.820Z,Muse-2E72,TP10,1328,865.722656
2026-08-04T19:00:29.591Z,2026-08-04T19:00:34.820Z,Muse-2E72,TP10,1329,365.234375
2026-08-04T19:00:29.591Z,2026-08-04T19:00:34.820Z,Muse-2E72,TP10,1330,-233.398438
2026-08-04T19:00:29.591Z,2026-08-04T19:00:34.820Z,Muse-2E72,TP10,1331,116.699219
2026-08-04T19:00:29.591Z,2026-08-04T19:00:34.820Z,Muse-2E72,TP10,1332,529.296875
2026-08-04T19:00:29.591Z,2026-08-04T19:00:34.822Z,Muse-2E72,AF8,1321,-472.656250
2026-08-04T19:00:29.591Z,2026-08-04T19:00:34.822Z,Muse-2E72,AF8,1322,-712.402344
2026-08-04T19:00:29.591Z,2026-08-04T19:00:34.822Z,Muse-2E72,AF8,1323,106.933594
2026-08-04T19:00:29.591Z,2026-08-04T19:00:34.822Z,Muse-2E72,AF8,1324,517.578125
2026-08-04T19:00:29.591Z,2026-08-04T19:00:34.822Z,Muse-2E72,AF8,1325,-212.890625
2026-08-04T19:00:29.591Z,2026-08-04T19:00:34.822Z,Muse-2E72,AF8,1326,-425.292969
2026-08-04T19:00:29.591Z,2026-08-04T19:00:34.822Z,Muse-2E72,AF8,1327,66.406250
2026-08-04T19:00:29.591Z,2026-08-04T19:00:34.822Z,Muse-2E72,AF8,1328,739.257812
2026-08-04T19:00:29.591Z,2026-08-04T19:00:34.822Z,Muse-2E72,AF8,1329,208.496094
2026-08-04T19:00:29.591Z,2026-08-04T19:00:34.822Z,Muse-2E72,AF8,1330,-322.265625
2026-08-04T19:00:29.591Z,2026-08-04T19:00:34.822Z,Muse-2E72,AF8,1331,-367.187500
2026-08-04T19:00:29.591Z,2026-08-04T19:00:34.822Z,Muse-2E72,AF8,1332,443.359375
2026-08-04T19:00:29.591Z,2026-08-04T19:00:34.822Z,Muse-2E72,TP9,1321,304.199219
2026-08-04T19:00:29.591Z,2026-08-04T19:00:34.822Z,Muse-2E72,TP9,1322,-727.539062
2026-08-04T19:00:29.591Z,2026-08-04T19:00:34.822Z,Muse-2E72,TP9,1323,-304.687500
2026-08-04T19:00:29.591Z,2026-08-04T19:00:34.822Z,Muse-2E72,TP9,1324,862.304688
2026-08-04T19:00:29.591Z,2026-08-04T19:00:34.822Z,Muse-2E72,TP9,1325,451.660156
2026-08-04T19:00:29.591Z,2026-08-04T19:00:34.822Z,Muse-2E72,TP9,1326,-388.183594
2026-08-04T19:00:29.591Z,2026-08-04T19:00:34.822Z,Muse-2E72,TP9,1327,-262.695312
2026-08-04T19:00:29.591Z,2026-08-04T19:00:34.822Z,Muse-2E72,TP9,1328,563.964844
2026-08-04T19:00:29.591Z,2026-08-04T19:00:34.822Z,Muse-2E72,TP9,1329,585.449219
2026-08-04T19:00:29.591Z,2026-08-04T19:00:34.822Z,Muse-2E72,TP9,1330,142.089844
2026-08-04T19:00:29.591Z,2026-08-04T19:00:34.822Z,Muse-2E72,TP9,1331,-4.394531
2026-08-04T19:00:29.591Z,2026-08-04T19:00:34.822Z,Muse-2E72,TP9,1332,162.109375
2026-08-04T19:00:29.591Z,2026-08-04T19:00:34.822Z,Muse-2E72,AF7,1321,-824.218750
2026-08-04T19:00:29.591Z,2026-08-04T19:00:34.822Z,Muse-2E72,AF7,1322,-1000.000000
2026-08-04T19:00:29.591Z,2026-08-04T19:00:34.822Z,Muse-2E72,AF7,1323,-60.546875
2026-08-04T19:00:29.591Z,2026-08-04T19:00:34.822Z,Muse-2E72,AF7,1324,790.527344
2026-08-04T19:00:29.591Z,2026-08-04T19:00:34.822Z,Muse-2E72,AF7,1325,-478.027344
2026-08-04T19:00:29.591Z,2026-08-04T19:00:34.822Z,Muse-2E72,AF7,1326,-1000.000000
2026-08-04T19:00:29.591Z,2026-08-04T19:00:34.822Z,Muse-2E72,AF7,1327,-251.464844
2026-08-04T19:00:29.591Z,2026-08-04T19:00:34.822Z,Muse-2E72,AF7,1328,999.511719
2026-08-04T19:00:29.591Z,2026-08-04T19:00:34.822Z,Muse-2E72,AF7,1329,242.675781
2026-08-04T19:00:29.591Z,2026-08-04T19:00:34.822Z,Muse-2E72,AF7,1330,-843.750000
2026-08-04T19:00:29.591Z,2026-08-04T19:00:34.822Z,Muse-2E72,AF7,1331,-823.242188
2026-08-04T19:00:29.591Z,2026-08-04T19:00:34.822Z,Muse-2E72,AF7,1332,570.800781
2026-08-04T19:00:29.591Z,2026-08-04T19:00:34.865Z,Muse-2E72,TP10,1333,839.355469
2026-08-04T19:00:29.591Z,2026-08-04T19:00:34.865Z,Muse-2E72,TP10,1334,-246.093750
2026-08-04T19:00:29.591Z,2026-08-04T19:00:34.865Z,Muse-2E72,TP10,1335,-839.355469
2026-08-04T19:00:29.591Z,2026-08-04T19:00:34.865Z,Muse-2E72,TP10,1336,41.992188
2026-08-04T19:00:29.591Z,2026-08-04T19:00:34.865Z,Muse-2E72,TP10,1337,840.332031
2026-08-04T19:00:29.591Z,2026-08-04T19:00:34.865Z,Muse-2E72,TP10,1338,38.085938
2026-08-04T19:00:29.591Z,2026-08-04T19:00:34.865Z,Muse-2E72,TP10,1339,-891.113281
2026-08-04T19:00:29.591Z,2026-08-04T19:00:34.865Z,Muse-2E72,TP10,1340,-25.878906
2026-08-04T19:00:29.591Z,2026-08-04T19:00:34.865Z,Muse-2E72,TP10,1341,333.496094
2026-08-04T19:00:29.591Z,2026-08-04T19:00:34.865Z,Muse-2E72,TP10,1342,175.292969
2026-08-04T19:00:29.591Z,2026-08-04T19:00:34.865Z,Muse-2E72,TP10,1343,-177.734375
2026-08-04T19:00:29.591Z,2026-08-04T19:00:34.865Z,Muse-2E72,TP10,1344,-413.574219
2026-08-04T19:00:29.591Z,2026-08-04T19:00:34.867Z,Muse-2E72,AF8,1333,242.675781
2026-08-04T19:00:29.591Z,2026-08-04T19:00:34.867Z,Muse-2E72,AF8,1334,-592.773438
2026-08-04T19:00:29.591Z,2026-08-04T19:00:34.867Z,Muse-2E72,AF8,1335,-578.613281
2026-08-04T19:00:29.591Z,2026-08-04T19:00:34.867Z,Muse-2E72,AF8,1336,293.457031
2026-08-04T19:00:29.591Z,2026-08-04T19:00:34.867Z,Muse-2E72,AF8,1337,670.898438
2026-08-04T19:00:29.591Z,2026-08-04T19:00:34.867Z,Muse-2E72,AF8,1338,-300.781250
2026-08-04T19:00:29.591Z,2026-08-04T19:00:34.867Z,Muse-2E72,AF8,1339,-618.652344
2026-08-04T19:00:29.591Z,2026-08-04T19:00:34.867Z,Muse-2E72,AF8,1340,17.578125
2026-08-04T19:00:29.591Z,2026-08-04T19:00:34.867Z,Muse-2E72,AF8,1341,950.683594
2026-08-04T19:00:29.591Z,2026-08-04T19:00:34.867Z,Muse-2E72,AF8,1342,283.203125
2026-08-04T19:00:29.591Z,2026-08-04T19:00:34.867Z,Muse-2E72,AF8,1343,-723.144531
2026-08-04T19:00:29.591Z,2026-08-04T19:00:34.867Z,Muse-2E72,AF8,1344,-176.757812
2026-08-04T19:00:29.591Z,2026-08-04T19:00:34.867Z,Muse-2E72,TP9,1333,879.394531
2026-08-04T19:00:29.591Z,2026-08-04T19:00:34.867Z,Muse-2E72,TP9,1334,44.921875
2026-08-04T19:00:29.591Z,2026-08-04T19:00:34.867Z,Muse-2E72,TP9,1335,-780.761719
2026-08-04T19:00:29.591Z,2026-08-04T19:00:34.867Z,Muse-2E72,TP9,1336,-100.585938
2026-08-04T19:00:29.591Z,2026-08-04T19:00:34.867Z,Muse-2E72,TP9,1337,769.042969
2026-08-04T19:00:29.591Z,2026-08-04T19:00:34.867Z,Muse-2E72,TP9,1338,316.406250
2026-08-04T19:00:29.591Z,2026-08-04T19:00:34.867Z,Muse-2E72,TP9,1339,-591.796875
2026-08-04T19:00:29.591Z,2026-08-04T19:00:34.867Z,Muse-2E72,TP9,1340,-212.890625
2026-08-04T19:00:29.591Z,2026-08-04T19:00:34.867Z,Muse-2E72,TP9,1341,279.296875
2026-08-04T19:00:29.591Z,2026-08-04T19:00:34.867Z,Muse-2E72,TP9,1342,397.949219
2026-08-04T19:00:29.591Z,2026-08-04T19:00:34.867Z,Muse-2E72,TP9,1343,102.539062
2026-08-04T19:00:29.591Z,2026-08-04T19:00:34.867Z,Muse-2E72,TP9,1344,-478.515625
2026-08-04T19:00:29.591Z,2026-08-04T19:00:34.867Z,Muse-2E72,AF7,1333,322.753906
2026-08-04T19:00:29.591Z,2026-08-04T19:00:34.867Z,Muse-2E72,AF7,1334,-1000.000000
2026-08-04T19:00:29.591Z,2026-08-04T19:00:34.867Z,Muse-2E72,AF7,1335,-1000.000000
2026-08-04T19:00:29.591Z,2026-08-04T19:00:34.867Z,Muse-2E72,AF7,1336,170.410156
2026-08-04T19:00:29.591Z,2026-08-04T19:00:34.867Z,Muse-2E72,AF7,1337,667.968750
2026-08-04T19:00:29.591Z,2026-08-04T19:00:34.867Z,Muse-2E72,AF7,1338,-791.015625
2026-08-04T19:00:29.591Z,2026-08-04T19:00:34.867Z,Muse-2E72,AF7,1339,-1000.000000
2026-08-04T19:00:29.591Z,2026-08-04T19:00:34.867Z,Muse-2E72,AF7,1340,-194.824219
2026-08-04T19:00:29.591Z,2026-08-04T19:00:34.867Z,Muse-2E72,AF7,1341,999.511719
2026-08-04T19:00:29.591Z,2026-08-04T19:00:34.867Z,Muse-2E72,AF7,1342,174.316406
2026-08-04T19:00:29.591Z,2026-08-04T19:00:34.867Z,Muse-2E72,AF7,1343,-1000.000000
2026-08-04T19:00:29.591Z,2026-08-04T19:00:34.867Z,Muse-2E72,AF7,1344,-505.859375
2026-08-04T19:00:29.591Z,2026-08-04T19:00:34.910Z,Muse-2E72,TP10,1345,859.375000
2026-08-04T19:00:29.591Z,2026-08-04T19:00:34.910Z,Muse-2E72,TP10,1346,539.062500
2026-08-04T19:00:29.591Z,2026-08-04T19:00:34.910Z,Muse-2E72,TP10,1347,-665.039062
2026-08-04T19:00:29.591Z,2026-08-04T19:00:34.910Z,Muse-2E72,TP10,1348,-789.062500
2026-08-04T19:00:29.591Z,2026-08-04T19:00:34.910Z,Muse-2E72,TP10,1349,233.398438
2026-08-04T19:00:29.591Z,2026-08-04T19:00:34.910Z,Muse-2E72,TP10,1350,700.683594
2026-08-04T19:00:29.591Z,2026-08-04T19:00:34.910Z,Muse-2E72,TP10,1351,-382.812500
2026-08-04T19:00:29.591Z,2026-08-04T19:00:34.910Z,Muse-2E72,TP10,1352,-900.390625
2026-08-04T19:00:29.591Z,2026-08-04T19:00:34.910Z,Muse-2E72,TP10,1353,-223.144531
2026-08-04T19:00:29.591Z,2026-08-04T19:00:34.910Z,Muse-2E72,TP10,1354,925.292969
2026-08-04T19:00:29.591Z,2026-08-04T19:00:34.910Z,Muse-2E72,TP10,1355,390.136719
2026-08-04T19:00:29.591Z,2026-08-04T19:00:34.910Z,Muse-2E72,TP10,1356,-862.304688
2026-08-04T19:00:29.591Z,2026-08-04T19:00:34.912Z,Muse-2E72,AF8,1345,642.578125
2026-08-04T19:00:29.591Z,2026-08-04T19:00:34.912Z,Muse-2E72,AF8,1346,97.167969
2026-08-04T19:00:29.591Z,2026-08-04T19:00:34.912Z,Muse-2E72,AF8,1347,-675.781250
2026-08-04T19:00:29.591Z,2026-08-04T19:00:34.912Z,Muse-2E72,AF8,1348,-295.410156
2026-08-04T19:00:29.591Z,2026-08-04T19:00:34.912Z,Muse-2E72,AF8,1349,598.144531
2026-08-04T19:00:29.591Z,2026-08-04T19:00:34.912Z,Muse-2E72,AF8,1350,416.015625
2026-08-04T19:00:29.591Z,2026-08-04T19:00:34.912Z,Muse-2E72,AF8,1351,-440.917969
2026-08-04T19:00:29.591Z,2026-08-04T19:00:34.912Z,Muse-2E72,AF8,1352,-360.839844
2026-08-04T19:00:29.591Z,2026-08-04T19:00:34.912Z,Muse-2E72,AF8,1353,404.296875
2026-08-04T19:00:29.591Z,2026-08-04T19:00:34.912Z,Muse-2E72,AF8,1354,316.894531
2026-08-04T19:00:29.591Z,2026-08-04T19:00:34.912Z,Muse-2E72,AF8,1355,-415.039062
2026-08-04T19:00:29.591Z,2026-08-04T19:00:34.912Z,Muse-2E72,AF8,1356,-580.566406
2026-08-04T19:00:29.591Z,2026-08-04T19:00:34.912Z,Muse-2E72,TP9,1345,446.777344
2026-08-04T19:00:29.591Z,2026-08-04T19:00:34.912Z,Muse-2E72,TP9,1346,793.945312
2026-08-04T19:00:29.591Z,2026-08-04T19:00:34.912Z,Muse-2E72,TP9,1347,-186.523438
2026-08-04T19:00:29.591Z,2026-08-04T19:00:34.912Z,Muse-2E72,TP9,1348,-794.433594
2026-08-04T19:00:29.591Z,2026-08-04T19:00:34.912Z,Muse-2E72,TP9,1349,-41.503906
2026-08-04T19:00:29.591Z,2026-08-04T19:00:34.912Z,Muse-2E72,TP9,1350,854.492188
2026-08-04T19:00:29.591Z,2026-08-04T19:00:34.912Z,Muse-2E72,TP9,1351,201.660156
2026-08-04T19:00:29.591Z,2026-08-04T19:00:34.912Z,Muse-2E72,TP9,1352,-729.980469
2026-08-04T19:00:29.591Z,2026-08-04T19:00:34.912Z,Muse-2E72,TP9,1353,-300.292969
2026-08-04T19:00:29.591Z,2026-08-04T19:00:34.912Z,Muse-2E72,TP9,1354,863.281250
2026-08-04T19:00:29.591Z,2026-08-04T19:00:34.912Z,Muse-2E72,TP9,1355,604.003906
2026-08-04T19:00:29.591Z,2026-08-04T19:00:34.912Z,Muse-2E72,TP9,1356,-542.480469
2026-08-04T19:00:29.591Z,2026-08-04T19:00:34.912Z,Muse-2E72,AF7,1345,999.511719
2026-08-04T19:00:29.591Z,2026-08-04T19:00:34.912Z,Muse-2E72,AF7,1346,210.937500
2026-08-04T19:00:29.591Z,2026-08-04T19:00:34.912Z,Muse-2E72,AF7,1347,-1000.000000
2026-08-04T19:00:29.591Z,2026-08-04T19:00:34.912Z,Muse-2E72,AF7,1348,-879.882812
2026-08-04T19:00:29.591Z,2026-08-04T19:00:34.912Z,Muse-2E72,AF7,1349,563.964844
2026-08-04T19:00:29.591Z,2026-08-04T19:00:34.912Z,Muse-2E72,AF7,1350,446.289062
2026-08-04T19:00:29.591Z,2026-08-04T19:00:34.912Z,Muse-2E72,AF7,1351,-964.355469
2026-08-04T19:00:29.591Z,2026-08-04T19:00:34.912Z,Muse-2E72,AF7,1352,-1000.000000
2026-08-04T19:00:29.591Z,2026-08-04T19:00:34.912Z,Muse-2E72,AF7,1353,243.164062
2026-08-04T19:00:29.591Z,2026-08-04T19:00:34.912Z,Muse-2E72,AF7,1354,633.789062
2026-08-04T19:00:29.591Z,2026-08-04T19:00:34.912Z,Muse-2E72,AF7,1355,-771.972656
2026-08-04T19:00:29.591Z,2026-08-04T19:00:34.912Z,Muse-2E72,AF7,1356,-1000.000000
2026-08-04T19:00:29.591Z,2026-08-04T19:00:34.955Z,Muse-2E72,TP10,1357,-307.128906
2026-08-04T19:00:29.591Z,2026-08-04T19:00:34.955Z,Muse-2E72,TP10,1358,999.511719
2026-08-04T19:00:29.591Z,2026-08-04T19:00:34.955Z,Muse-2E72,TP10,1359,272.460938
2026-08-04T19:00:29.591Z,2026-08-04T19:00:34.955Z,Muse-2E72,TP10,1360,-729.980469
2026-08-04T19:00:29.591Z,2026-08-04T19:00:34.955Z,Muse-2E72,TP10,1361,-15.625000
2026-08-04T19:00:29.591Z,2026-08-04T19:00:34.955Z,Muse-2E72,TP10,1362,806.640625
2026-08-04T19:00:29.591Z,2026-08-04T19:00:34.955Z,Muse-2E72,TP10,1363,616.210938
2026-08-04T19:00:29.591Z,2026-08-04T19:00:34.955Z,Muse-2E72,TP10,1364,-734.375000
2026-08-04T19:00:29.591Z,2026-08-04T19:00:34.955Z,Muse-2E72,TP10,1365,-335.449219
2026-08-04T19:00:29.591Z,2026-08-04T19:00:34.955Z,Muse-2E72,TP10,1366,840.332031
2026-08-04T19:00:29.591Z,2026-08-04T19:00:34.955Z,Muse-2E72,TP10,1367,851.562500
2026-08-04T19:00:29.591Z,2026-08-04T19:00:34.955Z,Muse-2E72,TP10,1368,-71.289062
2026-08-04T19:00:29.591Z,2026-08-04T19:00:34.957Z,Muse-2E72,AF8,1357,169.921875
2026-08-04T19:00:29.591Z,2026-08-04T19:00:34.957Z,Muse-2E72,AF8,1358,659.667969
2026-08-04T19:00:29.591Z,2026-08-04T19:00:34.957Z,Muse-2E72,AF8,1359,-159.667969
2026-08-04T19:00:29.591Z,2026-08-04T19:00:34.957Z,Muse-2E72,AF8,1360,-309.570312
2026-08-04T19:00:29.591Z,2026-08-04T19:00:34.957Z,Muse-2E72,AF8,1361,169.921875
2026-08-04T19:00:29.591Z,2026-08-04T19:00:34.957Z,Muse-2E72,AF8,1362,742.675781
2026-08-04T19:00:29.591Z,2026-08-04T19:00:34.957Z,Muse-2E72,AF8,1363,162.109375
2026-08-04T19:00:29.591Z,2026-08-04T19:00:34.957Z,Muse-2E72,AF8,1364,72.265625
2026-08-04T19:00:29.591Z,2026-08-04T19:00:34.957Z,Muse-2E72,AF8,1365,338.867188
2026-08-04T19:00:29.591Z,2026-08-04T19:00:34.957Z,Muse-2E72,AF8,1366,348.632812
2026-08-04T19:00:29.591Z,2026-08-04T19:00:34.957Z,Muse-2E72,AF8,1367,370.605469
2026-08-04T19:00:29.591Z,2026-08-04T19:00:34.957Z,Muse-2E72,AF8,1368,-547.851562
2026-08-04T19:00:29.591Z,2026-08-04T19:00:34.958Z,Muse-2E72,TP9,1357,-432.128906
2026-08-04T19:00:29.591Z,2026-08-04T19:00:34.958Z,Muse-2E72,TP9,1358,824.707031
2026-08-04T19:00:29.591Z,2026-08-04T19:00:34.958Z,Muse-2E72,TP9,1359,485.839844
2026-08-04T19:00:29.591Z,2026-08-04T19:00:34.958Z,Muse-2E72,TP9,1360,-337.890625
2026-08-04T19:00:29.591Z,2026-08-04T19:00:34.958Z,Muse-2E72,TP9,1361,-38.574219
2026-08-04T19:00:29.591Z,2026-08-04T19:00:34.958Z,Muse-2E72,TP9,1362,369.628906
2026-08-04T19:00:29.591Z,2026-08-04T19:00:34.958Z,Muse-2E72,TP9,1363,789.550781
2026-08-04T19:00:29.591Z,2026-08-04T19:00:34.958Z,Muse-2E72,TP9,1364,-268.554688
2026-08-04T19:00:29.591Z,2026-08-04T19:00:34.958Z,Muse-2E72,TP9,1365,-383.300781
2026-08-04T19:00:29.591Z,2026-08-04T19:00:34.958Z,Muse-2E72,TP9,1366,614.257812
2026-08-04T19:00:29.591Z,2026-08-04T19:00:34.958Z,Muse-2E72,TP9,1367,878.906250
2026-08-04T19:00:29.591Z,2026-08-04T19:00:34.958Z,Muse-2E72,TP9,1368,293.945312
2026-08-04T19:00:29.591Z,2026-08-04T19:00:34.958Z,Muse-2E72,AF7,1357,-164.062500
2026-08-04T19:00:29.591Z,2026-08-04T19:00:34.958Z,Muse-2E72,AF7,1358,972.167969
2026-08-04T19:00:29.591Z,2026-08-04T19:00:34.958Z,Muse-2E72,AF7,1359,-158.203125
2026-08-04T19:00:29.591Z,2026-08-04T19:00:34.958Z,Muse-2E72,AF7,1360,-936.035156
2026-08-04T19:00:29.591Z,2026-08-04T19:00:34.958Z,Muse-2E72,AF7,1361,-426.269531
2026-08-04T19:00:29.591Z,2026-08-04T19:00:34.958Z,Muse-2E72,AF7,1362,946.777344
2026-08-04T19:00:29.591Z,2026-08-04T19:00:34.958Z,Muse-2E72,AF7,1363,103.515625
2026-08-04T19:00:29.591Z,2026-08-04T19:00:34.958Z,Muse-2E72,AF7,1364,-355.468750
2026-08-04T19:00:29.591Z,2026-08-04T19:00:34.958Z,Muse-2E72,AF7,1365,86.914062
2026-08-04T19:00:29.591Z,2026-08-04T19:00:34.958Z,Muse-2E72,AF7,1366,324.218750
2026-08-04T19:00:29.591Z,2026-08-04T19:00:34.958Z,Muse-2E72,AF7,1367,448.242188
2026-08-04T19:00:29.591Z,2026-08-04T19:00:34.958Z,Muse-2E72,AF7,1368,-909.179688
2026-08-04T19:00:29.591Z,2026-08-04T19:00:35.000Z,Muse-2E72,TP10,1369,-875.976562
2026-08-04T19:00:29.591Z,2026-08-04T19:00:35.000Z,Muse-2E72,TP10,1370,10.253906
2026-08-04T19:00:29.591Z,2026-08-04T19:00:35.000Z,Muse-2E72,TP10,1371,956.054688
2026-08-04T19:00:29.591Z,2026-08-04T19:00:35.000Z,Muse-2E72,TP10,1372,153.808594
2026-08-04T19:00:29.591Z,2026-08-04T19:00:35.000Z,Muse-2E72,TP10,1373,-815.917969
2026-08-04T19:00:29.591Z,2026-08-04T19:00:35.000Z,Muse-2E72,TP10,1374,-187.500000
2026-08-04T19:00:29.591Z,2026-08-04T19:00:35.000Z,Muse-2E72,TP10,1375,636.718750
2026-08-04T19:00:29.591Z,2026-08-04T19:00:35.000Z,Muse-2E72,TP10,1376,380.859375
2026-08-04T19:00:29.591Z,2026-08-04T19:00:35.000Z,Muse-2E72,TP10,1377,131.347656
2026-08-04T19:00:29.591Z,2026-08-04T19:00:35.000Z,Muse-2E72,TP10,1378,-216.796875
2026-08-04T19:00:29.591Z,2026-08-04T19:00:35.000Z,Muse-2E72,TP10,1379,573.242188
2026-08-04T19:00:29.591Z,2026-08-04T19:00:35.000Z,Muse-2E72,TP10,1380,835.937500
2026-08-04T19:00:29.591Z,2026-08-04T19:00:35.002Z,Muse-2E72,AF8,1369,-592.773438
2026-08-04T19:00:29.591Z,2026-08-04T19:00:35.002Z,Muse-2E72,AF8,1370,120.117188
2026-08-04T19:00:29.591Z,2026-08-04T19:00:35.002Z,Muse-2E72,AF8,1371,622.070312
2026-08-04T19:00:29.591Z,2026-08-04T19:00:35.002Z,Muse-2E72,AF8,1372,-63.476562
2026-08-04T19:00:29.591Z,2026-08-04T19:00:35.002Z,Muse-2E72,AF8,1373,-614.746094
2026-08-04T19:00:29.591Z,2026-08-04T19:00:35.002Z,Muse-2E72,AF8,1374,-22.949219
2026-08-04T19:00:29.591Z,2026-08-04T19:00:35.002Z,Muse-2E72,AF8,1375,866.699219
2026-08-04T19:00:29.591Z,2026-08-04T19:00:35.002Z,Muse-2E72,AF8,1376,447.265625
2026-08-04T19:00:29.591Z,2026-08-04T19:00:35.002Z,Muse-2E72,AF8,1377,-650.390625
2026-08-04T19:00:29.591Z,2026-08-04T19:00:35.002Z,Muse-2E72,AF8,1378,-365.234375
2026-08-04T19:00:29.591Z,2026-08-04T19:00:35.002Z,Muse-2E72,AF8,1379,656.250000
2026-08-04T19:00:29.591Z,2026-08-04T19:00:35.002Z,Muse-2E72,AF8,1380,193.847656
2026-08-04T19:00:29.591Z,2026-08-04T19:00:35.002Z,Muse-2E72,TP9,1369,-703.613281
2026-08-04T19:00:29.591Z,2026-08-04T19:00:35.002Z,Muse-2E72,TP9,1370,-185.546875
2026-08-04T19:00:29.591Z,2026-08-04T19:00:35.002Z,Muse-2E72,TP9,1371,797.363281
2026-08-04T19:00:29.591Z,2026-08-04T19:00:35.002Z,Muse-2E72,TP9,1372,502.441406
2026-08-04T19:00:29.591Z,2026-08-04T19:00:35.002Z,Muse-2E72,TP9,1373,-342.285156
2026-08-04T19:00:29.591Z,2026-08-04T19:00:35.002Z,Muse-2E72,TP9,1374,-390.136719
2026-08-04T19:00:29.591Z,2026-08-04T19:00:35.002Z,Muse-2E72,TP9,1375,320.800781
2026-08-04T19:00:29.591Z,2026-08-04T19:00:35.002Z,Muse-2E72,TP9,1376,372.558594
2026-08-04T19:00:29.591Z,2026-08-04T19:00:35.002Z,Muse-2E72,TP9,1377,352.539062
2026-08-04T19:00:29.591Z,2026-08-04T19:00:35.002Z,Muse-2E72,TP9,1378,-212.890625
2026-08-04T19:00:29.591Z,2026-08-04T19:00:35.002Z,Muse-2E72,TP9,1379,142.089844
2026-08-04T19:00:29.591Z,2026-08-04T19:00:35.002Z,Muse-2E72,TP9,1380,870.117188
2026-08-04T19:00:29.591Z,2026-08-04T19:00:35.002Z,Muse-2E72,AF7,1369,-1000.000000
2026-08-04T19:00:29.591Z,2026-08-04T19:00:35.002Z,Muse-2E72,AF7,1370,-37.597656
2026-08-04T19:00:29.591Z,2026-08-04T19:00:35.002Z,Muse-2E72,AF7,1371,745.605469
2026-08-04T19:00:29.591Z,2026-08-04T19:00:35.002Z,Muse-2E72,AF7,1372,-524.414062
2026-08-04T19:00:29.591Z,2026-08-04T19:00:35.002Z,Muse-2E72,AF7,1373,-1000.000000
2026-08-04T19:00:29.591Z,2026-08-04T19:00:35.002Z,Muse-2E72,AF7,1374,-318.847656
2026-08-04T19:00:29.591Z,2026-08-04T19:00:35.002Z,Muse-2E72,AF7,1375,999.511719
2026-08-04T19:00:29.591Z,2026-08-04T19:00:35.002Z,Muse-2E72,AF7,1376,543.945312
2026-08-04T19:00:29.591Z,2026-08-04T19:00:35.002Z,Muse-2E72,AF7,1377,-966.308594
2026-08-04T19:00:29.591Z,2026-08-04T19:00:35.002Z,Muse-2E72,AF7,1378,-845.214844
2026-08-04T19:00:29.591Z,2026-08-04T19:00:35.002Z,Muse-2E72,AF7,1379,772.460938
2026-08-04T19:00:29.591Z,2026-08-04T19:00:35.002Z,Muse-2E72,AF7,1380,251.464844
2026-08-04T19:00:29.591Z,2026-08-04T19:00:35.045Z,Muse-2E72,TP10,1381,-352.539062
2026-08-04T19:00:29.591Z,2026-08-04T19:00:35.045Z,Muse-2E72,TP10,1382,-854.003906
2026-08-04T19:00:29.591Z,2026-08-04T19:00:35.045Z,Muse-2E72,TP10,1383,-165.527344
2026-08-04T19:00:29.591Z,2026-08-04T19:00:35.045Z,Muse-2E72,TP10,1384,757.812500
2026-08-04T19:00:29.591Z,2026-08-04T19:00:35.045Z,Muse-2E72,TP10,1385,-92.773438
2026-08-04T19:00:29.591Z,2026-08-04T19:00:35.045Z,Muse-2E72,TP10,1386,-768.066406
2026-08-04T19:00:29.591Z,2026-08-04T19:00:35.045Z,Muse-2E72,TP10,1387,-584.472656
2026-08-04T19:00:29.591Z,2026-08-04T19:00:35.045Z,Muse-2E72,TP10,1388,182.128906
2026-08-04T19:00:29.591Z,2026-08-04T19:00:35.045Z,Muse-2E72,TP10,1389,439.453125
2026-08-04T19:00:29.591Z,2026-08-04T19:00:35.045Z,Muse-2E72,TP10,1390,-780.273438
2026-08-04T19:00:29.591Z,2026-08-04T19:00:35.045Z,Muse-2E72,TP10,1391,-374.023438
2026-08-04T19:00:29.591Z,2026-08-04T19:00:35.045Z,Muse-2E72,TP10,1392,910.644531
2026-08-04T19:00:29.591Z,2026-08-04T19:00:35.048Z,Muse-2E72,AF8,1381,-633.789062
2026-08-04T19:00:29.591Z,2026-08-04T19:00:35.048Z,Muse-2E72,AF8,1382,-510.742188
2026-08-04T19:00:29.591Z,2026-08-04T19:00:35.048Z,Muse-2E72,AF8,1383,462.890625
2026-08-04T19:00:29.591Z,2026-08-04T19:00:35.048Z,Muse-2E72,AF8,1384,513.671875
2026-08-04T19:00:29.591Z,2026-08-04T19:00:35.048Z,Muse-2E72,AF8,1385,-494.140625
2026-08-04T19:00:29.591Z,2026-08-04T19:00:35.048Z,Muse-2E72,AF8,1386,-606.933594
2026-08-04T19:00:29.591Z,2026-08-04T19:00:35.048Z,Muse-2E72,AF8,1387,395.019531
2026-08-04T19:00:29.591Z,2026-08-04T19:00:35.048Z,Muse-2E72,AF8,1388,530.761719
2026-08-04T19:00:29.591Z,2026-08-04T19:00:35.048Z,Muse-2E72,AF8,1389,-521.972656
2026-08-04T19:00:29.591Z,2026-08-04T19:00:35.048Z,Muse-2E72,AF8,1390,-641.113281
2026-08-04T19:00:29.591Z,2026-08-04T19:00:35.048Z,Muse-2E72,AF8,1391,5.371094
2026-08-04T19:00:29.591Z,2026-08-04T19:00:35.048Z,Muse-2E72,AF8,1392,696.777344
2026-08-04T19:00:29.591Z,2026-08-04T19:00:35.048Z,Muse-2E72,TP9,1381,10.253906
2026-08-04T19:00:29.591Z,2026-08-04T19:00:35.048Z,Muse-2E72,TP9,1382,-745.605469
2026-08-04T19:00:29.591Z,2026-08-04T19:00:35.048Z,Muse-2E72,TP9,1383,-323.730469
2026-08-04T19:00:29.591Z,2026-08-04T19:00:35.048Z,Muse-2E72,TP9,1384,784.667969
2026-08-04T19:00:29.591Z,2026-08-04T19:00:35.048Z,Muse-2E72,TP9,1385,326.171875
2026-08-04T19:00:29.591Z,2026-08-04T19:00:35.048Z,Muse-2E72,TP9,1386,-533.691406
2026-08-04T19:00:29.591Z,2026-08-04T19:00:35.048Z,Muse-2E72,TP9,1387,-720.703125
2026-08-04T19:00:29.591Z,2026-08-04T19:00:35.048Z,Muse-2E72,TP9,1388,-26.367188
2026-08-04T19:00:29.591Z,2026-08-04T19:00:35.048Z,Muse-2E72,TP9,1389,733.398438
2026-08-04T19:00:29.591Z,2026-08-04T19:00:35.048Z,Muse-2E72,TP9,1390,-273.925781
2026-08-04T19:00:29.591Z,2026-08-04T19:00:35.048Z,Muse-2E72,TP9,1391,-477.539062
2026-08-04T19:00:29.591Z,2026-08-04T19:00:35.048Z,Muse-2E72,TP9,1392,541.503906
2026-08-04T19:00:29.591Z,2026-08-04T19:00:35.048Z,Muse-2E72,AF7,1381,-1000.000000
2026-08-04T19:00:29.591Z,2026-08-04T19:00:35.048Z,Muse-2E72,AF7,1382,-1000.000000
2026-08-04T19:00:29.591Z,2026-08-04T19:00:35.048Z,Muse-2E72,AF7,1383,244.628906
2026-08-04T19:00:29.591Z,2026-08-04T19:00:35.048Z,Muse-2E72,AF7,1384,606.933594
2026-08-04T19:00:29.591Z,2026-08-04T19:00:35.048Z,Muse-2E72,AF7,1385,-876.953125
2026-08-04T19:00:29.591Z,2026-08-04T19:00:35.048Z,Muse-2E72,AF7,1386,-1000.000000
2026-08-04T19:00:29.591Z,2026-08-04T19:00:35.048Z,Muse-2E72,AF7,1387,-5.371094
2026-08-04T19:00:29.591Z,2026-08-04T19:00:35.048Z,Muse-2E72,AF7,1388,827.636719
2026-08-04T19:00:29.591Z,2026-08-04T19:00:35.048Z,Muse-2E72,AF7,1389,-527.832031
2026-08-04T19:00:29.591Z,2026-08-04T19:00:35.048Z,Muse-2E72,AF7,1390,-1000.000000
2026-08-04T19:00:29.591Z,2026-08-04T19:00:35.048Z,Muse-2E72,AF7,1391,-309.082031
2026-08-04T19:00:29.591Z,2026-08-04T19:00:35.048Z,Muse-2E72,AF7,1392,999.511719
2026-08-04T19:00:29.591Z,2026-08-04T19:00:35.091Z,Muse-2E72,TP10,1393,429.199219
2026-08-04T19:00:29.591Z,2026-08-04T19:00:35.091Z,Muse-2E72,TP10,1394,-910.156250
2026-08-04T19:00:29.591Z,2026-08-04T19:00:35.091Z,Muse-2E72,TP10,1395,-731.933594
2026-08-04T19:00:29.591Z,2026-08-04T19:00:35.091Z,Muse-2E72,TP10,1396,557.128906
2026-08-04T19:00:29.591Z,2026-08-04T19:00:35.091Z,Muse-2E72,TP10,1397,806.640625
2026-08-04T19:00:29.591Z,2026-08-04T19:00:35.091Z,Muse-2E72,TP10,1398,-554.687500
2026-08-04T19:00:29.591Z,2026-08-04T19:00:35.091Z,Muse-2E72,TP10,1399,-589.355469
2026-08-04T19:00:29.591Z,2026-08-04T19:00:35.091Z,Muse-2E72,TP10,1400,716.308594
2026-08-04T19:00:29.591Z,2026-08-04T19:00:35.091Z,Muse-2E72,TP10,1401,976.562500
2026-08-04T19:00:29.591Z,2026-08-04T19:00:35.091Z,Muse-2E72,TP10,1402,54.687500
2026-08-04T19:00:29.591Z,2026-08-04T19:00:35.091Z,Muse-2E72,TP10,1403,-872.070312
2026-08-04T19:00:29.591Z,2026-08-04T19:00:35.091Z,Muse-2E72,TP10,1404,-214.355469
2026-08-04T19:00:29.591Z,2026-08-04T19:00:35.092Z,Muse-2E72,AF8,1393,40.039062
2026-08-04T19:00:29.591Z,2026-08-04T19:00:35.092Z,Muse-2E72,AF8,1394,-655.761719
2026-08-04T19:00:29.591Z,2026-08-04T19:00:35.092Z,Muse-2E72,AF8,1395,-250.000000
2026-08-04T19:00:29.591Z,2026-08-04T19:00:35.092Z,Muse-2E72,AF8,1396,627.441406
2026-08-04T19:00:29.591Z,2026-08-04T19:00:35.092Z,Muse-2E72,AF8,1397,203.613281
2026-08-04T19:00:29.591Z,2026-08-04T19:00:35.092Z,Muse-2E72,AF8,1398,-507.324219
2026-08-04T19:00:29.591Z,2026-08-04T19:00:35.092Z,Muse-2E72,AF8,1399,-17.578125
2026-08-04T19:00:29.591Z,2026-08-04T19:00:35.092Z,Muse-2E72,AF8,1400,371.093750
2026-08-04T19:00:29.591Z,2026-08-04T19:00:35.092Z,Muse-2E72,AF8,1401,322.753906
2026-08-04T19:00:29.591Z,2026-08-04T19:00:35.092Z,Muse-2E72,AF8,1402,-372.070312
2026-08-04T19:00:29.591Z,2026-08-04T19:00:35.092Z,Muse-2E72,AF8,1403,-628.417969
2026-08-04T19:00:29.591Z,2026-08-04T19:00:35.092Z,Muse-2E72,AF8,1404,80.566406
2026-08-04T19:00:29.591Z,2026-08-04T19:00:35.106Z,Muse-2E72,TP9,1393,792.480469
2026-08-04T19:00:29.591Z,2026-08-04T19:00:35.106Z,Muse-2E72,TP9,1394,-367.187500
2026-08-04T19:00:29.591Z,2026-08-04T19:00:35.106Z,Muse-2E72,TP9,1395,-825.683594
2026-08-04T19:00:29.591Z,2026-08-04T19:00:35.106Z,Muse-2E72,TP9,1396,194.824219
2026-08-04T19:00:29.591Z,2026-08-04T19:00:35.106Z,Muse-2E72,TP9,1397,999.511719
2026-08-04T19:00:29.591Z,2026-08-04T19:00:35.106Z,Muse-2E72,TP9,1398,17.089844
2026-08-04T19:00:29.591Z,2026-08-04T19:00:35.106Z,Muse-2E72,TP9,1399,-479.492188
2026-08-04T19:00:29.591Z,2026-08-04T19:00:35.106Z,Muse-2E72,TP9,1400,619.628906
2026-08-04T19:00:29.591Z,2026-08-04T19:00:35.106Z,Muse-2E72,TP9,1401,973.144531
2026-08-04T19:00:29.591Z,2026-08-04T19:00:35.106Z,Muse-2E72,TP9,1402,376.464844
2026-08-04T19:00:29.591Z,2026-08-04T19:00:35.106Z,Muse-2E72,TP9,1403,-645.019531
2026-08-04T19:00:29.591Z,2026-08-04T19:00:35.106Z,Muse-2E72,TP9,1404,-335.937500
2026-08-04T19:00:29.591Z,2026-08-04T19:00:35.106Z,Muse-2E72,AF7,1393,158.691406
2026-08-04T19:00:29.591Z,2026-08-04T19:00:35.106Z,Muse-2E72,AF7,1394,-1000.000000
2026-08-04T19:00:29.591Z,2026-08-04T19:00:35.106Z,Muse-2E72,AF7,1395,-824.218750
2026-08-04T19:00:29.591Z,2026-08-04T19:00:35.106Z,Muse-2E72,AF7,1396,614.746094
2026-08-04T19:00:29.591Z,2026-08-04T19:00:35.106Z,Muse-2E72,AF7,1397,268.066406
2026-08-04T19:00:29.591Z,2026-08-04T19:00:35.106Z,Muse-2E72,AF7,1398,-1000.000000
2026-08-04T19:00:29.591Z,2026-08-04T19:00:35.106Z,Muse-2E72,AF7,1399,-436.035156
2026-08-04T19:00:29.591Z,2026-08-04T19:00:35.106Z,Muse-2E72,AF7,1400,478.027344
2026-08-04T19:00:29.591Z,2026-08-04T19:00:35.106Z,Muse-2E72,AF7,1401,528.808594
2026-08-04T19:00:29.591Z,2026-08-04T19:00:35.106Z,Muse-2E72,AF7,1402,-781.738281
2026-08-04T19:00:29.591Z,2026-08-04T19:00:35.106Z,Muse-2E72,AF7,1403,-1000.000000
2026-08-04T19:00:29.591Z,2026-08-04T19:00:35.106Z,Muse-2E72,AF7,1404,-125.000000
2026-08-04T19:00:29.591Z,2026-08-04T19:00:35.135Z,Muse-2E72,TP10,1405,991.210938
2026-08-04T19:00:29.591Z,2026-08-04T19:00:35.135Z,Muse-2E72,TP10,1406,231.445312
2026-08-04T19:00:29.591Z,2026-08-04T19:00:35.135Z,Muse-2E72,TP10,1407,-1000.000000
2026-08-04T19:00:29.591Z,2026-08-04T19:00:35.135Z,Muse-2E72,TP10,1408,-469.726562
2026-08-04T19:00:29.591Z,2026-08-04T19:00:35.135Z,Muse-2E72,TP10,1409,799.316406
2026-08-04T19:00:29.591Z,2026-08-04T19:00:35.135Z,Muse-2E72,TP10,1410,323.242188
2026-08-04T19:00:29.591Z,2026-08-04T19:00:35.135Z,Muse-2E72,TP10,1411,-609.863281
2026-08-04T19:00:29.591Z,2026-08-04T19:00:35.135Z,Muse-2E72,TP10,1412,-536.132812
2026-08-04T19:00:29.591Z,2026-08-04T19:00:35.135Z,Muse-2E72,TP10,1413,320.312500
2026-08-04T19:00:29.591Z,2026-08-04T19:00:35.135Z,Muse-2E72,TP10,1414,627.441406
2026-08-04T19:00:29.591Z,2026-08-04T19:00:35.135Z,Muse-2E72,TP10,1415,-84.472656
2026-08-04T19:00:29.591Z,2026-08-04T19:00:35.135Z,Muse-2E72,TP10,1416,-715.820312
2026-08-04T19:00:29.591Z,2026-08-04T19:00:35.165Z,Muse-2E72,AF8,1405,557.617188
2026-08-04T19:00:29.591Z,2026-08-04T19:00:35.165Z,Muse-2E72,AF8,1406,-122.558594
2026-08-04T19:00:29.591Z,2026-08-04T19:00:35.165Z,Muse-2E72,AF8,1407,-540.527344
2026-08-04T19:00:29.591Z,2026-08-04T19:00:35.165Z,Muse-2E72,AF8,1408,-129.882812
2026-08-04T19:00:29.591Z,2026-08-04T19:00:35.165Z,Muse-2E72,AF8,1409,551.757812
2026-08-04T19:00:29.591Z,2026-08-04T19:00:35.165Z,Muse-2E72,AF8,1410,728.515625
2026-08-04T19:00:29.591Z,2026-08-04T19:00:35.165Z,Muse-2E72,AF8,1411,-97.656250
2026-08-04T19:00:29.591Z,2026-08-04T19:00:35.165Z,Muse-2E72,AF8,1412,-463.378906
2026-08-04T19:00:29.591Z,2026-08-04T19:00:35.165Z,Muse-2E72,AF8,1413,572.753906
2026-08-04T19:00:29.591Z,2026-08-04T19:00:35.165Z,Muse-2E72,AF8,1414,576.660156
2026-08-04T19:00:29.591Z,2026-08-04T19:00:35.165Z,Muse-2E72,AF8,1415,-403.320312
2026-08-04T19:00:29.591Z,2026-08-04T19:00:35.165Z,Muse-2E72,AF8,1416,-641.601562
2026-08-04T19:00:29.591Z,2026-08-04T19:00:35.167Z,Muse-2E72,TP9,1405,896.972656
2026-08-04T19:00:29.591Z,2026-08-04T19:00:35.167Z,Muse-2E72,TP9,1406,336.425781
2026-08-04T19:00:29.591Z,2026-08-04T19:00:35.167Z,Muse-2E72,TP9,1407,-788.574219
2026-08-04T19:00:29.591Z,2026-08-04T19:00:35.167Z,Muse-2E72,TP9,1408,-597.656250
2026-08-04T19:00:29.591Z,2026-08-04T19:00:35.167Z,Muse-2E72,TP9,1409,364.257812
2026-08-04T19:00:29.591Z,2026-08-04T19:00:35.167Z,Muse-2E72,TP9,1410,347.167969
2026-08-04T19:00:29.591Z,2026-08-04T19:00:35.167Z,Muse-2E72,TP9,1411,-166.015625
2026-08-04T19:00:29.591Z,2026-08-04T19:00:35.167Z,Muse-2E72,TP9,1412,-384.277344
2026-08-04T19:00:29.591Z,2026-08-04T19:00:35.167Z,Muse-2E72,TP9,1413,48.339844
2026-08-04T19:00:29.591Z,2026-08-04T19:00:35.167Z,Muse-2E72,TP9,1414,632.812500
2026-08-04T19:00:29.591Z,2026-08-04T19:00:35.167Z,Muse-2E72,TP9,1415,289.062500
2026-08-04T19:00:29.591Z,2026-08-04T19:00:35.167Z,Muse-2E72,TP9,1416,-499.023438
2026-08-04T19:00:29.591Z,2026-08-04T19:00:35.167Z,Muse-2E72,AF7,1405,879.882812
2026-08-04T19:00:29.591Z,2026-08-04T19:00:35.167Z,Muse-2E72,AF7,1406,-346.679688
2026-08-04T19:00:29.591Z,2026-08-04T19:00:35.167Z,Muse-2E72,AF7,1407,-1000.000000
2026-08-04T19:00:29.591Z,2026-08-04T19:00:35.167Z,Muse-2E72,AF7,1408,-438.476562
2026-08-04T19:00:29.591Z,2026-08-04T19:00:35.167Z,Muse-2E72,AF7,1409,898.437500
2026-08-04T19:00:29.591Z,2026-08-04T19:00:35.167Z,Muse-2E72,AF7,1410,741.210938
2026-08-04T19:00:29.591Z,2026-08-04T19:00:35.167Z,Muse-2E72,AF7,1411,-551.269531
2026-08-04T19:00:29.591Z,2026-08-04T19:00:35.167Z,Muse-2E72,AF7,1412,-943.847656
2026-08-04T19:00:29.591Z,2026-08-04T19:00:35.167Z,Muse-2E72,AF7,1413,572.265625
2026-08-04T19:00:29.591Z,2026-08-04T19:00:35.167Z,Muse-2E72,AF7,1414,706.054688
2026-08-04T19:00:29.591Z,2026-08-04T19:00:35.167Z,Muse-2E72,AF7,1415,-783.203125
2026-08-04T19:00:29.591Z,2026-08-04T19:00:35.167Z,Muse-2E72,AF7,1416,-1000.000000
2026-08-04T19:00:29.591Z,2026-08-04T19:00:35.195Z,Muse-2E72,TP10,1417,24.414062
2026-08-04T19:00:29.591Z,2026-08-04T19:00:35.195Z,Muse-2E72,TP10,1418,987.792969
2026-08-04T19:00:29.591Z,2026-08-04T19:00:35.195Z,Muse-2E72,TP10,1419,38.574219
2026-08-04T19:00:29.591Z,2026-08-04T19:00:35.195Z,Muse-2E72,TP10,1420,-939.941406
2026-08-04T19:00:29.591Z,2026-08-04T19:00:35.195Z,Muse-2E72,TP10,1421,-313.964844
2026-08-04T19:00:29.591Z,2026-08-04T19:00:35.195Z,Muse-2E72,TP10,1422,696.289062
2026-08-04T19:00:29.591Z,2026-08-04T19:00:35.195Z,Muse-2E72,TP10,1423,448.730469
2026-08-04T19:00:29.591Z,2026-08-04T19:00:35.195Z,Muse-2E72,TP10,1424,-554.199219
2026-08-04T19:00:29.591Z,2026-08-04T19:00:35.195Z,Muse-2E72,TP10,1425,-694.824219
2026-08-04T19:00:29.591Z,2026-08-04T19:00:35.195Z,Muse-2E72,TP10,1426,350.585938
2026-08-04T19:00:29.591Z,2026-08-04T19:00:35.195Z,Muse-2E72,TP10,1427,697.753906
2026-08-04T19:00:29.591Z,2026-08-04T19:00:35.195Z,Muse-2E72,TP10,1428,-394.531250
2026-08-04T19:00:29.591Z,2026-08-04T19:00:35.197Z,Muse-2E72,AF8,1417,245.117188
2026-08-04T19:00:29.591Z,2026-08-04T19:00:35.197Z,Muse-2E72,AF8,1418,510.742188
2026-08-04T19:00:29.591Z,2026-08-04T19:00:35.197Z,Muse-2E72,AF8,1419,-349.609375
2026-08-04T19:00:29.591Z,2026-08-04T19:00:35.197Z,Muse-2E72,AF8,1420,-648.437500
2026-08-04T19:00:29.591Z,2026-08-04T19:00:35.197Z,Muse-2E72,AF8,1421,135.742188
2026-08-04T19:00:29.591Z,2026-08-04T19:00:35.197Z,Muse-2E72,AF8,1422,841.308594
2026-08-04T19:00:29.591Z,2026-08-04T19:00:35.197Z,Muse-2E72,AF8,1423,18.554688
2026-08-04T19:00:29.591Z,2026-08-04T19:00:35.197Z,Muse-2E72,AF8,1424,-659.179688
2026-08-04T19:00:29.591Z,2026-08-04T19:00:35.197Z,Muse-2E72,AF8,1425,-109.863281
2026-08-04T19:00:29.591Z,2026-08-04T19:00:35.197Z,Muse-2E72,AF8,1426,702.636719
2026-08-04T19:00:29.591Z,2026-08-04T19:00:35.197Z,Muse-2E72,AF8,1427,151.367188
2026-08-04T19:00:29.591Z,2026-08-04T19:00:35.197Z,Muse-2E72,AF8,1428,-644.042969
2026-08-04T19:00:29.591Z,2026-08-04T19:00:35.197Z,Muse-2E72,TP9,1417,-191.406250
2026-08-04T19:00:29.591Z,2026-08-04T19:00:35.197Z,Muse-2E72,TP9,1418,910.156250
2026-08-04T19:00:29.591Z,2026-08-04T19:00:35.197Z,Muse-2E72,TP9,1419,370.117188
2026-08-04T19:00:29.591Z,2026-08-04T19:00:35.197Z,Muse-2E72,TP9,1420,-727.539062
2026-08-04T19:00:29.591Z,2026-08-04T19:00:35.197Z,Muse-2E72,TP9,1421,-375.000000
2026-08-04T19:00:29.591Z,2026-08-04T19:00:35.197Z,Muse-2E72,TP9,1422,569.824219
2026-08-04T19:00:29.591Z,2026-08-04T19:00:35.197Z,Muse-2E72,TP9,1423,658.203125
2026-08-04T19:00:29.591Z,2026-08-04T19:00:35.197Z,Muse-2E72,TP9,1424,-178.710938
2026-08-04T19:00:29.591Z,2026-08-04T19:00:35.197Z,Muse-2E72,TP9,1425,-740.722656
2026-08-04T19:00:29.591Z,2026-08-04T19:00:35.197Z,Muse-2E72,TP9,1426,156.250000
2026-08-04T19:00:29.591Z,2026-08-04T19:00:35.197Z,Muse-2E72,TP9,1427,835.937500
2026-08-04T19:00:29.591Z,2026-08-04T19:00:35.197Z,Muse-2E72,TP9,1428,-55.175781
2026-08-04T19:00:29.591Z,2026-08-04T19:00:35.197Z,Muse-2E72,AF7,1417,65.917969
2026-08-04T19:00:29.591Z,2026-08-04T19:00:35.197Z,Muse-2E72,AF7,1418,669.921875
2026-08-04T19:00:29.591Z,2026-08-04T19:00:35.197Z,Muse-2E72,AF7,1419,-755.859375
2026-08-04T19:00:29.591Z,2026-08-04T19:00:35.197Z,Muse-2E72,AF7,1420,-1000.000000
2026-08-04T19:00:29.591Z,2026-08-04T19:00:35.197Z,Muse-2E72,AF7,1421,-177.734375
2026-08-04T19:00:29.591Z,2026-08-04T19:00:35.197Z,Muse-2E72,AF7,1422,993.652344
2026-08-04T19:00:29.591Z,2026-08-04T19:00:35.197Z,Muse-2E72,AF7,1423,-59.082031
2026-08-04T19:00:29.591Z,2026-08-04T19:00:35.197Z,Muse-2E72,AF7,1424,-1000.000000
2026-08-04T19:00:29.591Z,2026-08-04T19:00:35.197Z,Muse-2E72,AF7,1425,-538.085938
2026-08-04T19:00:29.591Z,2026-08-04T19:00:35.197Z,Muse-2E72,AF7,1426,961.914062
2026-08-04T19:00:29.591Z,2026-08-04T19:00:35.197Z,Muse-2E72,AF7,1427,243.652344
2026-08-04T19:00:29.591Z,2026-08-04T19:00:35.197Z,Muse-2E72,AF7,1428,-1000.000000
2026-08-04T19:00:29.591Z,2026-08-04T19:00:35.240Z,Muse-2E72,TP10,1429,-940.429688
2026-08-04T19:00:29.591Z,2026-08-04T19:00:35.240Z,Muse-2E72,TP10,1430,-71.777344
2026-08-04T19:00:29.591Z,2026-08-04T19:00:35.240Z,Muse-2E72,TP10,1431,955.078125
2026-08-04T19:00:29.591Z,2026-08-04T19:00:35.240Z,Muse-2E72,TP10,1432,-200.683594
2026-08-04T19:00:29.591Z,2026-08-04T19:00:35.240Z,Muse-2E72,TP10,1433,-658.203125
2026-08-04T19:00:29.591Z,2026-08-04T19:00:35.240Z,Muse-2E72,TP10,1434,532.714844
2026-08-04T19:00:29.591Z,2026-08-04T19:00:35.240Z,Muse-2E72,TP10,1435,997.558594
2026-08-04T19:00:29.591Z,2026-08-04T19:00:35.240Z,Muse-2E72,TP10,1436,183.105469
2026-08-04T19:00:29.591Z,2026-08-04T19:00:35.240Z,Muse-2E72,TP10,1437,-1000.000000
2026-08-04T19:00:29.591Z,2026-08-04T19:00:35.240Z,Muse-2E72,TP10,1438,-223.632812
2026-08-04T19:00:29.591Z,2026-08-04T19:00:35.240Z,Muse-2E72,TP10,1439,999.511719
2026-08-04T19:00:29.591Z,2026-08-04T19:00:35.240Z,Muse-2E72,TP10,1440,383.789062
2026-08-04T19:00:29.591Z,2026-08-04T19:00:35.242Z,Muse-2E72,AF8,1429,-299.804688
2026-08-04T19:00:29.591Z,2026-08-04T19:00:35.242Z,Muse-2E72,AF8,1430,630.859375
2026-08-04T19:00:29.591Z,2026-08-04T19:00:35.242Z,Muse-2E72,AF8,1431,300.292969
2026-08-04T19:00:29.591Z,2026-08-04T19:00:35.242Z,Muse-2E72,AF8,1432,-589.843750
2026-08-04T19:00:29.591Z,2026-08-04T19:00:35.242Z,Muse-2E72,AF8,1433,-256.347656
2026-08-04T19:00:29.591Z,2026-08-04T19:00:35.242Z,Muse-2E72,AF8,1434,515.136719
2026-08-04T19:00:29.591Z,2026-08-04T19:00:35.242Z,Muse-2E72,AF8,1435,538.085938
2026-08-04T19:00:29.591Z,2026-08-04T19:00:35.242Z,Muse-2E72,AF8,1436,-437.500000
2026-08-04T19:00:29.591Z,2026-08-04T19:00:35.242Z,Muse-2E72,AF8,1437,6.835938
2026-08-04T19:00:29.591Z,2026-08-04T19:00:35.242Z,Muse-2E72,AF8,1438,747.558594
2026-08-04T19:00:29.591Z,2026-08-04T19:00:35.242Z,Muse-2E72,AF8,1439,508.300781
2026-08-04T19:00:29.591Z,2026-08-04T19:00:35.242Z,Muse-2E72,AF8,1440,0.488281
2026-08-04T19:00:29.591Z,2026-08-04T19:00:35.242Z,Muse-2E72,TP9,1429,-840.332031
2026-08-04T19:00:29.591Z,2026-08-04T19:00:35.242Z,Muse-2E72,TP9,1430,-165.039062
2026-08-04T19:00:29.591Z,2026-08-04T19:00:35.242Z,Muse-2E72,TP9,1431,999.511719
2026-08-04T19:00:29.591Z,2026-08-04T19:00:35.242Z,Muse-2E72,TP9,1432,224.121094
2026-08-04T19:00:29.591Z,2026-08-04T19:00:35.242Z,Muse-2E72,TP9,1433,-477.539062
2026-08-04T19:00:29.591Z,2026-08-04T19:00:35.242Z,Muse-2E72,TP9,1434,427.246094
2026-08-04T19:00:29.591Z,2026-08-04T19:00:35.242Z,Muse-2E72,TP9,1435,923.339844
2026-08-04T19:00:29.591Z,2026-08-04T19:00:35.242Z,Muse-2E72,TP9,1436,422.851562
2026-08-04T19:00:29.591Z,2026-08-04T19:00:35.242Z,Muse-2E72,TP9,1437,-859.863281
2026-08-04T19:00:29.591Z,2026-08-04T19:00:35.242Z,Muse-2E72,TP9,1438,-213.867188
2026-08-04T19:00:29.591Z,2026-08-04T19:00:35.242Z,Muse-2E72,TP9,1439,975.585938
2026-08-04T19:00:29.591Z,2026-08-04T19:00:35.242Z,Muse-2E72,TP9,1440,706.054688
2026-08-04T19:00:29.591Z,2026-08-04T19:00:35.242Z,Muse-2E72,AF7,1429,-809.082031
2026-08-04T19:00:29.591Z,2026-08-04T19:00:35.242Z,Muse-2E72,AF7,1430,745.605469
2026-08-04T19:00:29.591Z,2026-08-04T19:00:35.242Z,Muse-2E72,AF7,1431,462.890625
2026-08-04T19:00:29.591Z,2026-08-04T19:00:35.242Z,Muse-2E72,AF7,1432,-979.492188
2026-08-04T19:00:29.591Z,2026-08-04T19:00:35.242Z,Muse-2E72,AF7,1433,-923.339844
2026-08-04T19:00:29.591Z,2026-08-04T19:00:35.242Z,Muse-2E72,AF7,1434,156.250000
2026-08-04T19:00:29.591Z,2026-08-04T19:00:35.242Z,Muse-2E72,AF7,1435,766.601562
2026-08-04T19:00:29.591Z,2026-08-04T19:00:35.242Z,Muse-2E72,AF7,1436,-834.960938
2026-08-04T19:00:29.591Z,2026-08-04T19:00:35.242Z,Muse-2E72,AF7,1437,-413.085938
2026-08-04T19:00:29.591Z,2026-08-04T19:00:35.242Z,Muse-2E72,AF7,1438,879.882812
2026-08-04T19:00:29.591Z,2026-08-04T19:00:35.242Z,Muse-2E72,AF7,1439,966.796875
2026-08-04T19:00:29.591Z,2026-08-04T19:00:35.242Z,Muse-2E72,AF7,1440,57.128906
2026-08-04T19:00:29.591Z,2026-08-04T19:00:35.285Z,Muse-2E72,TP10,1441,-755.371094
2026-08-04T19:00:29.591Z,2026-08-04T19:00:35.285Z,Muse-2E72,TP10,1442,-650.878906
2026-08-04T19:00:29.591Z,2026-08-04T19:00:35.285Z,Muse-2E72,TP10,1443,605.468750
2026-08-04T19:00:29.591Z,2026-08-04T19:00:35.285Z,Muse-2E72,TP10,1444,520.996094
2026-08-04T19:00:29.591Z,2026-08-04T19:00:35.285Z,Muse-2E72,TP10,1445,-544.433594
2026-08-04T19:00:29.591Z,2026-08-04T19:00:35.285Z,Muse-2E72,TP10,1446,-753.417969
2026-08-04T19:00:29.591Z,2026-08-04T19:00:35.285Z,Muse-2E72,TP10,1447,50.781250
2026-08-04T19:00:29.591Z,2026-08-04T19:00:35.285Z,Muse-2E72,TP10,1448,750.000000
2026-08-04T19:00:29.591Z,2026-08-04T19:00:35.285Z,Muse-2E72,TP10,1449,184.082031
2026-08-04T19:00:29.591Z,2026-08-04T19:00:35.285Z,Muse-2E72,TP10,1450,84.472656
2026-08-04T19:00:29.591Z,2026-08-04T19:00:35.285Z,Muse-2E72,TP10,1451,284.179688
2026-08-04T19:00:29.591Z,2026-08-04T19:00:35.285Z,Muse-2E72,TP10,1452,883.300781
2026-08-04T19:00:29.591Z,2026-08-04T19:00:35.286Z,Muse-2E72,AF8,1441,-636.230469
2026-08-04T19:00:29.591Z,2026-08-04T19:00:35.286Z,Muse-2E72,AF8,1442,-270.019531
2026-08-04T19:00:29.591Z,2026-08-04T19:00:35.286Z,Muse-2E72,AF8,1443,545.410156
2026-08-04T19:00:29.591Z,2026-08-04T19:00:35.286Z,Muse-2E72,AF8,1444,285.644531
2026-08-04T19:00:29.591Z,2026-08-04T19:00:35.286Z,Muse-2E72,AF8,1445,-354.980469
2026-08-04T19:00:29.591Z,2026-08-04T19:00:35.286Z,Muse-2E72,AF8,1446,-378.906250
2026-08-04T19:00:29.591Z,2026-08-04T19:00:35.286Z,Muse-2E72,AF8,1447,453.125000
2026-08-04T19:00:29.591Z,2026-08-04T19:00:35.286Z,Muse-2E72,AF8,1448,642.089844
2026-08-04T19:00:29.591Z,2026-08-04T19:00:35.286Z,Muse-2E72,AF8,1449,100.585938
2026-08-04T19:00:29.591Z,2026-08-04T19:00:35.286Z,Muse-2E72,AF8,1450,-570.800781
2026-08-04T19:00:29.591Z,2026-08-04T19:00:35.286Z,Muse-2E72,AF8,1451,11.718750
2026-08-04T19:00:29.591Z,2026-08-04T19:00:35.286Z,Muse-2E72,AF8,1452,737.792969
2026-08-04T19:00:29.591Z,2026-08-04T19:00:35.287Z,Muse-2E72,TP9,1441,-126.953125
2026-08-04T19:00:29.591Z,2026-08-04T19:00:35.287Z,Muse-2E72,TP9,1442,-731.933594
2026-08-04T19:00:29.591Z,2026-08-04T19:00:35.287Z,Muse-2E72,TP9,1443,150.390625
2026-08-04T19:00:29.591Z,2026-08-04T19:00:35.287Z,Muse-2E72,TP9,1444,725.585938
2026-08-04T19:00:29.591Z,2026-08-04T19:00:35.287Z,Muse-2E72,TP9,1445,100.585938
2026-08-04T19:00:29.591Z,2026-08-04T19:00:35.287Z,Muse-2E72,TP9,1446,-585.937500
2026-08-04T19:00:29.591Z,2026-08-04T19:00:35.287Z,Muse-2E72,TP9,1447,-104.003906
2026-08-04T19:00:29.591Z,2026-08-04T19:00:35.287Z,Muse-2E72,TP9,1448,721.679688
2026-08-04T19:00:29.591Z,2026-08-04T19:00:35.287Z,Muse-2E72,TP9,1449,337.402344
2026-08-04T19:00:29.591Z,2026-08-04T19:00:35.287Z,Muse-2E72,TP9,1450,280.273438
2026-08-04T19:00:29.591Z,2026-08-04T19:00:35.287Z,Muse-2E72,TP9,1451,191.406250
2026-08-04T19:00:29.591Z,2026-08-04T19:00:35.287Z,Muse-2E72,TP9,1452,738.769531
2026-08-04T19:00:29.591Z,2026-08-04T19:00:35.287Z,Muse-2E72,AF7,1441,-1000.000000
2026-08-04T19:00:29.591Z,2026-08-04T19:00:35.287Z,Muse-2E72,AF7,1442,-734.375000
2026-08-04T19:00:29.591Z,2026-08-04T19:00:35.287Z,Muse-2E72,AF7,1443,743.652344
2026-08-04T19:00:29.591Z,2026-08-04T19:00:35.287Z,Muse-2E72,AF7,1444,291.015625
2026-08-04T19:00:29.591Z,2026-08-04T19:00:35.287Z,Muse-2E72,AF7,1445,-864.257812
2026-08-04T19:00:29.591Z,2026-08-04T19:00:35.287Z,Muse-2E72,AF7,1446,-1000.000000
2026-08-04T19:00:29.591Z,2026-08-04T19:00:35.287Z,Muse-2E72,AF7,1447,167.968750
2026-08-04T19:00:29.591Z,2026-08-04T19:00:35.287Z,Muse-2E72,AF7,1448,648.437500
2026-08-04T19:00:29.591Z,2026-08-04T19:00:35.287Z,Muse-2E72,AF7,1449,-297.363281
2026-08-04T19:00:29.591Z,2026-08-04T19:00:35.287Z,Muse-2E72,AF7,1450,-978.515625
2026-08-04T19:00:29.591Z,2026-08-04T19:00:35.287Z,Muse-2E72,AF7,1451,-179.199219
2026-08-04T19:00:29.591Z,2026-08-04T19:00:35.287Z,Muse-2E72,AF7,1452,930.175781
2026-08-04T19:00:29.591Z,2026-08-04T19:00:35.330Z,Muse-2E72,TP10,1453,211.914062
2026-08-04T19:00:29.591Z,2026-08-04T19:00:35.330Z,Muse-2E72,TP10,1454,-895.996094
2026-08-04T19:00:29.591Z,2026-08-04T19:00:35.330Z,Muse-2E72,TP10,1455,-366.210938
2026-08-04T19:00:29.591Z,2026-08-04T19:00:35.330Z,Muse-2E72,TP10,1456,680.664062
2026-08-04T19:00:29.591Z,2026-08-04T19:00:35.330Z,Muse-2E72,TP10,1457,334.472656
2026-08-04T19:00:29.591Z,2026-08-04T19:00:35.330Z,Muse-2E72,TP10,1458,-670.898438
2026-08-04T19:00:29.591Z,2026-08-04T19:00:35.330Z,Muse-2E72,TP10,1459,-573.730469
2026-08-04T19:00:29.591Z,2026-08-04T19:00:35.330Z,Muse-2E72,TP10,1460,-210.449219
2026-08-04T19:00:29.591Z,2026-08-04T19:00:35.330Z,Muse-2E72,TP10,1461,257.812500
2026-08-04T19:00:29.591Z,2026-08-04T19:00:35.330Z,Muse-2E72,TP10,1462,41.503906
2026-08-04T19:00:29.591Z,2026-08-04T19:00:35.330Z,Muse-2E72,TP10,1463,-732.421875
2026-08-04T19:00:29.591Z,2026-08-04T19:00:35.330Z,Muse-2E72,TP10,1464,204.589844
2026-08-04T19:00:29.591Z,2026-08-04T19:00:35.332Z,Muse-2E72,AF8,1453,-104.003906
2026-08-04T19:00:29.591Z,2026-08-04T19:00:35.332Z,Muse-2E72,AF8,1454,-667.968750
2026-08-04T19:00:29.591Z,2026-08-04T19:00:35.332Z,Muse-2E72,AF8,1455,-70.312500
2026-08-04T19:00:29.591Z,2026-08-04T19:00:35.332Z,Muse-2E72,AF8,1456,835.937500
2026-08-04T19:00:29.591Z,2026-08-04T19:00:35.332Z,Muse-2E72,AF8,1457,167.968750
2026-08-04T19:00:29.591Z,2026-08-04T19:00:35.332Z,Muse-2E72,AF8,1458,-683.105469
2026-08-04T19:00:29.591Z,2026-08-04T19:00:35.332Z,Muse-2E72,AF8,1459,-258.300781
2026-08-04T19:00:29.591Z,2026-08-04T19:00:35.332Z,Muse-2E72,AF8,1460,812.988281
2026-08-04T19:00:29.591Z,2026-08-04T19:00:35.332Z,Muse-2E72,AF8,1461,341.796875
2026-08-04T19:00:29.591Z,2026-08-04T19:00:35.332Z,Muse-2E72,AF8,1462,-673.339844
2026-08-04T19:00:29.591Z,2026-08-04T19:00:35.332Z,Muse-2E72,AF8,1463,-547.363281
2026-08-04T19:00:29.591Z,2026-08-04T19:00:35.332Z,Muse-2E72,AF8,1464,256.347656
2026-08-04T19:00:29.591Z,2026-08-04T19:00:35.332Z,Muse-2E72,TP9,1453,430.664062
2026-08-04T19:00:29.591Z,2026-08-04T19:00:35.332Z,Muse-2E72,TP9,1454,-581.054688
2026-08-04T19:00:29.591Z,2026-08-04T19:00:35.332Z,Muse-2E72,TP9,1455,-464.355469
2026-08-04T19:00:29.591Z,2026-08-04T19:00:35.332Z,Muse-2E72,TP9,1456,388.671875
2026-08-04T19:00:29.591Z,2026-08-04T19:00:35.332Z,Muse-2E72,TP9,1457,713.378906
2026-08-04T19:00:29.591Z,2026-08-04T19:00:35.332Z,Muse-2E72,TP9,1458,-38.085938
2026-08-04T19:00:29.591Z,2026-08-04T19:00:35.332Z,Muse-2E72,TP9,1459,-610.351562
2026-08-04T19:00:29.591Z,2026-08-04T19:00:35.332Z,Muse-2E72,TP9,1460,-586.425781
2026-08-04T19:00:29.591Z,2026-08-04T19:00:35.332Z,Muse-2E72,TP9,1461,250.000000
2026-08-04T19:00:29.591Z,2026-08-04T19:00:35.332Z,Muse-2E72,TP9,1462,480.957031
2026-08-04T19:00:29.591Z,2026-08-04T19:00:35.332Z,Muse-2E72,TP9,1463,-512.207031
2026-08-04T19:00:29.591Z,2026-08-04T19:00:35.332Z,Muse-2E72,TP9,1464,-4.882812
2026-08-04T19:00:29.591Z,2026-08-04T19:00:35.332Z,Muse-2E72,AF7,1453,-408.691406
2026-08-04T19:00:29.591Z,2026-08-04T19:00:35.332Z,Muse-2E72,AF7,1454,-1000.000000
2026-08-04T19:00:29.591Z,2026-08-04T19:00:35.332Z,Muse-2E72,AF7,1455,-334.960938
2026-08-04T19:00:29.591Z,2026-08-04T19:00:35.332Z,Muse-2E72,AF7,1456,999.511719
2026-08-04T19:00:29.591Z,2026-08-04T19:00:35.332Z,Muse-2E72,AF7,1457,123.046875
2026-08-04T19:00:29.591Z,2026-08-04T19:00:35.332Z,Muse-2E72,AF7,1458,-1000.000000
2026-08-04T19:00:29.591Z,2026-08-04T19:00:35.332Z,Muse-2E72,AF7,1459,-772.460938
2026-08-04T19:00:29.591Z,2026-08-04T19:00:35.332Z,Muse-2E72,AF7,1460,710.937500
2026-08-04T19:00:29.591Z,2026-08-04T19:00:35.332Z,Muse-2E72,AF7,1461,289.550781
2026-08-04T19:00:29.591Z,2026-08-04T19:00:35.332Z,Muse-2E72,AF7,1462,-1000.000000
2026-08-04T19:00:29.591Z,2026-08-04T19:00:35.332Z,Muse-2E72,AF7,1463,-1000.000000
2026-08-04T19:00:29.591Z,2026-08-04T19:00:35.332Z,Muse-2E72,AF7,1464,135.253906
2026-08-04T19:00:29.591Z,2026-08-04T19:00:35.375Z,Muse-2E72,TP10,1465,953.613281
2026-08-04T19:00:29.591Z,2026-08-04T19:00:35.375Z,Muse-2E72,TP10,1466,-43.945312
2026-08-04T19:00:29.591Z,2026-08-04T19:00:35.375Z,Muse-2E72,TP10,1467,-954.589844
2026-08-04T19:00:29.591Z,2026-08-04T19:00:35.375Z,Muse-2E72,TP10,1468,-86.914062
2026-08-04T19:00:29.591Z,2026-08-04T19:00:35.375Z,Muse-2E72,TP10,1469,999.511719
2026-08-04T19:00:29.591Z,2026-08-04T19:00:35.375Z,Muse-2E72,TP10,1470,312.011719
2026-08-04T19:00:29.591Z,2026-08-04T19:00:35.375Z,Muse-2E72,TP10,1471,-946.289062
2026-08-04T19:00:29.591Z,2026-08-04T19:00:35.375Z,Muse-2E72,TP10,1472,-551.269531
2026-08-04T19:00:29.591Z,2026-08-04T19:00:35.375Z,Muse-2E72,TP10,1473,859.375000
2026-08-04T19:00:29.591Z,2026-08-04T19:00:35.375Z,Muse-2E72,TP10,1474,673.828125
2026-08-04T19:00:29.591Z,2026-08-04T19:00:35.375Z,Muse-2E72,TP10,1475,-528.808594
2026-08-04T19:00:29.591Z,2026-08-04T19:00:35.375Z,Muse-2E72,TP10,1476,-753.906250
2026-08-04T19:00:29.591Z,2026-08-04T19:00:35.377Z,Muse-2E72,AF8,1465,463.867188
2026-08-04T19:00:29.591Z,2026-08-04T19:00:35.377Z,Muse-2E72,AF8,1466,-452.636719
2026-08-04T19:00:29.591Z,2026-08-04T19:00:35.377Z,Muse-2E72,AF8,1467,-553.710938
2026-08-04T19:00:29.591Z,2026-08-04T19:00:35.377Z,Muse-2E72,AF8,1468,275.878906
2026-08-04T19:00:29.591Z,2026-08-04T19:00:35.377Z,Muse-2E72,AF8,1469,621.093750
2026-08-04T19:00:29.591Z,2026-08-04T19:00:35.377Z,Muse-2E72,AF8,1470,-251.953125
2026-08-04T19:00:29.591Z,2026-08-04T19:00:35.377Z,Muse-2E72,AF8,1471,-509.277344
2026-08-04T19:00:29.591Z,2026-08-04T19:00:35.377Z,Muse-2E72,AF8,1472,109.375000
2026-08-04T19:00:29.591Z,2026-08-04T19:00:35.377Z,Muse-2E72,AF8,1473,437.500000
2026-08-04T19:00:29.591Z,2026-08-04T19:00:35.377Z,Muse-2E72,AF8,1474,50.781250
2026-08-04T19:00:29.591Z,2026-08-04T19:00:35.377Z,Muse-2E72,AF8,1475,-575.195312
2026-08-04T19:00:29.591Z,2026-08-04T19:00:35.377Z,Muse-2E72,AF8,1476,-392.578125
2026-08-04T19:00:29.591Z,2026-08-04T19:00:35.377Z,Muse-2E72,TP9,1465,941.406250
2026-08-04T19:00:29.591Z,2026-08-04T19:00:35.377Z,Muse-2E72,TP9,1466,344.726562
2026-08-04T19:00:29.591Z,2026-08-04T19:00:35.377Z,Muse-2E72,TP9,1467,-754.882812
2026-08-04T19:00:29.591Z,2026-08-04T19:00:35.377Z,Muse-2E72,TP9,1468,-204.589844
2026-08-04T19:00:29.591Z,2026-08-04T19:00:35.377Z,Muse-2E72,TP9,1469,884.277344
2026-08-04T19:00:29.591Z,2026-08-04T19:00:35.377Z,Muse-2E72,TP9,1470,550.292969
2026-08-04T19:00:29.591Z,2026-08-04T19:00:35.377Z,Muse-2E72,TP9,1471,-631.347656
2026-08-04T19:00:29.591Z,2026-08-04T19:00:35.377Z,Muse-2E72,TP9,1472,-482.421875
2026-08-04T19:00:29.591Z,2026-08-04T19:00:35.377Z,Muse-2E72,TP9,1473,780.273438
2026-08-04T19:00:29.591Z,2026-08-04T19:00:35.377Z,Muse-2E72,TP9,1474,826.660156
2026-08-04T19:00:29.591Z,2026-08-04T19:00:35.377Z,Muse-2E72,TP9,1475,-68.359375
2026-08-04T19:00:29.591Z,2026-08-04T19:00:35.377Z,Muse-2E72,TP9,1476,-736.328125
2026-08-04T19:00:29.591Z,2026-08-04T19:00:35.377Z,Muse-2E72,AF7,1465,637.695312
2026-08-04T19:00:29.591Z,2026-08-04T19:00:35.377Z,Muse-2E72,AF7,1466,-848.144531
2026-08-04T19:00:29.591Z,2026-08-04T19:00:35.377Z,Muse-2E72,AF7,1467,-1000.000000
2026-08-04T19:00:29.591Z,2026-08-04T19:00:35.377Z,Muse-2E72,AF7,1468,59.082031
2026-08-04T19:00:29.591Z,2026-08-04T19:00:35.377Z,Muse-2E72,AF7,1469,914.550781
2026-08-04T19:00:29.591Z,2026-08-04T19:00:35.377Z,Muse-2E72,AF7,1470,-470.214844
2026-08-04T19:00:29.591Z,2026-08-04T19:00:35.377Z,Muse-2E72,AF7,1471,-1000.000000
2026-08-04T19:00:29.591Z,2026-08-04T19:00:35.377Z,Muse-2E72,AF7,1472,-97.167969
2026-08-04T19:00:29.591Z,2026-08-04T19:00:35.377Z,Muse-2E72,AF7,1473,971.191406
2026-08-04T19:00:29.591Z,2026-08-04T19:00:35.377Z,Muse-2E72,AF7,1474,159.179688
2026-08-04T19:00:29.591Z,2026-08-04T19:00:35.377Z,Muse-2E72,AF7,1475,-1000.000000
2026-08-04T19:00:29.591Z,2026-08-04T19:00:35.377Z,Muse-2E72,AF7,1476,-944.335938
2026-08-04T19:00:29.591Z,2026-08-04T19:00:35.420Z,Muse-2E72,TP10,1477,311.035156
2026-08-04T19:00:29.591Z,2026-08-04T19:00:35.420Z,Muse-2E72,TP10,1478,824.707031
2026-08-04T19:00:29.591Z,2026-08-04T19:00:35.420Z,Muse-2E72,TP10,1479,-389.648438
2026-08-04T19:00:29.591Z,2026-08-04T19:00:35.420Z,Muse-2E72,TP10,1480,-853.515625
2026-08-04T19:00:29.591Z,2026-08-04T19:00:35.420Z,Muse-2E72,TP10,1481,92.285156
2026-08-04T19:00:29.591Z,2026-08-04T19:00:35.420Z,Muse-2E72,TP10,1482,999.511719
2026-08-04T19:00:29.591Z,2026-08-04T19:00:35.420Z,Muse-2E72,TP10,1483,-171.386719
2026-08-04T19:00:29.591Z,2026-08-04T19:00:35.420Z,Muse-2E72,TP10,1484,-441.894531
2026-08-04T19:00:29.591Z,2026-08-04T19:00:35.420Z,Muse-2E72,TP10,1485,734.863281
2026-08-04T19:00:29.591Z,2026-08-04T19:00:35.420Z,Muse-2E72,TP10,1486,898.437500
2026-08-04T19:00:29.591Z,2026-08-04T19:00:35.420Z,Muse-2E72,TP10,1487,303.222656
2026-08-04T19:00:29.591Z,2026-08-04T19:00:35.420Z,Muse-2E72,TP10,1488,-810.546875
2026-08-04T19:00:29.591Z,2026-08-04T19:00:35.422Z,Muse-2E72,AF8,1477,461.425781
2026-08-04T19:00:29.591Z,2026-08-04T19:00:35.422Z,Muse-2E72,AF8,1478,194.335938
2026-08-04T19:00:29.591Z,2026-08-04T19:00:35.422Z,Muse-2E72,AF8,1479,-350.097656
2026-08-04T19:00:29.591Z,2026-08-04T19:00:35.422Z,Muse-2E72,AF8,1480,-306.640625
2026-08-04T19:00:29.591Z,2026-08-04T19:00:35.422Z,Muse-2E72,AF8,1481,146.972656
2026-08-04T19:00:29.591Z,2026-08-04T19:00:35.422Z,Muse-2E72,AF8,1482,422.363281
2026-08-04T19:00:29.591Z,2026-08-04T19:00:35.422Z,Muse-2E72,AF8,1483,401.855469
2026-08-04T19:00:29.591Z,2026-08-04T19:00:35.422Z,Muse-2E72,AF8,1484,226.562500
2026-08-04T19:00:29.591Z,2026-08-04T19:00:35.422Z,Muse-2E72,AF8,1485,37.109375
2026-08-04T19:00:29.591Z,2026-08-04T19:00:35.422Z,Muse-2E72,AF8,1486,741.699219
2026-08-04T19:00:29.591Z,2026-08-04T19:00:35.422Z,Muse-2E72,AF8,1487,-38.574219
2026-08-04T19:00:29.591Z,2026-08-04T19:00:35.422Z,Muse-2E72,AF8,1488,-687.500000
2026-08-04T19:00:29.591Z,2026-08-04T19:00:35.422Z,Muse-2E72,TP9,1477,39.550781
2026-08-04T19:00:29.591Z,2026-08-04T19:00:35.422Z,Muse-2E72,TP9,1478,881.835938
2026-08-04T19:00:29.591Z,2026-08-04T19:00:35.422Z,Muse-2E72,TP9,1479,-33.691406
2026-08-04T19:00:29.591Z,2026-08-04T19:00:35.422Z,Muse-2E72,TP9,1480,-665.527344
2026-08-04T19:00:29.591Z,2026-08-04T19:00:35.422Z,Muse-2E72,TP9,1481,-75.683594
2026-08-04T19:00:29.591Z,2026-08-04T19:00:35.422Z,Muse-2E72,TP9,1482,946.289062
2026-08-04T19:00:29.591Z,2026-08-04T19:00:35.422Z,Muse-2E72,TP9,1483,-65.917969
2026-08-04T19:00:29.591Z,2026-08-04T19:00:35.422Z,Muse-2E72,TP9,1484,-437.500000
2026-08-04T19:00:29.591Z,2026-08-04T19:00:35.422Z,Muse-2E72,TP9,1485,550.292969
2026-08-04T19:00:29.591Z,2026-08-04T19:00:35.422Z,Muse-2E72,TP9,1486,712.402344
2026-08-04T19:00:29.591Z,2026-08-04T19:00:35.422Z,Muse-2E72,TP9,1487,552.734375
2026-08-04T19:00:29.591Z,2026-08-04T19:00:35.422Z,Muse-2E72,TP9,1488,-354.980469
2026-08-04T19:00:29.591Z,2026-08-04T19:00:35.422Z,Muse-2E72,AF7,1477,496.093750
2026-08-04T19:00:29.591Z,2026-08-04T19:00:35.422Z,Muse-2E72,AF7,1478,343.750000
2026-08-04T19:00:29.591Z,2026-08-04T19:00:35.422Z,Muse-2E72,AF7,1479,-854.980469
2026-08-04T19:00:29.591Z,2026-08-04T19:00:35.422Z,Muse-2E72,AF7,1480,-1000.000000
2026-08-04T19:00:29.591Z,2026-08-04T19:00:35.422Z,Muse-2E72,AF7,1481,63.964844
2026-08-04T19:00:29.591Z,2026-08-04T19:00:35.422Z,Muse-2E72,AF7,1482,540.527344
2026-08-04T19:00:29.591Z,2026-08-04T19:00:35.422Z,Muse-2E72,AF7,1483,-20.019531
2026-08-04T19:00:29.591Z,2026-08-04T19:00:35.422Z,Muse-2E72,AF7,1484,-36.621094
2026-08-04T19:00:29.591Z,2026-08-04T19:00:35.422Z,Muse-2E72,AF7,1485,-132.324219
2026-08-04T19:00:29.591Z,2026-08-04T19:00:35.422Z,Muse-2E72,AF7,1486,919.921875
2026-08-04T19:00:29.591Z,2026-08-04T19:00:35.422Z,Muse-2E72,AF7,1487,-160.644531
2026-08-04T19:00:29.591Z,2026-08-04T19:00:35.422Z,Muse-2E72,AF7,1488,-1000.000000
2026-08-04T19:00:29.591Z,2026-08-04T19:00:35.465Z,Muse-2E72,TP10,1489,-507.324219
2026-08-04T19:00:29.591Z,2026-08-04T19:00:35.465Z,Muse-2E72,TP10,1490,732.910156
2026-08-04T19:00:29.591Z,2026-08-04T19:00:35.465Z,Muse-2E72,TP10,1491,616.699219
2026-08-04T19:00:29.591Z,2026-08-04T19:00:35.465Z,Muse-2E72,TP10,1492,-590.820312
2026-08-04T19:00:29.591Z,2026-08-04T19:00:35.465Z,Muse-2E72,TP10,1493,-687.500000
2026-08-04T19:00:29.591Z,2026-08-04T19:00:35.465Z,Muse-2E72,TP10,1494,175.292969
2026-08-04T19:00:29.591Z,2026-08-04T19:00:35.465Z,Muse-2E72,TP10,1495,371.093750
2026-08-04T19:00:29.591Z,2026-08-04T19:00:35.465Z,Muse-2E72,TP10,1496,276.367188
2026-08-04T19:00:29.591Z,2026-08-04T19:00:35.465Z,Muse-2E72,TP10,1497,-344.726562
2026-08-04T19:00:29.591Z,2026-08-04T19:00:35.465Z,Muse-2E72,TP10,1498,-5.371094
2026-08-04T19:00:29.591Z,2026-08-04T19:00:35.465Z,Muse-2E72,TP10,1499,999.511719
2026-08-04T19:00:29.591Z,2026-08-04T19:00:35.465Z,Muse-2E72,TP10,1500,190.917969
2026-08-04T19:00:29.591Z,2026-08-04T19:00:35.467Z,Muse-2E72,AF8,1489,-284.179688
2026-08-04T19:00:29.591Z,2026-08-04T19:00:35.467Z,Muse-2E72,AF8,1490,601.562500
2026-08-04T19:00:29.591Z,2026-08-04T19:00:35.467Z,Muse-2E72,AF8,1491,243.652344
2026-08-04T19:00:29.591Z,2026-08-04T19:00:35.467Z,Muse-2E72,AF8,1492,-606.933594
2026-08-04T19:00:29.591Z,2026-08-04T19:00:35.467Z,Muse-2E72,AF8,1493,-544.921875
2026-08-04T19:00:29.591Z,2026-08-04T19:00:35.467Z,Muse-2E72,AF8,1494,492.187500
2026-08-04T19:00:29.591Z,2026-08-04T19:00:35.467Z,Muse-2E72,AF8,1495,679.687500
2026-08-04T19:00:29.591Z,2026-08-04T19:00:35.467Z,Muse-2E72,AF8,1496,-598.632812
2026-08-04T19:00:29.591Z,2026-08-04T19:00:35.467Z,Muse-2E72,AF8,1497,-726.562500
2026-08-04T19:00:29.591Z,2026-08-04T19:00:35.467Z,Muse-2E72,AF8,1498,190.917969
2026-08-04T19:00:29.591Z,2026-08-04T19:00:35.467Z,Muse-2E72,AF8,1499,479.980469
2026-08-04T19:00:29.591Z,2026-08-04T19:00:35.467Z,Muse-2E72,AF8,1500,-389.648438
2026-08-04T19:00:29.591Z,2026-08-04T19:00:35.467Z,Muse-2E72,TP9,1489,-609.863281
2026-08-04T19:00:29.591Z,2026-08-04T19:00:35.467Z,Muse-2E72,TP9,1490,294.921875
2026-08-04T19:00:29.591Z,2026-08-04T19:00:35.467Z,Muse-2E72,TP9,1491,766.601562
2026-08-04T19:00:29.591Z,2026-08-04T19:00:35.467Z,Muse-2E72,TP9,1492,-145.507812
2026-08-04T19:00:29.591Z,2026-08-04T19:00:35.467Z,Muse-2E72,TP9,1493,-649.902344
2026-08-04T19:00:29.591Z,2026-08-04T19:00:35.467Z,Muse-2E72,TP9,1494,13.671875
2026-08-04T19:00:29.591Z,2026-08-04T19:00:35.467Z,Muse-2E72,TP9,1495,320.800781
2026-08-04T19:00:29.591Z,2026-08-04T19:00:35.467Z,Muse-2E72,TP9,1496,532.226562
2026-08-04T19:00:29.591Z,2026-08-04T19:00:35.467Z,Muse-2E72,TP9,1497,-0.488281
2026-08-04T19:00:29.591Z,2026-08-04T19:00:35.467Z,Muse-2E72,TP9,1498,-136.718750
2026-08-04T19:00:29.591Z,2026-08-04T19:00:35.467Z,Muse-2E72,TP9,1499,860.839844
2026-08-04T19:00:29.591Z,2026-08-04T19:00:35.467Z,Muse-2E72,TP9,1500,462.890625
2026-08-04T19:00:29.591Z,2026-08-04T19:00:35.482Z,Muse-2E72,AF7,1489,-611.328125
2026-08-04T19:00:29.591Z,2026-08-04T19:00:35.482Z,Muse-2E72,AF7,1490,894.531250
2026-08-04T19:00:29.591Z,2026-08-04T19:00:35.482Z,Muse-2E72,AF7,1491,285.644531
2026-08-04T19:00:29.591Z,2026-08-04T19:00:35.482Z,Muse-2E72,AF7,1492,-1000.000000
2026-08-04T19:00:29.591Z,2026-08-04T19:00:35.482Z,Muse-2E72,AF7,1493,-1000.000000
2026-08-04T19:00:29.591Z,2026-08-04T19:00:35.482Z,Muse-2E72,AF7,1494,330.078125
2026-08-04T19:00:29.591Z,2026-08-04T19:00:35.482Z,Muse-2E72,AF7,1495,751.464844
2026-08-04T19:00:29.591Z,2026-08-04T19:00:35.482Z,Muse-2E72,AF7,1496,-732.421875
2026-08-04T19:00:29.591Z,2026-08-04T19:00:35.482Z,Muse-2E72,AF7,1497,-1000.000000
2026-08-04T19:00:29.591Z,2026-08-04T19:00:35.482Z,Muse-2E72,AF7,1498,4.394531
2026-08-04T19:00:29.591Z,2026-08-04T19:00:35.482Z,Muse-2E72,AF7,1499,698.730469
2026-08-04T19:00:29.591Z,2026-08-04T19:00:35.482Z,Muse-2E72,AF7,1500,-666.503906
2026-08-04T19:00:29.591Z,2026-08-04T19:00:35.509Z,Muse-2E72,TP10,1501,-933.105469
2026-08-04T19:00:29.591Z,2026-08-04T19:00:35.509Z,Muse-2E72,TP10,1502,-314.453125
2026-08-04T19:00:29.591Z,2026-08-04T19:00:35.509Z,Muse-2E72,TP10,1503,926.757812
2026-08-04T19:00:29.591Z,2026-08-04T19:00:35.509Z,Muse-2E72,TP10,1504,335.937500
2026-08-04T19:00:29.591Z,2026-08-04T19:00:35.509Z,Muse-2E72,TP10,1505,-822.265625
2026-08-04T19:00:29.591Z,2026-08-04T19:00:35.509Z,Muse-2E72,TP10,1506,-1000.000000
2026-08-04T19:00:29.591Z,2026-08-04T19:00:35.509Z,Muse-2E72,TP10,1507,-65.429688
2026-08-04T19:00:29.591Z,2026-08-04T19:00:35.509Z,Muse-2E72,TP10,1508,912.597656
2026-08-04T19:00:29.591Z,2026-08-04T19:00:35.509Z,Muse-2E72,TP10,1509,-334.472656
2026-08-04T19:00:29.591Z,2026-08-04T19:00:35.509Z,Muse-2E72,TP10,1510,-623.535156
2026-08-04T19:00:29.591Z,2026-08-04T19:00:35.509Z,Muse-2E72,TP10,1511,569.824219
2026-08-04T19:00:29.591Z,2026-08-04T19:00:35.509Z,Muse-2E72,TP10,1512,892.578125
2026-08-04T19:00:29.591Z,2026-08-04T19:00:35.527Z,Muse-2E72,AF8,1501,-720.703125
2026-08-04T19:00:29.591Z,2026-08-04T19:00:35.527Z,Muse-2E72,AF8,1502,-41.503906
2026-08-04T19:00:29.591Z,2026-08-04T19:00:35.527Z,Muse-2E72,AF8,1503,650.878906
2026-08-04T19:00:29.591Z,2026-08-04T19:00:35.527Z,Muse-2E72,AF8,1504,-60.546875
2026-08-04T19:00:29.591Z,2026-08-04T19:00:35.527Z,Muse-2E72,AF8,1505,-770.019531
2026-08-04T19:00:29.591Z,2026-08-04T19:00:35.527Z,Muse-2E72,AF8,1506,11.230469
2026-08-04T19:00:29.591Z,2026-08-04T19:00:35.527Z,Muse-2E72,AF8,1507,853.027344
2026-08-04T19:00:29.591Z,2026-08-04T19:00:35.527Z,Muse-2E72,AF8,1508,36.132812
2026-08-04T19:00:29.591Z,2026-08-04T19:00:35.527Z,Muse-2E72,AF8,1509,-654.296875
2026-08-04T19:00:29.591Z,2026-08-04T19:00:35.527Z,Muse-2E72,AF8,1510,-318.847656
2026-08-04T19:00:29.591Z,2026-08-04T19:00:35.527Z,Muse-2E72,AF8,1511,417.968750
2026-08-04T19:00:29.591Z,2026-08-04T19:00:35.527Z,Muse-2E72,AF8,1512,320.312500
2026-08-04T19:00:29.591Z,2026-08-04T19:00:35.527Z,Muse-2E72,TP9,1501,-598.632812
2026-08-04T19:00:29.591Z,2026-08-04T19:00:35.527Z,Muse-2E72,TP9,1502,-389.160156
2026-08-04T19:00:29.591Z,2026-08-04T19:00:35.527Z,Muse-2E72,TP9,1503,740.234375
2026-08-04T19:00:29.591Z,2026-08-04T19:00:35.527Z,Muse-2E72,TP9,1504,592.773438
2026-08-04T19:00:29.591Z,2026-08-04T19:00:35.527Z,Muse-2E72,TP9,1505,-481.445312
2026-08-04T19:00:29.591Z,2026-08-04T19:00:35.527Z,Muse-2E72,TP9,1506,-1000.000000
2026-08-04T19:00:29.591Z,2026-08-04T19:00:35.527Z,Muse-2E72,TP9,1507,-137.207031
2026-08-04T19:00:29.591Z,2026-08-04T19:00:35.527Z,Muse-2E72,TP9,1508,958.496094
2026-08-04T19:00:29.591Z,2026-08-04T19:00:35.527Z,Muse-2E72,TP9,1509,0.488281
2026-08-04T19:00:29.591Z,2026-08-04T19:00:35.527Z,Muse-2E72,TP9,1510,-493.652344
2026-08-04T19:00:29.591Z,2026-08-04T19:00:35.527Z,Muse-2E72,TP9,1511,345.703125
2026-08-04T19:00:29.591Z,2026-08-04T19:00:35.527Z,Muse-2E72,TP9,1512,930.175781
2026-08-04T19:00:29.591Z,2026-08-04T19:00:35.527Z,Muse-2E72,AF7,1501,-1000.000000
2026-08-04T19:00:29.591Z,2026-08-04T19:00:35.527Z,Muse-2E72,AF7,1502,-283.203125
2026-08-04T19:00:29.591Z,2026-08-04T19:00:35.527Z,Muse-2E72,AF7,1503,999.511719
2026-08-04T19:00:29.591Z,2026-08-04T19:00:35.527Z,Muse-2E72,AF7,1504,115.234375
2026-08-04T19:00:29.591Z,2026-08-04T19:00:35.527Z,Muse-2E72,AF7,1505,-1000.000000
2026-08-04T19:00:29.591Z,2026-08-04T19:00:35.527Z,Muse-2E72,AF7,1506,-354.003906
2026-08-04T19:00:29.591Z,2026-08-04T19:00:35.527Z,Muse-2E72,AF7,1507,999.511719
2026-08-04T19:00:29.591Z,2026-08-04T19:00:35.527Z,Muse-2E72,AF7,1508,174.804688
2026-08-04T19:00:29.591Z,2026-08-04T19:00:35.527Z,Muse-2E72,AF7,1509,-1000.000000
2026-08-04T19:00:29.591Z,2026-08-04T19:00:35.527Z,Muse-2E72,AF7,1510,-757.324219
2026-08-04T19:00:29.591Z,2026-08-04T19:00:35.527Z,Muse-2E72,AF7,1511,447.265625
2026-08-04T19:00:29.591Z,2026-08-04T19:00:35.527Z,Muse-2E72,AF7,1512,533.203125
